transaction_id,amount,location,method,device_id,timestamp,is_fraud,location_enc,method_enc,fraud_pred
1,718.1,UK,Debit Card,9509,2025-09-16 20:23:02.131786,0,5,2,0
2,448.34,India,UPI,9082,2025-09-30 20:23:02.131786,0,1,3,0
3,414.69,Japan,Credit Card,3548,2025-10-04 18:20:02.131786,0,2,0,0
4,414.69,UK,Debit Card,9524,2025-10-15 08:33:02.131786,0,5,2,0
5,1394.91,UK,Wire,2176,2025-09-27 08:59:02.131786,0,5,4,0
6,860.01,USA,Debit Card,7099,2025-09-25 23:01:02.131786,0,6,2,0
7,339.32,India,Crypto,3600,2025-09-17 22:09:02.131786,0,1,1,0
8,740.94,UK,Credit Card,4094,2025-09-21 09:41:02.131786,0,5,0,0
9,599.69,Japan,Crypto,3263,2025-10-05 11:16:02.131786,0,2,1,0
10,64.77,Japan,UPI,2066,2025-09-22 00:36:02.131786,0,2,3,0
11,201.37,Germany,Wire,6744,2025-09-21 10:25:02.131786,0,0,4,0
12,631.85,Japan,Credit Card,3790,2025-09-19 07:50:02.131786,0,2,0,0
13,1309.55,UK,Wire,8079,2025-09-23 00:25:02.131786,0,5,4,0
14,417.56,UK,Credit Card,2673,2025-10-03 08:18:02.131786,0,5,0,0
15,317.41,Japan,Crypto,3363,2025-10-10 07:00:02.131786,0,2,1,0
16,544.2,USA,UPI,4723,2025-09-08 19:34:02.131786,0,6,3,0
17,301.59,India,Debit Card,4501,2025-09-20 00:58:02.131786,0,1,2,0
18,395.32,UK,Wire,3814,2025-09-27 01:49:02.131786,0,5,4,0
19,494.79,Japan,Credit Card,7642,2025-09-26 14:44:02.131786,0,2,0,0
20,192.04,Japan,Credit Card,1348,2025-09-18 17:28:02.131786,0,2,0,0
21,891.02,UK,Wire,3122,2025-09-09 13:40:02.131786,0,5,4,0
22,160.55,Germany,Debit Card,5133,2025-09-10 22:05:02.131786,0,0,2,0
23,141.84,India,UPI,1211,2025-09-26 02:51:02.131786,0,1,3,0
24,580.19,UK,Credit Card,4529,2025-09-11 03:23:02.131786,0,5,0,0
25,844.01,Japan,Credit Card,8737,2025-10-18 09:33:02.131786,0,2,0,0
26,569.35,Germany,Wire,7349,2025-10-12 06:10:02.131786,0,0,4,0
27,456.53,UK,Wire,5100,2025-10-03 21:54:02.131786,0,5,4,0
28,392.21,India,Credit Card,1147,2025-09-29 13:06:02.131786,0,1,0,0
29,341.97,Germany,Credit Card,2709,2025-09-11 18:59:02.131786,0,0,0,0
30,1031.34,Japan,Credit Card,4022,2025-09-28 14:58:02.131786,0,2,0,0
31,636.31,USA,Crypto,4990,2025-09-07 22:30:02.131786,0,6,1,0
32,365.2,India,Credit Card,8854,2025-10-05 02:17:02.131786,0,1,0,0
33,280.98,Germany,UPI,4836,2025-09-18 02:39:02.131786,0,0,3,0
34,776.29,UK,UPI,9183,2025-09-16 04:41:02.131786,0,5,3,0
35,1015.03,UK,Debit Card,5523,2025-10-05 20:04:02.131786,0,5,2,0
36,954.36,Germany,Wire,1368,2025-10-04 03:24:02.131786,0,0,4,0
37,240.31,UK,Debit Card,8144,2025-09-11 06:43:02.131786,0,5,2,0
38,389.55,Germany,Credit Card,2470,2025-09-08 03:38:02.131786,0,0,0,0
39,336.43,India,Wire,3597,2025-10-12 03:39:02.131786,0,1,4,0
40,431.49,Russia,Credit Card,9990,2025-09-21 13:28:02.131786,1,4,0,0
41,885.33,India,Wire,2894,2025-09-22 14:19:02.131786,0,1,4,0
42,1230.68,Japan,Crypto,3524,2025-09-24 06:43:02.131786,0,2,1,0
43,653.55,Japan,Crypto,2088,2025-09-28 01:25:02.131786,0,2,1,0
44,289.45,Japan,Crypto,6705,2025-09-16 17:36:02.131786,0,2,1,0
45,486.25,Japan,Debit Card,2326,2025-09-15 14:52:02.131786,0,2,2,0
46,1383.76,UK,Wire,8484,2025-09-08 10:10:02.131786,0,5,4,0
47,534.48,Germany,Debit Card,5269,2025-09-18 08:27:02.131786,0,0,2,0
48,392.91,UK,Wire,8582,2025-09-14 05:38:02.131786,0,5,4,0
49,419.66,UK,Credit Card,4356,2025-09-09 10:46:02.131786,0,5,0,0
50,651.45,India,Crypto,7216,2025-09-22 20:44:02.131786,0,1,1,0
51,247.69,Germany,Crypto,2102,2025-10-14 02:29:02.131786,0,0,1,0
52,329.76,USA,Wire,2067,2025-09-26 19:35:02.131786,0,6,4,0
53,944.93,USA,Debit Card,1744,2025-09-29 16:52:02.131786,0,6,2,0
54,638.44,Germany,Debit Card,4074,2025-09-30 02:51:02.131786,0,0,2,0
55,538.55,USA,UPI,3490,2025-09-15 11:48:02.131786,0,6,3,0
56,976.8,Germany,Crypto,8544,2025-10-05 20:02:02.131786,0,0,1,0
57,274.41,India,Crypto,4764,2025-09-10 00:40:02.131786,0,1,1,0
58,383.53,India,Debit Card,7021,2025-09-23 21:46:02.131786,0,1,2,0
59,623.68,UK,Crypto,3862,2025-09-07 23:03:02.131786,0,5,1,0
60,608.07,USA,Debit Card,6955,2025-10-04 12:35:02.131786,0,6,2,0
61,127.75,Germany,UPI,7868,2025-09-20 03:10:02.131786,0,0,3,0
62,354.14,India,Wire,3560,2025-10-17 09:51:02.131786,0,1,4,0
63,440.1,UK,Wire,5791,2025-09-14 03:33:02.131786,0,5,4,0
64,673.38,USA,UPI,4834,2025-10-06 22:52:02.131786,0,6,3,0
65,606.53,USA,Crypto,3774,2025-09-10 20:48:02.131786,0,6,1,0
66,471.72,USA,Credit Card,9268,2025-09-10 04:08:02.131786,0,6,0,0
67,64.23,India,Crypto,4114,2025-09-24 01:55:02.131786,0,1,1,0
68,489.8,India,Debit Card,6704,2025-09-17 08:50:02.131786,0,1,2,0
69,523.69,USA,Credit Card,2012,2025-09-22 02:39:02.131786,0,6,0,0
70,2189.4,Nigeria,UPI,9992,2025-09-20 09:48:02.131786,1,3,3,1
71,429.14,USA,Wire,5357,2025-09-07 15:04:02.131786,0,6,4,0
72,626.12,Japan,Wire,4556,2025-10-02 14:24:02.131786,0,2,4,0
73,1086.06,India,Crypto,3325,2025-09-18 03:57:02.131786,0,1,1,0
74,851.42,Germany,Wire,7957,2025-09-26 11:39:02.131786,0,0,4,0
75,1263.84,India,Crypto,4988,2025-09-30 06:59:02.131786,0,1,1,0
76,129.87,USA,Debit Card,3354,2025-09-20 12:29:02.131786,0,6,2,0
77,206.12,Germany,Debit Card,7693,2025-09-07 19:45:02.131786,0,0,2,0
78,311.18,UK,UPI,3394,2025-10-16 18:59:02.131786,0,5,3,0
79,107.8,Germany,Debit Card,6542,2025-10-06 02:01:02.131786,0,0,2,0
80,527.03,Germany,Crypto,5521,2025-10-06 23:45:02.131786,0,0,1,0
81,221.75,India,Wire,1041,2025-09-28 12:18:02.131786,0,1,4,0
82,1372.56,Germany,Debit Card,2848,2025-09-28 11:06:02.131786,0,0,2,0
83,253.86,Germany,Debit Card,5191,2025-10-07 20:44:02.131786,0,0,2,0
84,385.35,USA,Crypto,8430,2025-09-14 19:59:02.131786,0,6,1,0
85,885.89,India,Debit Card,3866,2025-10-13 11:14:02.131786,0,1,2,0
86,158.74,USA,Wire,7893,2025-09-08 07:57:02.131786,0,6,4,0
87,100.07,India,Wire,9396,2025-10-10 01:15:02.131786,0,1,4,0
88,574.97,UK,Wire,4334,2025-09-15 01:51:02.131786,0,5,4,0
89,607.56,Germany,Wire,4659,2025-10-18 12:26:02.131786,0,0,4,0
90,868.04,India,Credit Card,8079,2025-09-13 01:36:02.131786,0,1,0,0
91,730.61,Germany,Wire,1654,2025-10-06 02:38:02.131786,0,0,4,0
92,624.07,Germany,Credit Card,3362,2025-09-30 16:57:02.131786,0,0,0,0
93,280.16,Japan,Wire,9075,2025-10-02 11:50:02.131786,0,2,4,0
94,5512.695692965043,USA,Wire,9994,2025-10-16 01:27:02.131786,1,6,4,1
95,622.31,India,Crypto,6452,2025-09-09 23:41:02.131786,0,1,1,0
96,271.23,UK,Wire,5839,2025-10-15 15:01:02.131786,0,5,4,0
97,1626.62,Japan,Debit Card,8593,2025-09-12 11:18:02.131786,0,2,2,0
98,706.88,USA,Wire,1284,2025-09-28 10:11:02.131786,0,6,4,0
99,209.54,UK,UPI,1511,2025-09-19 08:50:02.131786,0,5,3,0
100,870.98,UK,Crypto,5124,2025-09-26 18:16:02.131786,0,5,1,0
101,973.62,Germany,Crypto,4078,2025-10-16 16:12:02.131786,0,0,1,0
102,677.51,USA,Wire,5637,2025-10-13 00:55:02.131786,0,6,4,0
103,410.86,Japan,UPI,9406,2025-10-08 00:56:02.131786,0,2,3,0
104,261.21,India,Wire,6119,2025-09-13 11:22:02.131786,0,1,4,0
105,470.73,India,Debit Card,4331,2025-09-18 14:42:02.131786,0,1,2,0
106,644.11,Japan,Crypto,3308,2025-10-06 15:34:02.131786,0,2,1,0
107,505.05,Germany,Crypto,2837,2025-09-10 14:04:02.131786,0,0,1,0
108,1300.66,Russia,UPI,9992,2025-09-24 04:40:02.131786,1,4,3,0
109,783.57,UK,Credit Card,6119,2025-10-11 02:48:02.131786,0,5,0,0
110,236.08,USA,UPI,6736,2025-10-08 10:02:02.131786,0,6,3,0
111,189.36,UK,Debit Card,1565,2025-10-14 11:25:02.131786,0,5,2,0
112,3079.584491708075,India,UPI,9991,2025-09-08 06:41:02.131786,1,1,3,1
113,418.35,Japan,Credit Card,9992,2025-09-18 02:51:02.131786,0,2,0,0
114,830.64,USA,Debit Card,2278,2025-10-14 10:36:02.131786,0,6,2,0
115,706.59,Japan,Debit Card,8191,2025-09-30 23:31:02.131786,0,2,2,0
116,472.32,USA,Credit Card,6084,2025-09-07 10:55:02.131786,0,6,0,0
117,238.52,India,Wire,4504,2025-09-07 08:00:02.131786,0,1,4,0
118,112.86,India,UPI,6613,2025-09-30 07:21:02.131786,0,1,3,0
119,587.59,USA,Debit Card,7517,2025-09-25 14:25:02.131786,0,6,2,0
120,156.08,Germany,UPI,7905,2025-10-06 10:17:02.131786,0,0,3,0
121,229.86,USA,Credit Card,1376,2025-10-16 17:58:02.131786,0,6,0,0
122,561.93,India,Crypto,9142,2025-09-21 23:47:02.131786,0,1,1,0
123,522.88,Japan,Credit Card,2104,2025-09-26 13:07:02.131786,0,2,0,0
124,175.12,UK,UPI,7746,2025-10-04 20:24:02.131786,0,5,3,0
125,1047.7,Japan,Debit Card,6674,2025-09-27 11:22:02.131786,0,2,2,0
126,1029.26,India,UPI,6242,2025-10-07 18:04:02.131786,0,1,3,0
127,727.17,Japan,Crypto,3847,2025-09-29 16:01:02.131786,0,2,1,0
128,726.55,Germany,Debit Card,9214,2025-10-05 23:31:02.131786,0,0,2,0
129,727.18,Germany,Crypto,3703,2025-10-09 19:51:02.131786,0,0,1,0
130,967.97,USA,Wire,5865,2025-10-01 08:20:02.131786,0,6,4,0
131,797.09,Japan,Credit Card,7662,2025-10-12 09:19:02.131786,0,2,0,0
132,256.44,Japan,Wire,4348,2025-10-13 12:07:02.131786,0,2,4,0
133,413.77,India,UPI,1376,2025-09-22 10:17:02.131786,0,1,3,0
134,2038.96,USA,Wire,7434,2025-10-02 07:51:02.131786,0,6,4,1
135,69.45,USA,Credit Card,8620,2025-09-16 19:21:02.131786,0,6,0,0
136,338.59,Japan,Debit Card,7485,2025-09-17 11:30:02.131786,0,2,2,0
137,1051.44,UK,Crypto,2356,2025-10-04 05:17:02.131786,0,5,1,0
138,270.98,Japan,Debit Card,2766,2025-09-25 04:33:02.131786,0,2,2,0
139,812.09,Japan,Wire,6505,2025-09-19 20:44:02.131786,0,2,4,0
140,517.86,Japan,UPI,6426,2025-09-07 01:48:02.131786,0,2,3,0
141,287.71,Germany,Wire,4841,2025-09-23 13:40:02.131786,0,0,4,0
142,54.3,USA,Credit Card,4244,2025-09-22 03:22:02.131786,0,6,0,0
143,575.75,Germany,Credit Card,1543,2025-09-22 14:19:02.131786,0,0,0,0
144,251.58,UK,UPI,7047,2025-10-17 12:54:02.131786,0,5,3,0
145,456.87,India,Debit Card,9967,2025-10-10 23:48:02.131786,0,1,2,0
146,722.19,UK,Credit Card,2620,2025-10-06 04:44:02.131786,0,5,0,0
147,915.84,USA,Credit Card,5312,2025-10-05 15:15:02.131786,0,6,0,0
148,337.69,India,UPI,9723,2025-09-29 09:36:02.131786,0,1,3,0
149,287.25,UK,Debit Card,8828,2025-10-07 07:41:02.131786,0,5,2,0
150,153.39,USA,Wire,1888,2025-10-12 13:36:02.131786,0,6,4,0
151,946.39,UK,Crypto,1392,2025-09-14 09:56:02.131786,0,5,1,0
152,1854.52,India,UPI,4457,2025-09-14 20:21:02.131786,0,1,3,0
153,1015.94,India,Debit Card,8668,2025-10-01 06:26:02.131786,0,1,2,0
154,1168.68,UK,Crypto,3363,2025-10-07 07:25:02.131786,0,5,1,0
155,272.95,Germany,UPI,8354,2025-10-11 02:00:02.131786,0,0,3,0
156,692.34,UK,Wire,1317,2025-10-14 16:36:02.131786,0,5,4,0
157,864.02,UK,Wire,7537,2025-09-22 22:49:02.131786,0,5,4,0
158,198.94,UK,Debit Card,9896,2025-09-27 07:19:02.131786,0,5,2,0
159,1436.15,Germany,Debit Card,4771,2025-09-26 18:29:02.131786,0,0,2,0
160,125.46,Japan,Wire,5244,2025-10-05 13:58:02.131786,0,2,4,0
161,1291.7,India,Wire,5653,2025-09-30 00:15:02.131786,0,1,4,0
162,124.58,USA,UPI,7885,2025-09-09 23:12:02.131786,0,6,3,0
163,208.06,India,Debit Card,5006,2025-10-05 08:09:02.131786,0,1,2,0
164,701.18,India,Crypto,5642,2025-09-11 00:30:02.131786,0,1,1,0
165,527.52,Japan,Wire,3127,2025-09-16 11:53:02.131786,0,2,4,0
166,365.12,India,Crypto,5613,2025-10-08 03:20:02.131786,0,1,1,0
167,1400.14,India,Debit Card,3749,2025-09-16 08:32:02.131786,0,1,2,0
168,157.49,Germany,Debit Card,9435,2025-09-15 08:55:02.131786,0,0,2,0
169,443.49,Germany,Credit Card,9200,2025-09-29 10:22:02.131786,0,0,0,0
170,764.22,Germany,Wire,4654,2025-10-05 12:55:02.131786,0,0,4,0
171,616.91,Germany,Debit Card,6439,2025-10-01 23:29:02.131786,0,0,2,0
172,295.53,Germany,Debit Card,3370,2025-10-17 07:02:02.131786,0,0,2,0
173,304.71,USA,Wire,3603,2025-09-11 14:14:02.131786,0,6,4,0
174,906.51,Japan,Credit Card,6747,2025-10-10 17:25:02.131786,0,2,0,0
175,935.61,UK,Credit Card,4533,2025-10-01 20:19:02.131786,0,5,0,0
176,628.71,Germany,Credit Card,8565,2025-10-04 07:43:02.131786,0,0,0,0
177,242.75,Japan,Credit Card,9584,2025-10-18 13:40:02.131786,0,2,0,0
178,312.91,UK,UPI,2251,2025-09-16 01:59:02.131786,0,5,3,0
179,491.95,India,Wire,3966,2025-10-17 07:20:02.131786,0,1,4,0
180,546.83,India,Wire,8571,2025-09-26 14:20:02.131786,0,1,4,0
181,743.23,Japan,Wire,4007,2025-09-11 19:23:02.131786,0,2,4,0
182,425.71,USA,Credit Card,8813,2025-10-08 10:16:02.131786,0,6,0,0
183,892.65,USA,Credit Card,8206,2025-10-03 05:22:02.131786,0,6,0,0
184,885.88,Japan,Debit Card,9384,2025-10-06 02:05:02.131786,0,2,2,0
185,1195.19,USA,UPI,9518,2025-09-19 23:49:02.131786,0,6,3,0
186,508.18,USA,Wire,5120,2025-09-15 23:30:02.131786,0,6,4,0
187,636.35,India,UPI,5197,2025-10-09 19:57:02.131786,0,1,3,0
188,451.27,USA,Wire,9854,2025-10-18 12:49:02.131786,0,6,4,0
189,245.34,USA,Credit Card,5837,2025-09-23 23:20:02.131786,0,6,0,0
190,1827.03,Japan,Credit Card,5025,2025-09-28 16:12:02.131786,0,2,0,0
191,1096.03,USA,Wire,5257,2025-09-09 19:10:02.131786,0,6,4,0
192,873.55,Germany,Crypto,5773,2025-09-24 19:32:02.131786,0,0,1,0
193,495.27,Germany,Credit Card,4953,2025-09-14 16:01:02.131786,0,0,0,0
194,226.78,Japan,Debit Card,3294,2025-10-15 01:40:02.131786,0,2,2,0
195,980.73,Germany,Credit Card,7317,2025-10-10 11:36:02.131786,0,0,0,0
196,445.18,India,Debit Card,4467,2025-10-03 18:25:02.131786,0,1,2,0
197,677.58,Japan,UPI,2032,2025-10-17 15:44:02.131786,0,2,3,0
198,311.91,USA,Credit Card,2471,2025-10-01 12:16:02.131786,0,6,0,0
199,601.0,Germany,Credit Card,6113,2025-09-13 17:57:02.131786,0,0,0,0
200,328.24,India,UPI,6690,2025-09-28 20:55:02.131786,0,1,3,0
201,338.86,Japan,Debit Card,7805,2025-10-09 21:08:02.131786,0,2,2,0
202,595.36,Japan,Crypto,5071,2025-10-04 13:31:02.131786,0,2,1,0
203,122.72,USA,Debit Card,8739,2025-09-20 23:44:02.131786,0,6,2,0
204,128.99,UK,Wire,2148,2025-10-13 23:19:02.131786,0,5,4,0
205,270.17,Germany,Wire,9232,2025-09-11 23:44:02.131786,0,0,4,0
206,421.8,India,Wire,7480,2025-09-29 06:30:02.131786,0,1,4,0
207,911.16,Japan,UPI,4756,2025-09-21 07:41:02.131786,0,2,3,0
208,440.58,Germany,Debit Card,8408,2025-09-29 05:09:02.131786,0,0,2,0
209,492.86,India,Credit Card,8261,2025-09-13 18:49:02.131786,0,1,0,0
210,396.33,India,Wire,7663,2025-10-10 16:11:02.131786,0,1,4,0
211,635.69,Japan,Debit Card,4796,2025-09-16 07:58:02.131786,0,2,2,0
212,243.17,Germany,Credit Card,4447,2025-10-09 06:17:02.131786,0,0,0,0
213,459.05,India,Debit Card,9276,2025-09-25 19:12:02.131786,0,1,2,0
214,672.28,Japan,UPI,8832,2025-09-28 19:26:02.131786,0,2,3,0
215,591.91,Germany,Wire,5457,2025-10-03 22:33:02.131786,0,0,4,0
216,504.89,Germany,Crypto,6370,2025-09-25 12:23:02.131786,0,0,1,0
217,509.55,Japan,Wire,3639,2025-09-25 09:54:02.131786,0,2,4,0
218,718.74,Germany,Wire,8687,2025-09-10 09:59:02.131786,0,0,4,0
219,1883.46,UK,UPI,1930,2025-09-22 02:35:02.131786,0,5,3,1
220,257.8,India,Credit Card,2821,2025-09-11 02:18:02.131786,0,1,0,0
221,1918.01,India,Wire,6902,2025-10-05 00:01:02.131786,0,1,4,0
222,247.74,Germany,Credit Card,6827,2025-09-14 14:06:02.131786,0,0,0,0
223,46.05,Japan,Credit Card,4809,2025-10-04 14:35:02.131786,0,2,0,0
224,322.77,USA,UPI,6531,2025-09-21 14:12:02.131786,0,6,3,0
225,644.38,Germany,Wire,2924,2025-09-24 00:09:02.131786,0,0,4,0
226,1635.48,USA,UPI,3440,2025-10-18 04:09:02.131786,0,6,3,0
227,226.52,Germany,UPI,8013,2025-09-08 04:20:02.131786,0,0,3,0
228,715.74,USA,Crypto,4442,2025-09-10 16:30:02.131786,0,6,1,0
229,143.17,Germany,UPI,2207,2025-09-26 18:19:02.131786,0,0,3,0
230,1597.62,Japan,Crypto,6582,2025-09-14 10:10:02.131786,0,2,1,0
231,1110.02,USA,Credit Card,9253,2025-09-26 16:13:02.131786,0,6,0,0
232,339.41,UK,Credit Card,9354,2025-10-06 03:00:02.131786,0,5,0,0
233,1229.01,Japan,Debit Card,5647,2025-10-17 05:08:02.131786,0,2,2,0
234,456.94,Germany,Debit Card,8402,2025-09-12 03:54:02.131786,0,0,2,0
235,1148.95,USA,Credit Card,1238,2025-10-03 23:53:02.131786,0,6,0,1
236,502.03,India,Wire,4786,2025-10-02 10:44:02.131786,0,1,4,0
237,518.42,Japan,Debit Card,9629,2025-09-19 19:46:02.131786,0,2,2,0
238,345.16,USA,UPI,9720,2025-10-08 01:13:02.131786,0,6,3,0
239,782.1,Japan,Debit Card,9296,2025-09-19 15:52:02.131786,0,2,2,0
240,548.05,USA,Credit Card,8260,2025-10-14 13:37:02.131786,0,6,0,0
241,726.88,India,Wire,7632,2025-10-18 13:29:02.131786,0,1,4,0
242,110.12,UK,Credit Card,9342,2025-09-29 19:56:02.131786,0,5,0,0
243,1176.04,India,Wire,2793,2025-09-09 01:20:02.131786,0,1,4,0
244,1373.49,Germany,Debit Card,7956,2025-10-03 12:37:02.131786,0,0,2,0
245,546.15,Japan,UPI,9822,2025-10-13 10:12:02.131786,0,2,3,0
246,1798.11,UK,UPI,9107,2025-10-12 17:28:02.131786,0,5,3,0
247,1534.51,Japan,Credit Card,1206,2025-09-12 19:00:02.131786,0,2,0,1
248,793.92,USA,Wire,3822,2025-09-21 10:36:02.131786,0,6,4,0
249,1239.45,Germany,Debit Card,2500,2025-10-13 19:43:02.131786,0,0,2,0
250,4123.559237627937,Germany,Wire,9994,2025-09-11 07:27:02.131786,1,0,4,1
251,81.34,Japan,Wire,5321,2025-09-26 23:48:02.131786,0,2,4,0
252,402.75,Germany,Wire,9995,2025-09-23 21:32:02.131786,0,0,4,0
253,832.57,Japan,Debit Card,7833,2025-09-16 22:46:02.131786,0,2,2,0
254,1433.18,USA,Wire,7249,2025-09-17 16:18:02.131786,0,6,4,0
255,133.33,USA,UPI,4147,2025-09-11 03:06:02.131786,0,6,3,0
256,87.9,Japan,Credit Card,5611,2025-09-26 09:47:02.131786,0,2,0,0
257,478.79,India,Crypto,2846,2025-10-03 01:41:02.131786,0,1,1,0
258,50.66,India,Wire,9134,2025-09-23 17:54:02.131786,0,1,4,0
259,466.27,USA,UPI,7418,2025-10-14 10:08:02.131786,0,6,3,0
260,655.85,UK,UPI,4719,2025-09-28 19:08:02.131786,0,5,3,0
261,217.18,India,Credit Card,7094,2025-09-15 06:09:02.131786,0,1,0,0
262,476.12,Japan,Credit Card,3065,2025-09-16 08:59:02.131786,0,2,0,0
263,968.65,USA,Crypto,5380,2025-09-17 04:36:02.131786,0,6,1,0
264,321.47,Germany,Crypto,5745,2025-09-17 10:07:02.131786,0,0,1,0
265,251.5,Germany,Crypto,9185,2025-10-11 13:15:02.131786,0,0,1,0
266,459.68,India,Debit Card,7400,2025-09-22 19:12:02.131786,0,1,2,0
267,196.68,UK,Debit Card,3404,2025-09-07 11:08:02.131786,0,5,2,0
268,1712.22,India,UPI,1255,2025-10-09 10:19:02.131786,0,1,3,0
269,513.78,UK,Credit Card,7477,2025-10-07 14:03:02.131786,0,5,0,0
270,275.01,India,Wire,8535,2025-10-18 07:57:02.131786,0,1,4,0
271,587.54,Germany,Credit Card,7140,2025-09-27 19:39:02.131786,0,0,0,0
272,457.75,UK,Debit Card,7158,2025-10-13 15:17:02.131786,0,5,2,0
273,419.21,Germany,UPI,1178,2025-09-11 03:52:02.131786,0,0,3,0
274,321.4,Japan,Wire,8612,2025-09-13 13:59:02.131786,0,2,4,0
275,308.5,Japan,Crypto,8939,2025-09-13 00:16:02.131786,0,2,1,0
276,112.81,USA,Crypto,6522,2025-09-27 08:11:02.131786,0,6,1,0
277,1238.2,Germany,Debit Card,5183,2025-10-06 17:04:02.131786,0,0,2,0
278,758.19,Germany,UPI,7237,2025-09-12 13:32:02.131786,0,0,3,0
279,630.49,USA,Credit Card,5940,2025-09-15 17:40:02.131786,0,6,0,0
280,452.08,Japan,Debit Card,1027,2025-10-01 20:44:02.131786,0,2,2,0
281,213.72,Japan,Credit Card,9245,2025-10-12 02:51:02.131786,0,2,0,0
282,260.55,UK,Wire,9512,2025-09-17 21:29:02.131786,0,5,4,0
283,126.68,UK,Credit Card,4630,2025-09-21 21:38:02.131786,0,5,0,0
284,289.06,Japan,Wire,7903,2025-09-10 15:56:02.131786,0,2,4,0
285,187.2,India,UPI,7773,2025-09-10 14:25:02.131786,0,1,3,0
286,1479.4,Germany,Debit Card,6921,2025-09-13 23:07:02.131786,0,0,2,0
287,925.08,UK,Credit Card,1331,2025-09-18 15:36:02.131786,0,5,0,0
288,530.57,India,UPI,2717,2025-09-25 11:24:02.131786,0,1,3,0
289,235.11,UK,UPI,1316,2025-09-11 10:27:02.131786,0,5,3,0
290,196.26,USA,Credit Card,7244,2025-10-02 14:49:02.131786,0,6,0,0
291,429.85,Germany,Crypto,4551,2025-09-16 17:46:02.131786,0,0,1,0
292,951.33,UK,Crypto,7098,2025-09-21 19:30:02.131786,0,5,1,0
293,130.39,Japan,Wire,3917,2025-09-26 05:33:02.131786,0,2,4,0
294,751.27,USA,UPI,8792,2025-09-29 21:07:02.131786,0,6,3,0
295,287.97,USA,Debit Card,9339,2025-10-09 02:37:02.131786,0,6,2,0
296,334.07,Japan,Debit Card,8463,2025-09-27 17:29:02.131786,0,2,2,0
297,519.03,USA,UPI,8574,2025-09-30 12:12:02.131786,0,6,3,0
298,242.28,Germany,Crypto,3628,2025-09-29 22:26:02.131786,0,0,1,0
299,413.05,UK,UPI,5573,2025-10-08 08:46:02.131786,0,5,3,0
300,224.44,USA,Wire,9048,2025-10-10 23:29:02.131786,0,6,4,0
301,308.23,Germany,UPI,2209,2025-10-09 00:48:02.131786,0,0,3,0
302,853.33,Japan,Credit Card,1169,2025-09-18 01:50:02.131786,0,2,0,0
303,539.47,UK,Crypto,5396,2025-10-11 05:36:02.131786,0,5,1,0
304,851.12,Vietnam,Credit Card,9996,2025-10-06 05:16:02.131786,1,8,0,1
305,284.77,UK,Credit Card,2877,2025-10-10 19:30:02.131786,0,5,0,0
306,755.15,USA,UPI,5052,2025-10-01 00:45:02.131786,0,6,3,0
307,97.44,USA,UPI,4035,2025-09-19 11:25:02.131786,0,6,3,0
308,518.86,UK,Debit Card,4248,2025-09-19 23:11:02.131786,0,5,2,0
309,790.35,Germany,Credit Card,4873,2025-09-24 00:07:02.131786,0,0,0,0
310,93.08,Germany,UPI,9714,2025-09-19 10:30:02.131786,0,0,3,0
311,287.65,Germany,Debit Card,4552,2025-10-02 11:51:02.131786,0,0,2,0
312,518.58,India,Credit Card,6605,2025-09-09 19:22:02.131786,0,1,0,0
313,999.77,Germany,Debit Card,3706,2025-10-18 02:07:02.131786,0,0,2,0
314,308.2,USA,Crypto,3532,2025-09-10 09:31:02.131786,0,6,1,0
315,734.54,India,Wire,1821,2025-10-17 06:27:02.131786,0,1,4,0
316,1291.91,Germany,Credit Card,4508,2025-09-28 04:28:02.131786,0,0,0,0
317,758.45,USA,UPI,1194,2025-09-16 20:31:02.131786,0,6,3,0
318,425.41,India,Crypto,1465,2025-10-15 17:40:02.131786,0,1,1,0
319,657.96,USA,Debit Card,4025,2025-09-29 03:01:02.131786,0,6,2,0
320,300.66,UK,Wire,9145,2025-09-07 19:43:02.131786,0,5,4,0
321,534.29,USA,Credit Card,3537,2025-09-22 16:53:02.131786,0,6,0,0
322,442.1,India,Wire,1099,2025-10-14 08:25:02.131786,0,1,4,0
323,642.48,Germany,Crypto,9307,2025-10-02 19:49:02.131786,0,0,1,0
324,356.84,India,Wire,6714,2025-09-19 22:50:02.131786,0,1,4,0
325,668.86,Germany,Credit Card,7275,2025-09-26 09:11:02.131786,0,0,0,0
326,354.03,Germany,Crypto,3690,2025-09-23 10:40:02.131786,0,0,1,0
327,918.96,Japan,Debit Card,2434,2025-10-11 10:11:02.131786,0,2,2,0
328,384.06,UK,Credit Card,2902,2025-09-26 05:09:02.131786,0,5,0,0
329,53.17,Japan,Wire,4023,2025-10-01 11:15:02.131786,0,2,4,0
330,202.38,India,Credit Card,8057,2025-09-15 05:41:02.131786,0,1,0,0
331,507.17,Japan,Crypto,7813,2025-09-21 21:54:02.131786,0,2,1,0
332,1470.88,Germany,Wire,7062,2025-09-08 03:39:02.131786,0,0,4,0
333,894.93,India,Debit Card,3593,2025-09-08 19:41:02.131786,0,1,2,0
334,39.5,Japan,UPI,7518,2025-10-05 06:30:02.131786,0,2,3,0
335,118.15,USA,Debit Card,5939,2025-10-18 08:08:02.131786,0,6,2,0
336,1086.67,UK,Credit Card,5393,2025-10-06 14:57:02.131786,0,5,0,0
337,787.3,USA,UPI,8139,2025-10-12 05:05:02.131786,0,6,3,0
338,1995.8,India,Crypto,8224,2025-10-18 07:11:02.131786,0,1,1,0
339,342.36,Japan,Wire,3926,2025-10-15 18:10:02.131786,0,2,4,0
340,237.8,Germany,Wire,7862,2025-10-07 04:05:02.131786,0,0,4,0
341,528.23,Japan,Crypto,7004,2025-10-11 20:52:02.131786,0,2,1,0
342,336.88,India,Credit Card,2826,2025-09-13 07:31:02.131786,0,1,0,0
343,1019.1,India,Debit Card,7552,2025-09-26 23:59:02.131786,0,1,2,0
344,327.34,India,UPI,2025,2025-10-18 14:19:02.131786,0,1,3,0
345,402.59,India,Crypto,1785,2025-09-30 04:43:02.131786,0,1,1,0
346,208.65,Japan,Credit Card,2800,2025-10-17 12:20:02.131786,0,2,0,0
347,854.22,USA,Credit Card,6186,2025-09-08 08:48:02.131786,0,6,0,0
348,221.14,Germany,UPI,8236,2025-10-14 06:18:02.131786,0,0,3,0
349,677.82,Ukraine,Crypto,9997,2025-09-20 07:14:02.131786,1,7,1,0
350,1636.01,UK,Debit Card,7601,2025-09-27 23:51:02.131786,0,5,2,0
351,79.05,India,Debit Card,4397,2025-09-19 10:18:02.131786,0,1,2,0
352,1332.05,India,Crypto,2226,2025-09-26 17:05:02.131786,0,1,1,0
353,616.46,India,Wire,3640,2025-10-08 17:24:02.131786,0,1,4,0
354,178.5,USA,Debit Card,6050,2025-10-01 09:37:02.131786,0,6,2,0
355,543.58,India,Wire,4649,2025-10-01 03:11:02.131786,0,1,4,0
356,837.05,UK,Crypto,6911,2025-09-30 17:09:02.131786,0,5,1,0
357,252.08,UK,Credit Card,6637,2025-09-21 22:42:02.131786,0,5,0,0
358,705.73,USA,Crypto,4203,2025-09-07 14:58:02.131786,0,6,1,0
359,9604.526192080923,India,Credit Card,9993,2025-09-18 17:18:02.131786,1,1,0,1
360,326.99,Japan,Crypto,8293,2025-10-01 06:32:02.131786,0,2,1,0
361,206.32,Japan,Wire,8850,2025-10-13 23:04:02.131786,0,2,4,0
362,452.85,Germany,Wire,9527,2025-10-07 00:37:02.131786,0,0,4,0
363,521.89,USA,Crypto,8855,2025-10-08 10:44:02.131786,0,6,1,0
364,1054.78,Japan,Credit Card,6938,2025-09-22 11:38:02.131786,0,2,0,0
365,441.27,Germany,Crypto,2961,2025-10-03 04:44:02.131786,0,0,1,0
366,352.22,UK,Credit Card,7947,2025-10-12 12:07:02.131786,0,5,0,0
367,201.53,Germany,Wire,1843,2025-09-26 07:23:02.131786,0,0,4,0
368,93.93,India,UPI,5140,2025-09-09 15:04:02.131786,0,1,3,0
369,148.33,India,Debit Card,2124,2025-09-19 18:47:02.131786,0,1,2,0
370,147.45,UK,Wire,7562,2025-09-20 01:31:02.131786,0,5,4,0
371,406.05,USA,Crypto,5711,2025-10-11 10:36:02.131786,0,6,1,0
372,114.55,India,Crypto,1764,2025-10-08 22:14:02.131786,0,1,1,0
373,479.27,India,Credit Card,6575,2025-09-26 19:26:02.131786,0,1,0,0
374,1612.36,Germany,Debit Card,8403,2025-10-15 16:32:02.131786,0,0,2,0
375,1075.54,Germany,Wire,5629,2025-09-27 05:59:02.131786,0,0,4,0
376,402.92,Germany,Debit Card,2604,2025-09-09 14:13:02.131786,0,0,2,0
377,2305.54,Japan,Debit Card,7506,2025-09-10 11:23:02.131786,0,2,2,0
378,523.29,UK,Wire,1530,2025-10-05 20:35:02.131786,0,5,4,0
379,580.71,USA,Credit Card,3790,2025-09-07 19:31:02.131786,0,6,0,0
380,446.15,Germany,Credit Card,2252,2025-10-13 16:56:02.131786,0,0,0,0
381,487.42,USA,Credit Card,4941,2025-09-19 05:52:02.131786,0,6,0,0
382,317.68,Germany,UPI,6628,2025-09-18 04:22:02.131786,0,0,3,0
383,407.61,India,Debit Card,9849,2025-10-12 22:27:02.131786,0,1,2,0
384,1337.97,USA,UPI,6233,2025-09-28 09:18:02.131786,0,6,3,0
385,1154.53,Japan,Credit Card,7386,2025-10-03 13:29:02.131786,0,2,0,0
386,50.16,Germany,Wire,6792,2025-09-30 16:20:02.131786,0,0,4,0
387,128.98,UK,Debit Card,3486,2025-10-08 04:53:02.131786,0,5,2,0
388,255.2,India,Wire,3843,2025-09-13 21:17:02.131786,0,1,4,0
389,956.99,Germany,Crypto,8789,2025-10-09 04:30:02.131786,0,0,1,0
390,1171.85,USA,Debit Card,4238,2025-09-10 02:26:02.131786,0,6,2,0
391,834.82,Germany,Wire,8700,2025-10-02 22:44:02.131786,0,0,4,0
392,177.81,India,Credit Card,6284,2025-09-16 21:19:02.131786,0,1,0,0
393,323.12,UK,UPI,3689,2025-09-15 09:18:02.131786,0,5,3,0
394,714.49,UK,Wire,4332,2025-10-04 21:57:02.131786,0,5,4,0
395,412.58,UK,Crypto,2198,2025-09-30 13:29:02.131786,0,5,1,0
396,368.43,India,Credit Card,7954,2025-10-01 14:08:02.131786,0,1,0,0
397,372.82,Russia,Crypto,9996,2025-09-28 19:48:02.131786,1,4,1,0
398,1096.82,India,UPI,8050,2025-09-19 06:23:02.131786,0,1,3,0
399,766.68,India,Crypto,6261,2025-09-08 02:30:02.131786,0,1,1,0
400,389.44,Germany,Wire,8870,2025-09-09 22:42:02.131786,0,0,4,0
401,637.25,Japan,Wire,2342,2025-10-08 17:07:02.131786,0,2,4,0
402,155.12,UK,Credit Card,2654,2025-09-27 12:26:02.131786,0,5,0,0
403,323.64,USA,UPI,5753,2025-10-08 19:01:02.131786,0,6,3,0
404,1026.26,USA,UPI,8136,2025-09-11 05:05:02.131786,0,6,3,0
405,106.97,Germany,Debit Card,6981,2025-09-24 18:15:02.131786,0,0,2,0
406,3041.9538245092012,USA,Debit Card,9991,2025-09-22 12:26:02.131786,1,6,2,1
407,49.45,Japan,Wire,1121,2025-09-12 19:37:02.131786,0,2,4,0
408,1486.85,India,Crypto,4195,2025-09-11 02:33:02.131786,0,1,1,0
409,317.25,UK,Crypto,3214,2025-09-09 22:59:02.131786,0,5,1,0
410,671.06,USA,Credit Card,3991,2025-10-18 15:26:02.131786,0,6,0,0
411,545.56,USA,UPI,3069,2025-10-13 03:55:02.131786,0,6,3,0
412,560.5,Germany,Wire,6395,2025-09-20 13:03:02.131786,0,0,4,0
413,628.94,Germany,Crypto,2962,2025-09-15 13:01:02.131786,0,0,1,0
414,87.07,India,Debit Card,5023,2025-09-19 01:45:02.131786,0,1,2,0
415,569.14,UK,Wire,9599,2025-09-26 18:42:02.131786,0,5,4,0
416,432.07,USA,Credit Card,7442,2025-09-30 11:20:02.131786,0,6,0,0
417,318.73,India,Wire,7420,2025-09-18 06:47:02.131786,0,1,4,0
418,255.08,UK,Crypto,3369,2025-09-20 01:56:02.131786,0,5,1,0
419,579.75,India,Credit Card,3319,2025-09-11 01:09:02.131786,0,1,0,0
420,208.74,USA,Debit Card,4239,2025-10-07 02:54:02.131786,0,6,2,0
421,1013.89,Germany,Debit Card,8956,2025-10-12 06:31:02.131786,0,0,2,0
422,706.28,Germany,Crypto,6555,2025-09-26 06:34:02.131786,0,0,1,0
423,605.86,Germany,Credit Card,2892,2025-09-13 22:49:02.131786,0,0,0,0
424,985.33,Japan,Debit Card,7407,2025-09-13 01:36:02.131786,0,2,2,0
425,72.22,India,Credit Card,4838,2025-09-29 04:11:02.131786,0,1,0,0
426,150.12,USA,Wire,8509,2025-09-21 08:40:02.131786,0,6,4,0
427,728.48,India,UPI,2489,2025-09-07 09:22:02.131786,0,1,3,0
428,268.3,Germany,UPI,5009,2025-09-17 23:45:02.131786,0,0,3,0
429,298.59,India,UPI,2821,2025-10-10 05:01:02.131786,0,1,3,0
430,129.12,UK,Debit Card,2272,2025-10-08 06:15:02.131786,0,5,2,0
431,209.28,India,Crypto,9888,2025-09-28 05:22:02.131786,0,1,1,0
432,1029.16,Japan,UPI,5836,2025-09-20 16:57:02.131786,0,2,3,0
433,716.43,Japan,Crypto,5214,2025-09-09 11:14:02.131786,0,2,1,0
434,575.06,Germany,UPI,2769,2025-10-03 08:50:02.131786,0,0,3,0
435,308.55,USA,Wire,3841,2025-10-14 10:18:02.131786,0,6,4,0
436,548.76,UK,UPI,8941,2025-10-17 13:25:02.131786,0,5,3,0
437,1090.26,USA,Crypto,3364,2025-09-14 07:35:02.131786,0,6,1,0
438,274.11,USA,Debit Card,6363,2025-09-09 20:22:02.131786,0,6,2,0
439,486.57,UK,Wire,2117,2025-10-04 14:32:02.131786,0,5,4,0
440,1547.19,Vietnam,Crypto,9997,2025-10-04 01:20:02.131786,1,8,1,1
441,827.25,Germany,Credit Card,1812,2025-10-17 19:56:02.131786,0,0,0,0
442,312.26,India,UPI,1037,2025-09-13 05:26:02.131786,0,1,3,0
443,781.56,Japan,Wire,3460,2025-09-18 11:39:02.131786,0,2,4,0
444,105.09,Germany,Debit Card,5338,2025-09-12 19:44:02.131786,0,0,2,0
445,471.72,Japan,Credit Card,6483,2025-09-25 22:04:02.131786,0,2,0,0
446,780.97,UK,UPI,4719,2025-10-12 17:43:02.131786,0,5,3,0
447,662.18,USA,Wire,8231,2025-10-14 13:14:02.131786,0,6,4,0
448,775.72,UK,Crypto,3354,2025-09-18 02:48:02.131786,0,5,1,0
449,897.51,India,UPI,5042,2025-09-16 07:29:02.131786,0,1,3,0
450,699.76,UK,Wire,1174,2025-09-17 09:44:02.131786,0,5,4,0
451,685.53,USA,UPI,7740,2025-09-29 15:31:02.131786,0,6,3,0
452,584.83,Japan,Wire,1671,2025-10-12 22:25:02.131786,0,2,4,0
453,187.3,Germany,Crypto,1693,2025-09-08 05:26:02.131786,0,0,1,0
454,1028.85,India,UPI,9739,2025-09-09 14:46:02.131786,0,1,3,0
455,484.84,Japan,Wire,6976,2025-10-12 20:52:02.131786,0,2,4,0
456,813.11,Germany,Credit Card,2122,2025-09-23 15:08:02.131786,0,0,0,0
457,958.54,USA,Debit Card,4297,2025-09-25 16:40:02.131786,0,6,2,0
458,325.58,UK,Wire,4986,2025-09-13 15:35:02.131786,0,5,4,0
459,349.89,Japan,Wire,3596,2025-10-01 14:20:02.131786,0,2,4,0
460,389.56,Germany,Wire,5368,2025-09-22 10:03:02.131786,0,0,4,0
461,1161.09,Germany,UPI,4023,2025-09-10 14:31:02.131786,0,0,3,0
462,227.39,UK,Debit Card,9975,2025-10-13 23:08:02.131786,0,5,2,0
463,1295.86,Japan,UPI,2528,2025-10-07 15:14:02.131786,0,2,3,0
464,580.05,Japan,Wire,1093,2025-09-17 06:22:02.131786,0,2,4,0
465,610.72,USA,Wire,7660,2025-09-13 05:10:02.131786,0,6,4,0
466,929.76,Japan,Debit Card,6049,2025-09-28 13:50:02.131786,0,2,2,0
467,532.55,UK,Credit Card,3221,2025-10-14 01:25:02.131786,0,5,0,0
468,1036.59,Japan,UPI,3742,2025-10-08 20:28:02.131786,0,2,3,0
469,325.22,USA,Credit Card,2096,2025-09-10 06:50:02.131786,0,6,0,0
470,1268.56,Germany,Wire,9191,2025-09-25 15:41:02.131786,0,0,4,0
471,2073.0698469409313,Japan,Wire,9997,2025-09-26 00:18:02.131786,1,2,4,1
472,1300.55,UK,Crypto,3103,2025-09-24 01:11:02.131786,0,5,1,0
473,354.28,Japan,Crypto,3742,2025-10-03 06:08:02.131786,0,2,1,0
474,398.61,India,Credit Card,5729,2025-09-16 12:15:02.131786,0,1,0,0
475,203.21,USA,Crypto,5299,2025-09-16 01:36:02.131786,0,6,1,0
476,257.69,Germany,Debit Card,4662,2025-10-01 16:36:02.131786,0,0,2,0
477,486.69,India,Credit Card,9207,2025-09-12 20:38:02.131786,0,1,0,0
478,596.31,UK,Crypto,1125,2025-09-09 11:38:02.131786,0,5,1,0
479,986.32,Japan,Crypto,6997,2025-10-11 11:18:02.131786,0,2,1,0
480,421.62,USA,Debit Card,6674,2025-09-20 02:48:02.131786,0,6,2,0
481,663.21,Japan,Debit Card,5174,2025-09-18 13:57:02.131786,0,2,2,0
482,3421.0708724662145,Japan,Credit Card,9994,2025-09-13 13:00:02.131786,1,2,0,1
483,716.0,Japan,UPI,6498,2025-09-12 22:47:02.131786,0,2,3,0
484,291.44,Japan,Debit Card,7407,2025-10-04 14:52:02.131786,0,2,2,0
485,321.25,USA,Crypto,3352,2025-10-13 07:40:02.131786,0,6,1,0
486,291.54,India,Credit Card,7883,2025-10-03 00:15:02.131786,0,1,0,0
487,1116.35,UK,UPI,5220,2025-10-11 08:11:02.131786,0,5,3,0
488,1276.61,India,Credit Card,5837,2025-10-08 05:25:02.131786,0,1,0,0
489,309.93,USA,Crypto,9272,2025-09-30 18:41:02.131786,0,6,1,0
490,315.17,UK,UPI,8015,2025-10-11 21:22:02.131786,0,5,3,0
491,787.38,Germany,UPI,1174,2025-09-16 04:25:02.131786,0,0,3,0
492,1370.72,India,Debit Card,9867,2025-09-17 00:59:02.131786,0,1,2,0
493,1567.91,USA,Wire,9539,2025-10-12 12:00:02.131786,0,6,4,1
494,298.24,USA,Crypto,2558,2025-09-21 01:50:02.131786,0,6,1,0
495,364.37,USA,Wire,2438,2025-10-12 01:27:02.131786,0,6,4,0
496,619.09,UK,Crypto,3925,2025-09-21 11:26:02.131786,0,5,1,0
497,641.04,Japan,Credit Card,7986,2025-10-12 06:21:02.131786,0,2,0,0
498,434.55,Germany,Wire,5819,2025-10-04 08:01:02.131786,0,0,4,0
499,250.17,UK,UPI,6371,2025-09-25 16:38:02.131786,0,5,3,0
500,487.28,UK,Debit Card,5703,2025-09-16 05:45:02.131786,0,5,2,0
501,1566.81,India,Crypto,7712,2025-09-16 06:54:02.131786,0,1,1,0
502,325.13,Germany,Debit Card,7377,2025-09-15 12:26:02.131786,0,0,2,0
503,591.78,USA,Crypto,1357,2025-09-12 01:36:02.131786,0,6,1,0
504,2256.09,UK,UPI,4397,2025-09-22 04:32:02.131786,0,5,3,1
505,321.29,Germany,UPI,1292,2025-09-24 04:55:02.131786,0,0,3,0
506,813.32,India,UPI,6443,2025-10-07 08:09:02.131786,0,1,3,0
507,1610.46,Japan,UPI,3576,2025-10-11 01:05:02.131786,0,2,3,0
508,765.42,Germany,UPI,7278,2025-09-12 01:39:02.131786,0,0,3,0
509,1064.05,USA,Debit Card,1819,2025-10-17 09:03:02.131786,0,6,2,0
510,889.84,UK,Credit Card,5225,2025-09-29 09:07:02.131786,0,5,0,0
511,723.32,Japan,Wire,4620,2025-09-21 12:01:02.131786,0,2,4,0
512,1249.07,India,Debit Card,8929,2025-10-10 21:58:02.131786,0,1,2,0
513,795.68,USA,Wire,7712,2025-09-29 16:23:02.131786,0,6,4,0
514,438.03,Japan,Credit Card,5688,2025-09-20 16:12:02.131786,0,2,0,0
515,559.0,India,Crypto,2924,2025-09-28 06:28:02.131786,0,1,1,0
516,656.81,USA,Credit Card,6751,2025-09-17 12:00:02.131786,0,6,0,0
517,362.61,UK,Credit Card,6614,2025-09-12 20:34:02.131786,0,5,0,0
518,577.72,India,Crypto,5634,2025-09-24 21:08:02.131786,0,1,1,0
519,518.2,Japan,Wire,5356,2025-10-15 19:32:02.131786,0,2,4,0
520,793.97,USA,UPI,4644,2025-09-28 21:56:02.131786,0,6,3,0
521,1892.92,Germany,Crypto,4207,2025-09-24 14:02:02.131786,0,0,1,0
522,602.94,USA,Crypto,3656,2025-09-21 06:36:02.131786,0,6,1,0
523,1393.56,Japan,Credit Card,2250,2025-09-26 22:03:02.131786,0,2,0,0
524,774.32,Japan,Crypto,1227,2025-09-27 06:52:02.131786,0,2,1,0
525,575.81,Germany,Debit Card,4898,2025-10-08 01:50:02.131786,0,0,2,0
526,346.26,Japan,UPI,3873,2025-09-28 19:51:02.131786,0,2,3,0
527,579.0,USA,Credit Card,6139,2025-09-14 08:11:02.131786,0,6,0,0
528,553.29,India,Wire,7567,2025-10-04 09:06:02.131786,0,1,4,0
529,274.91,USA,Wire,7556,2025-10-01 22:19:02.131786,0,6,4,0
530,313.27,Japan,Wire,4460,2025-09-15 10:13:02.131786,0,2,4,0
531,660.78,Germany,Wire,3514,2025-10-12 13:41:02.131786,0,0,4,0
532,1384.43,Germany,Wire,5284,2025-10-01 16:22:02.131786,0,0,4,0
533,474.96,UK,Credit Card,6504,2025-09-23 09:58:02.131786,0,5,0,0
534,122.73,Germany,Debit Card,7062,2025-09-27 04:02:02.131786,0,0,2,0
535,199.6,Germany,Debit Card,4169,2025-10-09 14:47:02.131786,0,0,2,0
536,827.58,Japan,Wire,7413,2025-09-14 08:43:02.131786,0,2,4,0
537,150.0,India,Debit Card,1664,2025-09-09 23:12:02.131786,0,1,2,0
538,919.74,India,UPI,6337,2025-10-11 16:30:02.131786,0,1,3,0
539,796.46,Japan,Debit Card,2183,2025-09-08 10:46:02.131786,0,2,2,0
540,462.56,Germany,Crypto,7739,2025-10-07 09:17:02.131786,0,0,1,0
541,277.05,USA,Wire,3632,2025-10-10 14:06:02.131786,0,6,4,0
542,412.27,India,Crypto,4065,2025-09-29 02:52:02.131786,0,1,1,0
543,649.12,Japan,Crypto,2889,2025-09-24 09:03:02.131786,0,2,1,0
544,155.04,USA,Wire,1959,2025-10-08 11:51:02.131786,0,6,4,0
545,1293.51,Germany,Credit Card,9349,2025-09-30 14:18:02.131786,0,0,0,0
546,644.83,Japan,Debit Card,3007,2025-10-16 09:20:02.131786,0,2,2,0
547,698.58,India,UPI,1721,2025-10-06 13:47:02.131786,0,1,3,0
548,792.52,USA,Credit Card,8700,2025-09-23 11:09:02.131786,0,6,0,0
549,1211.65,USA,UPI,8518,2025-10-10 04:23:02.131786,0,6,3,0
550,580.04,India,Wire,2254,2025-09-19 06:06:02.131786,0,1,4,0
551,827.93,USA,Debit Card,3345,2025-09-08 22:33:02.131786,0,6,2,0
552,281.12,India,Credit Card,5540,2025-09-09 20:04:02.131786,0,1,0,0
553,1572.11,Japan,Wire,1104,2025-09-13 18:36:02.131786,0,2,4,1
554,551.27,UK,Credit Card,2661,2025-10-04 18:04:02.131786,0,5,0,0
555,279.89,Russia,Crypto,9990,2025-10-13 14:41:02.131786,1,4,1,0
556,346.34,Japan,Debit Card,2091,2025-09-19 00:48:02.131786,0,2,2,0
557,67.16,Germany,Debit Card,9729,2025-09-21 18:15:02.131786,0,0,2,0
558,344.48,Germany,Wire,6739,2025-10-07 01:32:02.131786,0,0,4,0
559,26.19,India,Wire,7960,2025-10-06 05:22:02.131786,0,1,4,0
560,870.26,UK,Wire,2571,2025-10-06 22:45:02.131786,0,5,4,0
561,683.54,Germany,Debit Card,4015,2025-09-29 02:08:02.131786,0,0,2,0
562,211.21,Germany,Crypto,8006,2025-09-07 02:56:02.131786,0,0,1,0
563,481.75,Japan,Debit Card,4446,2025-10-10 02:27:02.131786,0,2,2,0
564,498.61,UK,Wire,2429,2025-10-06 07:39:02.131786,0,5,4,0
565,172.17,UK,UPI,1241,2025-09-26 22:26:02.131786,0,5,3,0
566,419.21,Germany,Crypto,8086,2025-10-13 13:40:02.131786,0,0,1,0
567,510.49,UK,Debit Card,3067,2025-09-16 11:49:02.131786,0,5,2,0
568,410.25,Japan,UPI,8831,2025-10-09 09:25:02.131786,0,2,3,0
569,279.65,India,Crypto,8338,2025-09-08 01:23:02.131786,0,1,1,0
570,203.75,Germany,Debit Card,7887,2025-09-11 04:39:02.131786,0,0,2,0
571,398.84,USA,Wire,6135,2025-10-12 04:07:02.131786,0,6,4,0
572,309.8,Germany,Debit Card,8450,2025-09-14 02:03:02.131786,0,0,2,0
573,756.16,Germany,Crypto,1300,2025-10-15 14:44:02.131786,0,0,1,0
574,1261.37,India,Wire,3828,2025-09-20 11:31:02.131786,0,1,4,0
575,950.41,USA,Credit Card,6377,2025-10-18 13:11:02.131786,0,6,0,0
576,523.45,USA,UPI,6707,2025-10-04 18:21:02.131786,0,6,3,0
577,288.96,USA,Wire,3400,2025-09-23 05:59:02.131786,0,6,4,0
578,933.02,India,Wire,4158,2025-10-07 00:20:02.131786,0,1,4,0
579,788.55,UK,Crypto,8994,2025-09-26 00:03:02.131786,0,5,1,0
580,1203.46,USA,Crypto,2020,2025-09-20 12:18:02.131786,0,6,1,0
581,580.5,UK,UPI,2549,2025-09-18 06:57:02.131786,0,5,3,0
582,1518.72,Japan,Crypto,8965,2025-09-12 15:05:02.131786,0,2,1,0
583,580.63,India,Wire,7902,2025-10-04 20:52:02.131786,0,1,4,0
584,287.76,UK,UPI,1877,2025-10-13 15:41:02.131786,0,5,3,0
585,335.03,USA,UPI,8009,2025-10-17 03:37:02.131786,0,6,3,0
586,731.06,USA,Debit Card,4080,2025-09-30 04:02:02.131786,0,6,2,0
587,309.09,UK,Wire,4534,2025-09-22 13:54:02.131786,0,5,4,0
588,1511.89,UK,Wire,8791,2025-09-20 17:27:02.131786,0,5,4,0
589,688.74,Japan,Crypto,6336,2025-10-18 03:45:02.131786,0,2,1,0
590,514.86,India,Wire,4103,2025-10-06 03:36:02.131786,0,1,4,0
591,547.94,Germany,Crypto,3836,2025-10-08 04:16:02.131786,0,0,1,0
592,406.8,Japan,Wire,7313,2025-10-16 10:15:02.131786,0,2,4,0
593,92.19,Japan,Debit Card,3117,2025-09-29 03:29:02.131786,0,2,2,0
594,335.24,Japan,Wire,3717,2025-09-20 04:00:02.131786,0,2,4,0
595,1390.91,USA,Debit Card,9126,2025-09-23 03:45:02.131786,0,6,2,0
596,592.06,UK,Wire,7414,2025-09-27 19:16:02.131786,0,5,4,0
597,1025.06,India,Wire,8441,2025-09-11 15:08:02.131786,0,1,4,0
598,1044.93,USA,Credit Card,9381,2025-10-07 11:01:02.131786,0,6,0,0
599,485.23,Japan,Wire,4379,2025-09-15 07:12:02.131786,0,2,4,0
600,797.59,India,Debit Card,2569,2025-09-16 16:40:02.131786,0,1,2,0
601,104.25,USA,UPI,4925,2025-09-09 00:17:02.131786,0,6,3,0
602,1317.58,Germany,Debit Card,2487,2025-10-01 06:36:02.131786,0,0,2,0
603,1247.6,Japan,Wire,9759,2025-10-11 06:41:02.131786,0,2,4,0
604,716.78,USA,Crypto,4823,2025-09-26 04:32:02.131786,0,6,1,0
605,607.91,USA,Credit Card,4504,2025-10-02 05:27:02.131786,0,6,0,0
606,490.17,Russia,Crypto,9995,2025-09-22 00:57:02.131786,1,4,1,0
607,1105.61,Germany,Credit Card,6519,2025-09-09 19:45:02.131786,0,0,0,0
608,862.38,UK,Credit Card,7735,2025-10-10 04:01:02.131786,0,5,0,0
609,372.35,Germany,Crypto,1913,2025-09-10 22:29:02.131786,0,0,1,0
610,179.64,Japan,Wire,6229,2025-09-29 18:12:02.131786,0,2,4,0
611,147.51,UK,Debit Card,9239,2025-09-08 15:38:02.131786,0,5,2,0
612,1097.8,USA,Crypto,9935,2025-09-30 01:32:02.131786,0,6,1,0
613,482.05,Germany,UPI,6201,2025-10-10 16:54:02.131786,0,0,3,0
614,708.45,Germany,Credit Card,6397,2025-09-10 14:39:02.131786,0,0,0,0
615,530.35,UK,Debit Card,7695,2025-09-29 05:29:02.131786,0,5,2,0
616,149.53,USA,UPI,1541,2025-10-08 20:29:02.131786,0,6,3,0
617,106.97,Germany,Debit Card,5862,2025-09-26 05:25:02.131786,0,0,2,0
618,351.84,UK,Wire,9375,2025-09-20 16:24:02.131786,0,5,4,0
619,376.76,Germany,UPI,8721,2025-10-10 02:14:02.131786,0,0,3,0
620,376.56,USA,Crypto,9180,2025-10-10 20:55:02.131786,0,6,1,0
621,385.49,USA,Debit Card,7609,2025-10-18 08:53:02.131786,0,6,2,0
622,1812.7,India,Crypto,5734,2025-10-08 00:49:02.131786,0,1,1,0
623,1014.59,UK,Crypto,5689,2025-09-08 00:28:02.131786,0,5,1,0
624,598.3,Japan,Debit Card,5096,2025-09-16 21:56:02.131786,0,2,2,0
625,472.78,Germany,Debit Card,8151,2025-09-09 17:56:02.131786,0,0,2,0
626,485.72,USA,Credit Card,5814,2025-09-30 08:19:02.131786,0,6,0,0
627,840.81,Germany,Credit Card,4780,2025-10-15 04:07:02.131786,0,0,0,0
628,469.39,Germany,UPI,9474,2025-10-07 09:14:02.131786,0,0,3,0
629,945.48,Japan,UPI,4600,2025-09-28 12:25:02.131786,0,2,3,0
630,646.56,USA,UPI,7974,2025-09-30 07:09:02.131786,0,6,3,0
631,1823.34,India,Credit Card,7265,2025-09-27 13:22:02.131786,0,1,0,0
632,447.86,UK,Crypto,1440,2025-10-02 15:24:02.131786,0,5,1,0
633,1063.72,Germany,Wire,4807,2025-09-18 13:22:02.131786,0,0,4,0
634,195.71,Japan,Wire,1473,2025-09-07 05:00:02.131786,0,2,4,0
635,295.24,Japan,Debit Card,8289,2025-09-30 05:42:02.131786,0,2,2,0
636,1668.0,UK,Credit Card,2857,2025-09-09 01:54:02.131786,0,5,0,1
637,918.35,UK,Debit Card,3779,2025-10-09 17:52:02.131786,0,5,2,0
638,717.6,USA,Wire,6036,2025-09-16 09:18:02.131786,0,6,4,0
639,2127.97,Germany,Debit Card,5342,2025-10-11 00:00:02.131786,0,0,2,0
640,478.01,Germany,Credit Card,9748,2025-09-23 04:35:02.131786,0,0,0,0
641,1062.02,UK,Credit Card,6243,2025-09-22 14:43:02.131786,0,5,0,0
642,1115.03,India,Credit Card,8033,2025-10-04 06:35:02.131786,0,1,0,0
643,1436.94,Germany,Wire,5342,2025-09-08 16:52:02.131786,0,0,4,0
644,174.47,Japan,Credit Card,6054,2025-09-23 18:25:02.131786,0,2,0,0
645,475.57,UK,UPI,4338,2025-09-11 16:13:02.131786,0,5,3,0
646,638.44,Germany,UPI,8757,2025-09-25 08:14:02.131786,0,0,3,0
647,1421.56,USA,Credit Card,7294,2025-09-23 02:57:02.131786,0,6,0,0
648,697.03,UK,UPI,5219,2025-09-15 12:24:02.131786,0,5,3,0
649,1116.65,Japan,Credit Card,9186,2025-09-19 21:19:02.131786,0,2,0,0
650,159.33,USA,Wire,7415,2025-09-12 00:49:02.131786,0,6,4,0
651,393.38,UK,UPI,2894,2025-09-30 19:42:02.131786,0,5,3,0
652,1244.47,UK,Wire,6459,2025-10-07 04:07:02.131786,0,5,4,0
653,435.92,Germany,UPI,4801,2025-09-09 22:18:02.131786,0,0,3,0
654,506.06,USA,Crypto,3655,2025-09-21 18:38:02.131786,0,6,1,0
655,1406.68,UK,Crypto,4518,2025-10-02 16:33:02.131786,0,5,1,0
656,238.48,Japan,Wire,6681,2025-09-27 20:24:02.131786,0,2,4,0
657,291.11,USA,UPI,6076,2025-09-23 18:43:02.131786,0,6,3,0
658,142.69,Germany,Crypto,1645,2025-10-14 13:01:02.131786,0,0,1,0
659,1443.67,India,Credit Card,2698,2025-10-06 07:45:02.131786,0,1,0,0
660,1001.94,UK,Debit Card,8937,2025-09-14 19:30:02.131786,0,5,2,0
661,984.77,India,Crypto,4570,2025-09-23 03:50:02.131786,0,1,1,0
662,384.45,UK,Crypto,4426,2025-09-23 11:46:02.131786,0,5,1,0
663,131.82,Germany,Credit Card,5785,2025-09-13 12:41:02.131786,0,0,0,0
664,95.13,Germany,Crypto,5574,2025-10-18 11:21:02.131786,0,0,1,0
665,1250.58,Germany,Crypto,1390,2025-10-11 10:05:02.131786,0,0,1,0
666,751.74,Germany,Crypto,2281,2025-10-16 01:12:02.131786,0,0,1,0
667,855.29,USA,UPI,1506,2025-09-16 11:25:02.131786,0,6,3,0
668,617.0,USA,Crypto,2722,2025-10-16 00:46:02.131786,0,6,1,0
669,261.15,UK,Debit Card,1957,2025-09-12 22:26:02.131786,0,5,2,0
670,398.98,USA,UPI,6858,2025-09-13 04:12:02.131786,0,6,3,0
671,206.54,UK,UPI,7437,2025-10-02 23:28:02.131786,0,5,3,0
672,182.8,USA,Wire,1762,2025-09-15 18:41:02.131786,0,6,4,0
673,946.66,USA,Crypto,6596,2025-10-02 10:33:02.131786,0,6,1,0
674,105.06,USA,Debit Card,6949,2025-09-29 02:25:02.131786,0,6,2,0
675,207.85,Japan,Debit Card,7262,2025-09-21 19:03:02.131786,0,2,2,0
676,417.95,Germany,Wire,7621,2025-10-08 17:31:02.131786,0,0,4,0
677,541.93,Japan,Debit Card,3889,2025-09-10 09:32:02.131786,0,2,2,0
678,140.86,USA,UPI,8777,2025-09-15 16:17:02.131786,0,6,3,0
679,690.73,USA,Credit Card,2342,2025-09-16 06:54:02.131786,0,6,0,0
680,591.83,Japan,UPI,6514,2025-09-10 11:31:02.131786,0,2,3,0
681,1236.27,Russia,Credit Card,9994,2025-10-09 14:53:02.131786,1,4,0,0
682,548.88,Germany,Debit Card,7618,2025-10-01 17:43:02.131786,0,0,2,0
683,741.32,UK,Crypto,8753,2025-10-10 02:29:02.131786,0,5,1,0
684,274.42,Germany,Credit Card,9741,2025-09-07 07:35:02.131786,0,0,0,0
685,284.7,India,UPI,3005,2025-09-22 19:01:02.131786,0,1,3,0
686,156.41,Germany,UPI,7871,2025-09-21 10:31:02.131786,0,0,3,0
687,276.79,UK,UPI,3183,2025-09-24 00:32:02.131786,0,5,3,0
688,394.25,Germany,UPI,9950,2025-10-15 23:08:02.131786,0,0,3,0
689,1155.65,India,Wire,1323,2025-10-11 19:21:02.131786,0,1,4,0
690,241.24,India,Debit Card,8364,2025-09-20 23:43:02.131786,0,1,2,0
691,1875.94,USA,Crypto,9302,2025-09-30 01:48:02.131786,0,6,1,1
692,787.82,India,Wire,2823,2025-10-10 12:31:02.131786,0,1,4,0
693,678.0,Japan,Debit Card,4621,2025-09-29 10:09:02.131786,0,2,2,0
694,517.16,UK,Credit Card,2138,2025-09-21 04:49:02.131786,0,5,0,0
695,445.2,Japan,Wire,2720,2025-09-29 01:21:02.131786,0,2,4,0
696,313.67,Japan,Wire,1723,2025-09-19 07:00:02.131786,0,2,4,0
697,134.99,UK,Wire,7631,2025-10-16 05:59:02.131786,0,5,4,0
698,248.86,Japan,Wire,3412,2025-09-10 15:50:02.131786,0,2,4,0
699,1441.4,Japan,Credit Card,1766,2025-09-19 09:11:02.131786,0,2,0,0
700,754.33,Japan,UPI,5017,2025-09-27 03:14:02.131786,0,2,3,0
701,1433.01,India,Wire,5270,2025-10-12 05:08:02.131786,0,1,4,0
702,306.86,UK,Debit Card,8186,2025-09-21 10:20:02.131786,0,5,2,0
703,200.97,UK,UPI,2958,2025-10-09 15:30:02.131786,0,5,3,0
704,513.32,UK,Credit Card,9128,2025-09-25 18:20:02.131786,0,5,0,0
705,257.15,Japan,Crypto,7397,2025-09-22 16:56:02.131786,0,2,1,0
706,596.12,India,Credit Card,2851,2025-10-03 21:36:02.131786,0,1,0,0
707,107.07,UK,Crypto,7910,2025-10-13 04:19:02.131786,0,5,1,0
708,57.12,Germany,Debit Card,4871,2025-10-15 10:20:02.131786,0,0,2,0
709,659.31,UK,Crypto,4223,2025-10-06 13:48:02.131786,0,5,1,0
710,1467.8,USA,Wire,8981,2025-10-03 18:33:02.131786,0,6,4,0
711,680.48,Germany,UPI,5877,2025-09-16 19:44:02.131786,0,0,3,0
712,748.91,UK,UPI,7361,2025-09-17 00:22:02.131786,0,5,3,0
713,530.02,Japan,Wire,1817,2025-10-09 12:58:02.131786,0,2,4,0
714,568.5,UK,UPI,4916,2025-09-29 05:32:02.131786,0,5,3,0
715,128.01,India,Credit Card,8487,2025-09-07 01:19:02.131786,0,1,0,0
716,265.81,India,Wire,3070,2025-09-17 03:48:02.131786,0,1,4,0
717,1147.78,UK,Wire,9828,2025-10-07 17:00:02.131786,0,5,4,0
718,387.19,Japan,UPI,5806,2025-10-15 17:38:02.131786,0,2,3,0
719,1132.36,Japan,Crypto,7842,2025-10-13 22:40:02.131786,0,2,1,0
720,556.92,Japan,Debit Card,4675,2025-09-17 22:19:02.131786,0,2,2,0
721,578.13,UK,Crypto,8861,2025-10-15 03:49:02.131786,0,5,1,0
722,389.58,UK,Credit Card,3520,2025-09-15 10:19:02.131786,0,5,0,0
723,827.45,USA,Wire,3525,2025-09-07 07:12:02.131786,0,6,4,0
724,969.59,India,Wire,6017,2025-10-06 23:13:02.131786,0,1,4,0
725,253.19,Germany,Credit Card,7699,2025-10-14 00:10:02.131786,0,0,0,0
726,141.33,Germany,Debit Card,3635,2025-10-10 14:02:02.131786,0,0,2,0
727,72.72,India,Wire,6772,2025-09-22 10:33:02.131786,0,1,4,0
728,723.68,USA,Crypto,7837,2025-09-12 20:21:02.131786,0,6,1,0
729,666.1,India,Credit Card,6159,2025-10-16 15:09:02.131786,0,1,0,0
730,2220.39,USA,Wire,1259,2025-10-01 17:47:02.131786,0,6,4,1
731,532.37,USA,Crypto,3996,2025-10-09 01:36:02.131786,0,6,1,0
732,462.67,Japan,Credit Card,9947,2025-10-02 08:54:02.131786,0,2,0,0
733,610.88,India,Credit Card,8808,2025-09-15 12:22:02.131786,0,1,0,0
734,635.23,Germany,Credit Card,5101,2025-10-17 02:30:02.131786,0,0,0,0
735,435.25,UK,Debit Card,7454,2025-10-08 01:38:02.131786,0,5,2,0
736,260.7,UK,Credit Card,9257,2025-10-03 04:55:02.131786,0,5,0,0
737,510.99,India,UPI,3778,2025-09-28 23:13:02.131786,0,1,3,0
738,496.48,UK,UPI,2169,2025-09-26 13:53:02.131786,0,5,3,0
739,490.37,USA,Credit Card,2666,2025-10-16 02:50:02.131786,0,6,0,0
740,888.3,UK,Wire,9851,2025-09-28 12:23:02.131786,0,5,4,0
741,504.02,USA,UPI,5999,2025-10-12 15:45:02.131786,0,6,3,0
742,144.59,USA,Crypto,1360,2025-10-16 00:31:02.131786,0,6,1,0
743,299.14,Germany,Crypto,9021,2025-10-02 18:48:02.131786,0,0,1,0
744,431.03,UK,Wire,6714,2025-10-12 23:56:02.131786,0,5,4,0
745,522.26,Germany,Crypto,7043,2025-09-29 02:41:02.131786,0,0,1,0
746,734.49,UK,Wire,8105,2025-10-05 11:16:02.131786,0,5,4,0
747,525.39,USA,Crypto,8752,2025-10-12 03:00:02.131786,0,6,1,0
748,58.8,UK,Credit Card,8522,2025-09-13 12:06:02.131786,0,5,0,0
749,162.59,Germany,Crypto,4797,2025-10-07 21:01:02.131786,0,0,1,0
750,770.2,Japan,Credit Card,4760,2025-09-20 10:01:02.131786,0,2,0,0
751,421.81,Germany,Crypto,9368,2025-10-03 08:56:02.131786,0,0,1,0
752,559.82,Japan,Crypto,5040,2025-10-13 06:52:02.131786,0,2,1,0
753,380.48,India,Crypto,7170,2025-09-13 05:17:02.131786,0,1,1,0
754,298.07,Germany,Credit Card,9128,2025-10-03 16:10:02.131786,0,0,0,0
755,391.76,UK,Crypto,7983,2025-09-09 05:54:02.131786,0,5,1,0
756,564.8,Japan,Crypto,4999,2025-09-15 22:13:02.131786,0,2,1,0
757,501.18,UK,Debit Card,9722,2025-10-16 01:51:02.131786,0,5,2,0
758,965.29,Japan,Credit Card,2261,2025-09-30 09:19:02.131786,0,2,0,0
759,117.21,Germany,UPI,6256,2025-10-06 20:54:02.131786,0,0,3,0
760,135.47,Germany,Wire,6282,2025-09-07 18:25:02.131786,0,0,4,0
761,417.9,UK,Debit Card,3886,2025-10-18 03:45:02.131786,0,5,2,0
762,740.39,Germany,Crypto,5942,2025-09-26 03:59:02.131786,0,0,1,0
763,855.42,UK,UPI,8043,2025-09-27 19:07:02.131786,0,5,3,0
764,308.31,USA,UPI,6147,2025-09-28 18:48:02.131786,0,6,3,0
765,18.13,Japan,Crypto,9447,2025-09-28 01:02:02.131786,0,2,1,0
766,316.88,UK,Crypto,8970,2025-09-29 15:14:02.131786,0,5,1,0
767,667.61,Japan,Debit Card,6871,2025-10-13 17:10:02.131786,0,2,2,0
768,494.09,USA,Credit Card,2778,2025-09-19 18:48:02.131786,0,6,0,0
769,759.59,Japan,Debit Card,5760,2025-09-08 23:58:02.131786,0,2,2,0
770,1121.35,UK,Credit Card,5360,2025-10-09 19:49:02.131786,0,5,0,0
771,441.08,Germany,UPI,2980,2025-09-17 11:10:02.131786,0,0,3,0
772,347.22,Japan,Wire,2587,2025-09-23 05:54:02.131786,0,2,4,0
773,229.64,Japan,Crypto,9592,2025-09-28 13:06:02.131786,0,2,1,0
774,134.65,USA,Debit Card,7603,2025-10-14 04:31:02.131786,0,6,2,0
775,99.27,India,UPI,4637,2025-09-26 08:05:02.131786,0,1,3,0
776,283.06,Germany,Debit Card,8300,2025-09-26 01:55:02.131786,0,0,2,0
777,1020.57,UK,Credit Card,8164,2025-09-15 03:40:02.131786,0,5,0,0
778,811.2,USA,Crypto,2147,2025-09-12 10:30:02.131786,0,6,1,0
779,333.84,UK,Credit Card,6550,2025-09-15 22:21:02.131786,0,5,0,0
780,1887.33,UK,Credit Card,8385,2025-09-29 08:28:02.131786,0,5,0,1
781,300.18,Japan,Credit Card,3450,2025-09-12 03:47:02.131786,0,2,0,0
782,1192.6,USA,UPI,8138,2025-09-15 10:27:02.131786,0,6,3,0
783,1381.37,USA,Crypto,4393,2025-09-22 05:54:02.131786,0,6,1,0
784,700.14,Germany,Wire,7357,2025-09-12 21:56:02.131786,0,0,4,0
785,280.77,India,Debit Card,6664,2025-09-19 13:30:02.131786,0,1,2,0
786,371.44,UK,Credit Card,9565,2025-09-19 06:52:02.131786,0,5,0,0
787,574.99,Germany,Crypto,2194,2025-09-25 13:42:02.131786,0,0,1,0
788,138.69,Germany,Debit Card,7487,2025-09-13 15:51:02.131786,0,0,2,0
789,974.0611385601243,UK,Crypto,9998,2025-10-05 04:53:02.131786,1,5,1,0
790,194.26,Japan,Debit Card,4481,2025-09-22 08:17:02.131786,0,2,2,0
791,737.97,Japan,Crypto,6615,2025-09-09 01:58:02.131786,0,2,1,0
792,1114.16,UK,Wire,8458,2025-09-18 14:37:02.131786,0,5,4,0
793,833.34,USA,Crypto,9016,2025-10-12 12:11:02.131786,0,6,1,0
794,993.48,India,Crypto,3057,2025-09-16 10:43:02.131786,0,1,1,0
795,260.44,Japan,Credit Card,3417,2025-10-17 20:55:02.131786,0,2,0,0
796,385.15,India,Credit Card,1125,2025-09-18 05:56:02.131786,0,1,0,0
797,409.01,Germany,Credit Card,3832,2025-09-16 12:52:02.131786,0,0,0,0
798,698.16,Germany,Crypto,5478,2025-09-21 02:40:02.131786,0,0,1,0
799,289.88,UK,Wire,7470,2025-09-15 17:32:02.131786,0,5,4,0
800,952.31,UK,Debit Card,9641,2025-10-15 19:28:02.131786,0,5,2,0
801,1356.33,UK,Credit Card,5618,2025-09-19 20:28:02.131786,0,5,0,0
802,723.6,Japan,UPI,2009,2025-09-12 03:38:02.131786,0,2,3,0
803,371.56,India,Crypto,4778,2025-10-10 00:02:02.131786,0,1,1,0
804,240.32,Germany,Wire,1941,2025-09-21 22:29:02.131786,0,0,4,0
805,194.69,India,Wire,4603,2025-09-28 23:35:02.131786,0,1,4,0
806,59.65,Japan,Credit Card,4980,2025-09-28 15:39:02.131786,0,2,0,0
807,2831.8573482061643,India,Credit Card,9994,2025-10-15 13:41:02.131786,1,1,0,1
808,400.27,India,UPI,9693,2025-10-10 07:58:02.131786,0,1,3,0
809,912.78,UK,UPI,2250,2025-10-05 12:44:02.131786,0,5,3,0
810,306.47,India,Credit Card,8009,2025-09-14 05:40:02.131786,0,1,0,0
811,438.03,India,Debit Card,3319,2025-09-30 06:34:02.131786,0,1,2,0
812,617.62,India,Credit Card,6910,2025-09-08 03:50:02.131786,0,1,0,0
813,715.28,USA,Credit Card,7538,2025-09-17 02:47:02.131786,0,6,0,0
814,842.04,Germany,Wire,4195,2025-09-25 08:55:02.131786,0,0,4,0
815,573.44,Germany,Credit Card,3957,2025-09-19 04:08:02.131786,0,0,0,0
816,147.15,India,Credit Card,7338,2025-10-16 17:45:02.131786,0,1,0,0
817,671.32,UK,Credit Card,8911,2025-10-07 14:32:02.131786,0,5,0,0
818,287.78,UK,Debit Card,4274,2025-09-19 12:39:02.131786,0,5,2,0
819,1149.26,UK,Wire,4048,2025-10-14 16:12:02.131786,0,5,4,0
820,508.28,Germany,Crypto,2906,2025-09-28 03:48:02.131786,0,0,1,0
821,599.16,Japan,Crypto,3939,2025-09-29 17:10:02.131786,0,2,1,0
822,2336.07,India,Crypto,9732,2025-10-12 18:36:02.131786,0,1,1,1
823,852.2,Germany,Crypto,9709,2025-09-16 01:42:02.131786,0,0,1,0
824,662.63,UK,Wire,9615,2025-09-27 08:48:02.131786,0,5,4,0
825,448.27,Germany,Credit Card,5177,2025-09-11 07:23:02.131786,0,0,0,0
826,159.93,Germany,Crypto,7458,2025-10-09 20:02:02.131786,0,0,1,0
827,423.34,Germany,Credit Card,2752,2025-09-21 06:51:02.131786,0,0,0,0
828,237.64,UK,Crypto,8447,2025-09-13 09:16:02.131786,0,5,1,0
829,1465.69,Japan,Debit Card,2666,2025-09-21 00:40:02.131786,0,2,2,0
830,668.96,USA,Credit Card,2863,2025-10-08 20:57:02.131786,0,6,0,0
831,1121.39,India,Wire,5461,2025-09-09 00:21:02.131786,0,1,4,0
832,299.06,India,Debit Card,6212,2025-10-08 14:38:02.131786,0,1,2,0
833,253.46,Germany,Debit Card,3118,2025-10-10 12:55:02.131786,0,0,2,0
834,795.45,Japan,Wire,6626,2025-09-10 02:48:02.131786,0,2,4,0
835,229.02,UK,Debit Card,8358,2025-09-29 21:59:02.131786,0,5,2,0
836,348.99,USA,Credit Card,2753,2025-09-13 10:27:02.131786,0,6,0,0
837,1511.42,USA,UPI,8139,2025-10-03 07:06:02.131786,0,6,3,0
838,360.64,Germany,UPI,7360,2025-09-08 04:07:02.131786,0,0,3,0
839,127.29,Germany,Crypto,5265,2025-09-09 12:32:02.131786,0,0,1,0
840,81.1,UK,Crypto,2388,2025-09-16 13:19:02.131786,0,5,1,0
841,111.32,UK,Credit Card,9811,2025-09-15 23:17:02.131786,0,5,0,0
842,10265.692897719593,UK,Wire,9996,2025-09-15 00:57:02.131786,1,5,4,1
843,315.27,Germany,Credit Card,7914,2025-09-18 15:38:02.131786,0,0,0,0
844,2289.32,Japan,Crypto,6521,2025-09-21 05:21:02.131786,0,2,1,0
845,1366.63,Germany,Debit Card,2010,2025-09-30 21:51:02.131786,0,0,2,0
846,1748.88,Germany,Credit Card,1425,2025-09-25 01:52:02.131786,0,0,0,1
847,1010.73,USA,Credit Card,7918,2025-10-15 17:40:02.131786,0,6,0,0
848,766.38,UK,Wire,8008,2025-10-05 14:07:02.131786,0,5,4,0
849,245.34,India,Crypto,9408,2025-09-29 18:57:02.131786,0,1,1,0
850,498.69,UK,Credit Card,7313,2025-09-21 02:17:02.131786,0,5,0,0
851,821.11,Japan,Debit Card,9801,2025-10-16 17:34:02.131786,0,2,2,0
852,968.75,Japan,Debit Card,1185,2025-09-21 06:54:02.131786,0,2,2,0
853,175.36,UK,UPI,9916,2025-10-09 05:54:02.131786,0,5,3,0
854,428.68,UK,Crypto,2184,2025-09-10 22:25:02.131786,0,5,1,0
855,468.66,Germany,Debit Card,9375,2025-09-11 23:35:02.131786,0,0,2,0
856,454.31,India,Wire,4608,2025-10-16 11:54:02.131786,0,1,4,0
857,198.98,Germany,Crypto,4766,2025-10-08 12:09:02.131786,0,0,1,0
858,1616.71,USA,Debit Card,5326,2025-09-09 19:43:02.131786,0,6,2,0
859,417.31,USA,Credit Card,8635,2025-09-20 08:25:02.131786,0,6,0,0
860,212.86,Japan,Crypto,3435,2025-10-15 20:24:02.131786,0,2,1,0
861,1642.67,Japan,Debit Card,1734,2025-09-20 23:58:02.131786,0,2,2,0
862,1367.49,India,Credit Card,1157,2025-10-06 02:00:02.131786,0,1,0,0
863,556.57,Japan,UPI,6304,2025-10-13 03:05:02.131786,0,2,3,0
864,340.35,USA,Crypto,4492,2025-09-22 05:12:02.131786,0,6,1,0
865,101.78,India,Crypto,4254,2025-09-26 05:36:02.131786,0,1,1,0
866,726.46,USA,Debit Card,8764,2025-09-23 23:37:02.131786,0,6,2,0
867,320.76,UK,UPI,2075,2025-09-23 06:55:02.131786,0,5,3,0
868,489.42,UK,Wire,6122,2025-09-22 08:20:02.131786,0,5,4,0
869,1548.39,India,Debit Card,9190,2025-09-22 05:20:02.131786,0,1,2,0
870,301.15,Germany,Debit Card,8841,2025-09-27 19:00:02.131786,0,0,2,0
871,704.42,Japan,Wire,7751,2025-10-13 16:51:02.131786,0,2,4,0
872,859.26,India,Wire,6135,2025-10-12 13:34:02.131786,0,1,4,0
873,1141.62,Japan,Wire,7373,2025-10-13 11:27:02.131786,0,2,4,0
874,462.2,USA,Wire,5999,2025-10-17 18:17:02.131786,0,6,4,0
875,425.19,Germany,Wire,3964,2025-09-17 09:20:02.131786,0,0,4,0
876,417.31,Japan,Credit Card,9022,2025-10-18 00:08:02.131786,0,2,0,0
877,656.2,UK,Credit Card,6125,2025-09-21 10:50:02.131786,0,5,0,0
878,1329.55,UK,Wire,2133,2025-09-20 11:34:02.131786,0,5,4,0
879,402.17,USA,UPI,5238,2025-09-20 18:30:02.131786,0,6,3,0
880,26.17,India,UPI,7026,2025-10-03 02:24:02.131786,0,1,3,0
881,926.49,Japan,Wire,6786,2025-09-17 07:16:02.131786,0,2,4,0
882,526.4,USA,Credit Card,7572,2025-09-19 07:11:02.131786,0,6,0,0
883,727.62,UK,UPI,9357,2025-09-18 09:27:02.131786,0,5,3,0
884,106.15,UK,Credit Card,7093,2025-09-30 08:01:02.131786,0,5,0,0
885,2774.498848578207,UK,Debit Card,9995,2025-09-17 22:01:02.131786,1,5,2,1
886,875.02,Germany,Credit Card,3997,2025-09-29 05:15:02.131786,0,0,0,0
887,154.56,Germany,Wire,7311,2025-10-14 14:09:02.131786,0,0,4,0
888,703.28,UK,Crypto,4155,2025-09-10 19:38:02.131786,0,5,1,0
889,486.32,India,Wire,1420,2025-10-03 17:17:02.131786,0,1,4,0
890,266.04,Germany,Debit Card,3835,2025-10-14 06:42:02.131786,0,0,2,0
891,247.26,Japan,Credit Card,5363,2025-10-05 21:40:02.131786,0,2,0,0
892,200.74,Germany,UPI,3085,2025-09-22 05:49:02.131786,0,0,3,0
893,524.27,Japan,Wire,8069,2025-09-17 18:43:02.131786,0,2,4,0
894,571.5,Germany,UPI,8470,2025-09-16 00:45:02.131786,0,0,3,0
895,370.9,UK,Credit Card,3385,2025-09-22 19:53:02.131786,0,5,0,0
896,189.1,Japan,Debit Card,3377,2025-10-14 12:24:02.131786,0,2,2,0
897,688.85,India,Wire,3857,2025-09-14 02:36:02.131786,0,1,4,0
898,938.16,Germany,UPI,2455,2025-09-13 04:17:02.131786,0,0,3,0
899,780.18,Germany,Wire,2890,2025-10-07 00:40:02.131786,0,0,4,0
900,1795.16,UK,Wire,9841,2025-09-25 10:16:02.131786,0,5,4,1
901,432.46,Japan,UPI,3428,2025-09-30 00:19:02.131786,0,2,3,0
902,1243.88,UK,Debit Card,7209,2025-09-22 06:49:02.131786,0,5,2,0
903,289.23,Japan,Wire,3317,2025-10-14 07:07:02.131786,0,2,4,0
904,249.95,Germany,Debit Card,9238,2025-09-21 19:47:02.131786,0,0,2,0
905,549.03,Germany,Debit Card,9048,2025-09-13 12:22:02.131786,0,0,2,0
906,1430.1,Germany,Credit Card,8347,2025-09-11 17:28:02.131786,0,0,0,0
907,395.28,Germany,UPI,3115,2025-10-15 08:46:02.131786,0,0,3,0
908,106.06,USA,Credit Card,8282,2025-10-14 20:48:02.131786,0,6,0,0
909,925.94,Germany,Crypto,8193,2025-09-13 07:15:02.131786,0,0,1,0
910,470.46,Germany,Credit Card,1072,2025-10-01 03:58:02.131786,0,0,0,0
911,624.86,Japan,Wire,4457,2025-10-01 08:28:02.131786,0,2,4,0
912,261.69,Germany,Wire,3022,2025-09-30 09:13:02.131786,0,0,4,0
913,545.16,Germany,Wire,5085,2025-09-19 17:22:02.131786,0,0,4,0
914,124.21,Japan,Crypto,8588,2025-09-22 01:49:02.131786,0,2,1,0
915,1633.03,Germany,Debit Card,2543,2025-10-07 12:18:02.131786,0,0,2,0
916,1045.79,Germany,Wire,5496,2025-10-12 06:58:02.131786,0,0,4,0
917,526.74,UK,Credit Card,6783,2025-10-18 01:58:02.131786,0,5,0,0
918,908.34,USA,Debit Card,5749,2025-10-13 03:26:02.131786,0,6,2,0
919,289.88,Japan,Credit Card,6045,2025-10-17 10:59:02.131786,0,2,0,0
920,1014.39,UK,Credit Card,1847,2025-09-08 01:50:02.131786,0,5,0,0
921,381.23,India,Wire,1934,2025-10-15 14:55:02.131786,0,1,4,0
922,359.39,India,Credit Card,2395,2025-10-06 06:55:02.131786,0,1,0,0
923,213.81,USA,Crypto,7574,2025-10-02 14:53:02.131786,0,6,1,0
924,682.66,India,Debit Card,1538,2025-09-28 03:38:02.131786,0,1,2,0
925,509.44,USA,Wire,9262,2025-09-23 05:07:02.131786,0,6,4,0
926,1270.63,India,Wire,9447,2025-09-28 07:01:02.131786,0,1,4,0
927,191.08,India,Credit Card,1901,2025-09-17 05:59:02.131786,0,1,0,0
928,684.9,UK,Credit Card,9861,2025-09-20 05:45:02.131786,0,5,0,0
929,1115.27,India,UPI,2883,2025-09-08 16:13:02.131786,0,1,3,0
930,579.13,USA,UPI,9331,2025-10-09 06:45:02.131786,0,6,3,0
931,375.31,Germany,Wire,3702,2025-10-02 04:18:02.131786,0,0,4,0
932,4088.624357721511,Germany,Wire,9993,2025-10-07 05:36:02.131786,1,0,4,1
933,1203.6,Germany,Credit Card,2416,2025-10-03 11:22:02.131786,0,0,0,0
934,1203.26,USA,Crypto,5963,2025-10-16 05:03:02.131786,0,6,1,0
935,455.65,USA,Crypto,5873,2025-09-07 05:32:02.131786,0,6,1,0
936,1189.32,Germany,Credit Card,6121,2025-09-17 23:27:02.131786,0,0,0,0
937,491.2,India,UPI,3582,2025-09-17 02:35:02.131786,0,1,3,0
938,901.35,Germany,UPI,1358,2025-10-18 16:46:02.131786,0,0,3,0
939,743.05,Japan,Crypto,2500,2025-10-18 13:30:02.131786,0,2,1,0
940,363.1,USA,Wire,9119,2025-09-08 10:31:02.131786,0,6,4,0
941,221.08,Japan,Credit Card,2938,2025-09-20 04:08:02.131786,0,2,0,0
942,1135.07,Japan,Wire,1814,2025-09-09 07:12:02.131786,0,2,4,0
943,1350.95,USA,UPI,9787,2025-10-02 16:22:02.131786,0,6,3,0
944,673.23,Germany,Crypto,6066,2025-09-16 21:24:02.131786,0,0,1,0
945,490.69,UK,Wire,9418,2025-09-19 23:48:02.131786,0,5,4,0
946,168.27,Japan,UPI,4835,2025-10-03 05:11:02.131786,0,2,3,0
947,1115.46,Germany,UPI,5912,2025-09-08 18:42:02.131786,0,0,3,0
948,2630.3330145820664,UK,UPI,9997,2025-09-10 11:05:02.131786,1,5,3,1
949,406.28,Japan,Wire,7294,2025-10-10 10:31:02.131786,0,2,4,0
950,919.06,Germany,Debit Card,3064,2025-09-10 15:51:02.131786,0,0,2,0
951,138.88,Japan,Crypto,3351,2025-09-26 23:52:02.131786,0,2,1,0
952,204.02,Germany,UPI,8364,2025-10-01 20:32:02.131786,0,0,3,0
953,280.76,India,Wire,2364,2025-10-08 03:30:02.131786,0,1,4,0
954,726.61,India,Credit Card,2084,2025-10-16 07:40:02.131786,0,1,0,0
955,572.83,USA,Crypto,1266,2025-10-04 04:56:02.131786,0,6,1,0
956,788.31,UK,Credit Card,9151,2025-09-16 12:29:02.131786,0,5,0,0
957,1064.69,Japan,Credit Card,9226,2025-09-15 15:45:02.131786,0,2,0,0
958,808.34,Japan,Wire,5881,2025-09-29 17:19:02.131786,0,2,4,0
959,1655.8,Germany,Debit Card,1067,2025-09-26 01:28:02.131786,0,0,2,1
960,1063.01,UK,Wire,1188,2025-09-17 15:32:02.131786,0,5,4,0
961,454.81,Japan,Wire,5136,2025-10-04 05:00:02.131786,0,2,4,0
962,320.01,UK,Crypto,1682,2025-10-12 18:38:02.131786,0,5,1,0
963,465.75,UK,Wire,4138,2025-09-26 08:27:02.131786,0,5,4,0
964,828.17,India,Crypto,4190,2025-09-20 12:06:02.131786,0,1,1,0
965,349.59,Japan,UPI,1852,2025-09-27 16:22:02.131786,0,2,3,0
966,844.19,Japan,Crypto,8353,2025-10-14 19:13:02.131786,0,2,1,0
967,778.2,USA,Wire,8237,2025-09-23 07:38:02.131786,0,6,4,0
968,218.17,UK,UPI,9948,2025-09-12 22:12:02.131786,0,5,3,0
969,1049.56,Germany,UPI,2694,2025-10-14 08:55:02.131786,0,0,3,0
970,656.17,India,Debit Card,3595,2025-09-28 01:29:02.131786,0,1,2,0
971,1603.27,USA,Wire,6467,2025-09-16 17:13:02.131786,0,6,4,0
972,492.52,India,Credit Card,2218,2025-09-23 08:12:02.131786,0,1,0,0
973,391.53,Germany,Wire,6899,2025-10-05 19:22:02.131786,0,0,4,0
974,192.87,USA,Credit Card,9675,2025-10-11 11:19:02.131786,0,6,0,0
975,189.98,India,Debit Card,5683,2025-09-21 07:24:02.131786,0,1,2,0
976,965.75,Germany,Wire,8447,2025-09-20 13:34:02.131786,0,0,4,0
977,1498.22,USA,Debit Card,9000,2025-09-15 23:54:02.131786,0,6,2,0
978,460.63,Germany,Credit Card,8759,2025-10-04 08:42:02.131786,0,0,0,0
979,437.42,USA,Crypto,1281,2025-10-08 04:25:02.131786,0,6,1,0
980,527.62,Japan,Wire,9821,2025-10-06 22:15:02.131786,0,2,4,0
981,1098.49,Japan,UPI,3466,2025-09-10 07:07:02.131786,0,2,3,0
982,219.97,India,UPI,5175,2025-10-08 09:53:02.131786,0,1,3,0
983,598.12,UK,Debit Card,5921,2025-10-10 17:59:02.131786,0,5,2,0
984,980.78,UK,Crypto,7556,2025-09-28 22:10:02.131786,0,5,1,0
985,720.27,Germany,UPI,3381,2025-09-09 06:56:02.131786,0,0,3,0
986,13.78,USA,UPI,3936,2025-10-10 01:40:02.131786,0,6,3,0
987,811.17,Japan,Wire,7906,2025-09-17 20:14:02.131786,0,2,4,0
988,5514.9849580096425,UK,UPI,9993,2025-09-08 04:01:02.131786,1,5,3,1
989,1243.02,Japan,Credit Card,7139,2025-10-07 12:49:02.131786,0,2,0,0
990,1420.45,Germany,Debit Card,4449,2025-09-16 03:24:02.131786,0,0,2,0
991,1201.73,Germany,UPI,8574,2025-09-17 16:03:02.131786,0,0,3,0
992,529.79,USA,Wire,4001,2025-10-05 17:15:02.131786,0,6,4,0
993,100.81,UK,Credit Card,6999,2025-10-07 03:36:02.131786,0,5,0,0
994,434.93,Germany,UPI,6074,2025-09-13 12:25:02.131786,0,0,3,0
995,517.08,Germany,Debit Card,9624,2025-09-24 03:52:02.131786,0,0,2,0
996,1485.73,Japan,Debit Card,6548,2025-09-16 08:25:02.131786,0,2,2,0
997,264.05,India,Debit Card,5347,2025-10-13 16:16:02.131786,0,1,2,0
998,143.21,UK,UPI,7119,2025-09-20 20:46:02.131786,0,5,3,0
999,351.48,USA,Credit Card,8050,2025-09-30 12:00:02.131786,0,6,0,0
1000,276.91,USA,Crypto,6942,2025-09-22 00:20:02.131786,0,6,1,0
1001,129.17,Japan,Debit Card,9412,2025-09-21 23:07:02.131786,0,2,2,0
1002,468.5,USA,Credit Card,5655,2025-10-11 14:46:02.131786,0,6,0,0
1003,532.61,Germany,Wire,6177,2025-10-02 06:05:02.131786,0,0,4,0
1004,121.29,UK,Wire,4808,2025-10-17 11:01:02.131786,0,5,4,0
1005,389.55,USA,Credit Card,8816,2025-09-23 13:59:02.131786,0,6,0,0
1006,261.6,UK,Wire,8874,2025-10-08 10:12:02.131786,0,5,4,0
1007,545.89,USA,Wire,6837,2025-10-02 02:30:02.131786,0,6,4,0
1008,587.2,India,Debit Card,1779,2025-10-12 16:24:02.131786,0,1,2,0
1009,261.65,India,UPI,3262,2025-09-28 17:25:02.131786,0,1,3,0
1010,1043.24,UK,UPI,8885,2025-09-25 09:46:02.131786,0,5,3,0
1011,508.3,India,UPI,5731,2025-10-06 09:21:02.131786,0,1,3,0
1012,272.76,India,UPI,2039,2025-09-29 19:51:02.131786,0,1,3,0
1013,113.02,Germany,Credit Card,8955,2025-09-18 08:24:02.131786,0,0,0,0
1014,610.76,USA,Debit Card,8566,2025-09-08 15:01:02.131786,0,6,2,0
1015,724.04,India,Credit Card,3280,2025-10-04 21:45:02.131786,0,1,0,0
1016,335.28,UK,Wire,2388,2025-09-23 19:15:02.131786,0,5,4,0
1017,559.03,Germany,Debit Card,8081,2025-10-10 09:32:02.131786,0,0,2,0
1018,1420.4,India,Crypto,8162,2025-10-17 23:35:02.131786,0,1,1,0
1019,933.98,UK,UPI,9119,2025-09-29 12:04:02.131786,0,5,3,0
1020,43.88,USA,Wire,4508,2025-10-01 13:08:02.131786,0,6,4,0
1021,269.99,India,UPI,3118,2025-09-09 02:56:02.131786,0,1,3,0
1022,450.87,UK,UPI,2582,2025-10-12 17:59:02.131786,0,5,3,0
1023,530.36,UK,UPI,8892,2025-09-14 14:28:02.131786,0,5,3,0
1024,568.21,Japan,Crypto,4445,2025-09-23 18:03:02.131786,0,2,1,0
1025,691.44,UK,Wire,9649,2025-10-04 05:54:02.131786,0,5,4,0
1026,462.78,Japan,UPI,3818,2025-09-27 23:58:02.131786,0,2,3,0
1027,507.34,USA,UPI,1676,2025-09-16 15:58:02.131786,0,6,3,0
1028,967.45,Vietnam,Debit Card,9996,2025-09-30 14:45:02.131786,1,8,2,1
1029,619.65,Germany,UPI,6387,2025-09-12 08:16:02.131786,0,0,3,0
1030,174.97,Japan,Debit Card,6749,2025-09-19 08:42:02.131786,0,2,2,0
1031,543.23,UK,Wire,7336,2025-10-03 15:51:02.131786,0,5,4,0
1032,451.85,Germany,Wire,1111,2025-09-29 03:39:02.131786,0,0,4,0
1033,67.94,Germany,Wire,4379,2025-09-23 12:21:02.131786,0,0,4,0
1034,564.5,USA,Debit Card,4873,2025-09-15 06:16:02.131786,0,6,2,0
1035,885.1697259298273,UK,Crypto,9996,2025-09-20 01:07:02.131786,1,5,1,0
1036,977.3,Japan,Crypto,4151,2025-10-01 22:39:02.131786,0,2,1,0
1037,684.37,USA,UPI,8645,2025-09-13 21:13:02.131786,0,6,3,0
1038,165.55,Germany,Wire,6606,2025-10-10 03:25:02.131786,0,0,4,0
1039,947.15,India,Credit Card,2944,2025-09-27 09:35:02.131786,0,1,0,0
1040,1256.43,Germany,UPI,3500,2025-09-13 04:21:02.131786,0,0,3,0
1041,409.28,India,Crypto,9604,2025-09-12 11:06:02.131786,0,1,1,0
1042,449.77,USA,Crypto,3651,2025-09-11 12:20:02.131786,0,6,1,0
1043,884.35,Japan,Wire,9377,2025-09-22 19:38:02.131786,0,2,4,0
1044,1194.4,UK,Debit Card,4158,2025-09-24 11:24:02.131786,0,5,2,0
1045,92.96,India,UPI,8391,2025-09-11 21:16:02.131786,0,1,3,0
1046,185.32,UK,Debit Card,5077,2025-09-09 19:53:02.131786,0,5,2,0
1047,357.17,USA,Crypto,1050,2025-09-25 11:01:02.131786,0,6,1,0
1048,389.94,USA,Wire,2169,2025-10-04 21:17:02.131786,0,6,4,0
1049,866.83,USA,Crypto,8612,2025-09-12 07:49:02.131786,0,6,1,0
1050,1198.53,Japan,Wire,6403,2025-10-05 12:36:02.131786,0,2,4,0
1051,1258.74,India,Credit Card,9227,2025-09-10 15:03:02.131786,0,1,0,0
1052,90.34,UK,Debit Card,9468,2025-10-13 14:31:02.131786,0,5,2,0
1053,248.33,Germany,UPI,6815,2025-09-26 15:26:02.131786,0,0,3,0
1054,303.85,USA,Wire,8153,2025-09-10 21:38:02.131786,0,6,4,0
1055,247.42,UK,Credit Card,7325,2025-10-17 04:54:02.131786,0,5,0,0
1056,682.88,UK,Credit Card,7614,2025-09-25 13:52:02.131786,0,5,0,0
1057,742.82,Japan,Debit Card,6931,2025-09-25 21:07:02.131786,0,2,2,0
1058,502.49,India,Wire,1888,2025-09-22 09:55:02.131786,0,1,4,0
1059,466.55,Japan,UPI,1403,2025-10-05 06:49:02.131786,0,2,3,0
1060,369.95,Japan,UPI,8976,2025-09-30 15:27:02.131786,0,2,3,0
1061,406.32,UK,UPI,4985,2025-09-20 01:55:02.131786,0,5,3,0
1062,1409.88,India,Crypto,7549,2025-10-08 21:52:02.131786,0,1,1,0
1063,821.42,India,Crypto,7146,2025-10-12 05:54:02.131786,0,1,1,0
1064,381.54,India,Wire,6128,2025-10-07 02:46:02.131786,0,1,4,0
1065,459.58,USA,UPI,3587,2025-10-15 17:01:02.131786,0,6,3,0
1066,694.22,India,Credit Card,1289,2025-09-12 06:25:02.131786,0,1,0,0
1067,165.49,UK,UPI,3228,2025-09-10 19:34:02.131786,0,5,3,0
1068,557.43,USA,Wire,6411,2025-10-08 01:01:02.131786,0,6,4,0
1069,790.06,Germany,UPI,1647,2025-10-09 06:09:02.131786,0,0,3,0
1070,720.14,Japan,Debit Card,4154,2025-10-11 21:53:02.131786,0,2,2,0
1071,252.75,India,UPI,1265,2025-09-27 12:35:02.131786,0,1,3,0
1072,296.03,Germany,Credit Card,4488,2025-10-01 18:09:02.131786,0,0,0,0
1073,58.45,India,Wire,3778,2025-09-23 09:54:02.131786,0,1,4,0
1074,849.2,Japan,Wire,5956,2025-09-16 21:46:02.131786,0,2,4,0
1075,1810.26,UK,Credit Card,9210,2025-09-21 02:35:02.131786,0,5,0,1
1076,221.76,UK,Wire,5466,2025-10-13 15:37:02.131786,0,5,4,0
1077,1059.1,Japan,UPI,8552,2025-09-27 07:07:02.131786,0,2,3,0
1078,1706.62,Germany,Wire,4827,2025-10-03 23:08:02.131786,0,0,4,0
1079,340.57,USA,UPI,1642,2025-10-18 02:36:02.131786,0,6,3,0
1080,460.08,USA,Wire,1816,2025-10-14 00:29:02.131786,0,6,4,0
1081,604.85,India,UPI,3191,2025-09-11 23:47:02.131786,0,1,3,0
1082,703.89,Japan,UPI,6926,2025-09-22 01:52:02.131786,0,2,3,0
1083,629.05,Japan,Credit Card,3668,2025-09-23 19:36:02.131786,0,2,0,0
1084,363.14,USA,Credit Card,8559,2025-09-27 08:14:02.131786,0,6,0,0
1085,781.44,Germany,Crypto,4372,2025-09-07 21:46:02.131786,0,0,1,0
1086,370.08,Japan,Credit Card,8008,2025-10-15 13:50:02.131786,0,2,0,0
1087,660.73,UK,UPI,9720,2025-10-18 01:40:02.131786,0,5,3,0
1088,488.75,UK,UPI,5062,2025-10-01 20:34:02.131786,0,5,3,0
1089,79.7,Japan,Wire,7892,2025-09-15 20:42:02.131786,0,2,4,0
1090,1165.28,Germany,Wire,7070,2025-10-10 13:05:02.131786,0,0,4,0
1091,302.96,UK,Crypto,8502,2025-09-26 17:58:02.131786,0,5,1,0
1092,1243.57,Russia,UPI,9995,2025-10-14 00:10:02.131786,1,4,3,0
1093,1030.67,USA,Crypto,4892,2025-09-28 10:53:02.131786,0,6,1,0
1094,591.54,India,UPI,3800,2025-09-17 05:55:02.131786,0,1,3,0
1095,730.2,USA,Credit Card,1930,2025-09-19 06:58:02.131786,0,6,0,0
1096,793.83,India,Wire,6249,2025-09-12 02:46:02.131786,0,1,4,0
1097,427.4,UK,Crypto,5193,2025-09-11 20:47:02.131786,0,5,1,0
1098,443.67,India,Debit Card,9984,2025-09-30 14:34:02.131786,0,1,2,0
1099,766.91,India,UPI,5035,2025-09-08 08:48:02.131786,0,1,3,0
1100,492.79,Japan,Credit Card,5383,2025-10-11 02:31:02.131786,0,2,0,0
1101,364.12,India,Debit Card,7312,2025-09-07 06:17:02.131786,0,1,2,0
1102,256.43,Japan,Credit Card,4150,2025-09-08 04:17:02.131786,0,2,0,0
1103,674.8,India,Credit Card,5358,2025-09-15 13:56:02.131786,0,1,0,0
1104,294.43,Nigeria,UPI,9998,2025-09-09 23:55:02.131786,1,3,3,0
1105,913.9,UK,Credit Card,7866,2025-10-11 23:43:02.131786,0,5,0,0
1106,967.44,UK,Crypto,3577,2025-09-21 03:59:02.131786,0,5,1,0
1107,726.21,India,Debit Card,5880,2025-10-14 19:26:02.131786,0,1,2,0
1108,836.69,Germany,Credit Card,5305,2025-09-23 19:28:02.131786,0,0,0,0
1109,727.74,UK,Credit Card,5050,2025-09-21 18:37:02.131786,0,5,0,0
1110,878.48,USA,Wire,4148,2025-10-07 04:38:02.131786,0,6,4,0
1111,852.72,USA,Wire,7154,2025-09-10 13:48:02.131786,0,6,4,0
1112,648.84,Japan,Crypto,9060,2025-09-17 22:24:02.131786,0,2,1,0
1113,1039.54,Germany,Wire,6126,2025-10-02 15:43:02.131786,0,0,4,0
1114,439.47,Japan,Credit Card,2946,2025-09-15 18:15:02.131786,0,2,0,0
1115,263.43,India,Credit Card,2572,2025-10-03 17:18:02.131786,0,1,0,0
1116,251.61,UK,Debit Card,1199,2025-09-18 02:44:02.131786,0,5,2,0
1117,389.96,Germany,Wire,3377,2025-10-12 17:57:02.131786,0,0,4,0
1118,66.74,Japan,UPI,5068,2025-09-22 09:41:02.131786,0,2,3,0
1119,587.24,Japan,Wire,9281,2025-09-30 07:53:02.131786,0,2,4,0
1120,801.25,USA,Credit Card,1590,2025-09-26 22:53:02.131786,0,6,0,0
1121,958.12,India,Debit Card,7198,2025-10-05 11:01:02.131786,0,1,2,0
1122,100.06,Japan,Wire,7031,2025-09-13 03:20:02.131786,0,2,4,0
1123,258.95,USA,Debit Card,6340,2025-10-14 09:57:02.131786,0,6,2,0
1124,894.97,Germany,Wire,9283,2025-10-10 01:35:02.131786,0,0,4,0
1125,428.63,Japan,Crypto,9131,2025-10-01 10:24:02.131786,0,2,1,0
1126,788.68,USA,Credit Card,1589,2025-10-18 00:47:02.131786,0,6,0,0
1127,157.23,India,Credit Card,4638,2025-10-14 01:33:02.131786,0,1,0,0
1128,1233.8,UK,UPI,4314,2025-09-30 10:36:02.131786,0,5,3,0
1129,145.1,Germany,Credit Card,1785,2025-10-17 11:49:02.131786,0,0,0,0
1130,574.64,Japan,UPI,9075,2025-09-07 05:41:02.131786,0,2,3,0
1131,585.68,USA,Credit Card,5045,2025-09-29 14:08:02.131786,0,6,0,0
1132,332.74,Japan,Wire,4784,2025-09-20 23:37:02.131786,0,2,4,0
1133,708.11,UK,Wire,2177,2025-09-22 21:52:02.131786,0,5,4,0
1134,722.43,Japan,Crypto,2277,2025-10-14 06:46:02.131786,0,2,1,0
1135,667.9,Japan,Wire,3965,2025-09-27 02:31:02.131786,0,2,4,0
1136,327.65,USA,Debit Card,9493,2025-09-10 01:55:02.131786,0,6,2,0
1137,276.32,UK,Wire,3344,2025-09-13 13:24:02.131786,0,5,4,0
1138,357.65,Germany,UPI,8658,2025-09-10 22:01:02.131786,0,0,3,0
1139,244.33,USA,Crypto,6163,2025-09-16 10:14:02.131786,0,6,1,0
1140,1071.97,UK,Debit Card,4215,2025-09-12 17:45:02.131786,0,5,2,0
1141,383.46,UK,Debit Card,9187,2025-09-15 23:14:02.131786,0,5,2,0
1142,562.55,Japan,Credit Card,1061,2025-09-10 07:33:02.131786,0,2,0,0
1143,892.47,India,UPI,1857,2025-10-15 11:25:02.131786,0,1,3,0
1144,233.74,Nigeria,Wire,9991,2025-09-14 10:43:02.131786,1,3,4,0
1145,138.9,Germany,Wire,2340,2025-09-07 04:22:02.131786,0,0,4,0
1146,245.09,Japan,Credit Card,6554,2025-09-13 02:10:02.131786,0,2,0,0
1147,608.74,India,Wire,6015,2025-09-24 13:54:02.131786,0,1,4,0
1148,578.79,USA,Debit Card,1974,2025-09-23 20:53:02.131786,0,6,2,0
1149,666.99,Germany,Wire,5637,2025-09-24 06:31:02.131786,0,0,4,0
1150,461.08,Japan,Wire,4652,2025-10-02 22:51:02.131786,0,2,4,0
1151,25.39,USA,Debit Card,4303,2025-09-09 18:25:02.131786,0,6,2,0
1152,449.78,India,UPI,2711,2025-10-08 02:14:02.131786,0,1,3,0
1153,974.84,India,UPI,1789,2025-09-14 09:28:02.131786,0,1,3,0
1154,1147.81,India,Debit Card,1580,2025-10-11 18:37:02.131786,0,1,2,0
1155,535.13,India,Debit Card,9543,2025-09-10 12:02:02.131786,0,1,2,0
1156,580.38,UK,Crypto,3302,2025-09-26 11:22:02.131786,0,5,1,0
1157,778.41,Germany,Crypto,2073,2025-09-29 20:46:02.131786,0,0,1,0
1158,1126.21,Germany,Wire,6373,2025-09-30 17:22:02.131786,0,0,4,0
1159,500.2,India,Wire,8561,2025-10-15 15:09:02.131786,0,1,4,0
1160,770.86,Germany,Crypto,2882,2025-09-24 08:09:02.131786,0,0,1,0
1161,315.65,USA,Wire,5345,2025-10-08 18:53:02.131786,0,6,4,0
1162,160.58,USA,UPI,2260,2025-10-10 04:57:02.131786,0,6,3,0
1163,344.2,Germany,UPI,8047,2025-09-07 17:00:02.131786,0,0,3,0
1164,1299.88,India,Credit Card,1231,2025-10-08 14:44:02.131786,0,1,0,0
1165,781.77,Japan,Crypto,5729,2025-09-29 19:20:02.131786,0,2,1,0
1166,175.91,India,UPI,4536,2025-09-26 04:55:02.131786,0,1,3,0
1167,807.22,UK,Credit Card,4492,2025-10-15 19:51:02.131786,0,5,0,0
1168,189.16,Japan,Debit Card,6119,2025-09-13 00:16:02.131786,0,2,2,0
1169,660.41,UK,UPI,2302,2025-09-07 19:08:02.131786,0,5,3,0
1170,225.69,Germany,Credit Card,5314,2025-09-22 14:01:02.131786,0,0,0,0
1171,166.33,UK,Wire,9888,2025-10-01 19:59:02.131786,0,5,4,0
1172,1444.19,Germany,Credit Card,1306,2025-09-13 00:16:02.131786,0,0,0,1
1173,383.22,UK,UPI,9505,2025-09-13 02:56:02.131786,0,5,3,0
1174,771.89,Japan,Wire,4474,2025-10-07 08:44:02.131786,0,2,4,0
1175,516.02,UK,Wire,6848,2025-09-08 17:58:02.131786,0,5,4,0
1176,203.63,India,Credit Card,8655,2025-10-10 03:33:02.131786,0,1,0,0
1177,416.59,Germany,Credit Card,2402,2025-09-18 19:58:02.131786,0,0,0,0
1178,205.3,USA,UPI,5376,2025-10-12 02:23:02.131786,0,6,3,0
1179,2137.34,UK,Wire,9226,2025-09-27 23:46:02.131786,0,5,4,1
1180,869.59,Germany,Crypto,3117,2025-09-19 23:13:02.131786,0,0,1,0
1181,508.75,USA,Credit Card,9551,2025-10-06 19:55:02.131786,0,6,0,0
1182,743.24,Germany,Crypto,6809,2025-10-11 13:08:02.131786,0,0,1,0
1183,831.39,Germany,Crypto,7030,2025-09-14 09:57:02.131786,0,0,1,0
1184,832.92,USA,Wire,1407,2025-09-10 16:50:02.131786,0,6,4,0
1185,808.49,USA,UPI,6680,2025-10-07 04:53:02.131786,0,6,3,0
1186,766.02,Japan,Crypto,5675,2025-10-13 09:32:02.131786,0,2,1,0
1187,540.5,UK,UPI,6503,2025-10-04 13:42:02.131786,0,5,3,0
1188,1371.87,UK,Credit Card,7224,2025-09-22 23:26:02.131786,0,5,0,0
1189,566.56,Russia,Wire,9990,2025-10-15 00:46:02.131786,1,4,4,0
1190,519.97,India,Debit Card,3092,2025-09-17 02:58:02.131786,0,1,2,0
1191,570.18,India,Wire,8526,2025-10-04 01:01:02.131786,0,1,4,0
1192,600.56,Germany,Debit Card,1136,2025-10-12 16:08:02.131786,0,0,2,0
1193,100.95,Japan,Credit Card,2484,2025-09-20 05:21:02.131786,0,2,0,0
1194,242.87,USA,UPI,4376,2025-10-17 15:52:02.131786,0,6,3,0
1195,461.07,Germany,Credit Card,7372,2025-09-19 00:12:02.131786,0,0,0,0
1196,95.42,UK,Wire,7326,2025-09-26 08:55:02.131786,0,5,4,0
1197,508.13,India,Debit Card,1466,2025-10-11 11:07:02.131786,0,1,2,0
1198,594.78,India,Debit Card,5933,2025-09-25 09:00:02.131786,0,1,2,0
1199,153.52,India,Wire,1974,2025-09-13 19:04:02.131786,0,1,4,0
1200,297.26,Japan,Wire,6187,2025-10-02 11:55:02.131786,0,2,4,0
1201,1178.76,UK,Credit Card,8012,2025-10-16 04:56:02.131786,0,5,0,0
1202,748.59,Vietnam,Crypto,9993,2025-10-11 16:32:02.131786,1,8,1,1
1203,718.85,USA,Debit Card,3651,2025-10-13 20:54:02.131786,0,6,2,0
1204,1084.33,Germany,Wire,2799,2025-10-04 02:26:02.131786,0,0,4,0
1205,247.12,Germany,Credit Card,2015,2025-10-13 08:51:02.131786,0,0,0,0
1206,153.97,India,Crypto,7238,2025-10-01 07:51:02.131786,0,1,1,0
1207,988.16,India,UPI,9876,2025-10-18 05:45:02.131786,0,1,3,0
1208,471.16,USA,Wire,9560,2025-10-16 21:58:02.131786,0,6,4,0
1209,241.28,Japan,Crypto,7422,2025-10-11 17:14:02.131786,0,2,1,0
1210,100.05,UK,UPI,7047,2025-09-26 07:26:02.131786,0,5,3,0
1211,575.02,USA,UPI,7549,2025-09-14 00:45:02.131786,0,6,3,0
1212,429.95,Germany,Credit Card,7589,2025-09-30 07:43:02.131786,0,0,0,0
1213,373.95,Germany,Debit Card,7216,2025-10-03 08:00:02.131786,0,0,2,0
1214,39.45,Japan,Wire,2344,2025-09-25 11:20:02.131786,0,2,4,0
1215,1360.07,USA,Crypto,5117,2025-09-27 11:47:02.131786,0,6,1,0
1216,126.42,UK,UPI,9370,2025-10-02 01:39:02.131786,0,5,3,0
1217,403.67,USA,Debit Card,8539,2025-10-07 00:27:02.131786,0,6,2,0
1218,351.5,USA,UPI,8864,2025-10-04 14:45:02.131786,0,6,3,0
1219,764.34,Japan,Wire,2479,2025-10-09 03:05:02.131786,0,2,4,0
1220,101.32,UK,Wire,6348,2025-09-20 22:08:02.131786,0,5,4,0
1221,701.21,Germany,Credit Card,4066,2025-10-15 09:30:02.131786,0,0,0,0
1222,577.13,India,Wire,8091,2025-09-20 11:25:02.131786,0,1,4,0
1223,284.94,UK,Wire,5626,2025-09-18 12:11:02.131786,0,5,4,0
1224,683.75,Germany,Wire,3472,2025-09-18 17:53:02.131786,0,0,4,0
1225,507.45,Japan,Debit Card,1958,2025-10-16 23:21:02.131786,0,2,2,0
1226,1574.95,UK,Crypto,2488,2025-10-11 12:27:02.131786,0,5,1,0
1227,429.65,UK,Crypto,5767,2025-09-30 12:29:02.131786,0,5,1,0
1228,213.52,Germany,Wire,2933,2025-09-10 15:02:02.131786,0,0,4,0
1229,706.19,Germany,Crypto,6727,2025-09-23 20:13:02.131786,0,0,1,0
1230,388.29,USA,Wire,6149,2025-10-12 06:58:02.131786,0,6,4,0
1231,499.73,USA,Crypto,6752,2025-09-10 16:22:02.131786,0,6,1,0
1232,155.24,UK,Crypto,8156,2025-09-16 03:33:02.131786,0,5,1,0
1233,772.57,India,UPI,5974,2025-09-26 14:03:02.131786,0,1,3,0
1234,339.15,Japan,Debit Card,8090,2025-10-04 08:24:02.131786,0,2,2,0
1235,610.21,Germany,UPI,4937,2025-10-03 17:06:02.131786,0,0,3,0
1236,1833.78,USA,UPI,4261,2025-10-09 16:03:02.131786,0,6,3,0
1237,410.3,Vietnam,Crypto,9991,2025-10-11 13:26:02.131786,1,8,1,1
1238,847.15,UK,Credit Card,7797,2025-09-25 08:17:02.131786,0,5,0,0
1239,433.05,Germany,Credit Card,6568,2025-10-06 04:06:02.131786,0,0,0,0
1240,288.31,Germany,Debit Card,5768,2025-09-10 02:46:02.131786,0,0,2,0
1241,1206.18,USA,Wire,5213,2025-09-19 09:48:02.131786,0,6,4,0
1242,69.52,India,Crypto,6177,2025-10-09 07:08:02.131786,0,1,1,0
1243,1000.52,Germany,Debit Card,9046,2025-10-08 10:59:02.131786,0,0,2,0
1244,243.07477200211073,India,UPI,9996,2025-10-11 00:18:02.131786,1,1,3,0
1245,931.5,Japan,Crypto,7601,2025-10-03 05:59:02.131786,0,2,1,0
1246,505.55,Germany,UPI,9897,2025-10-10 21:25:02.131786,0,0,3,0
1247,214.07,Germany,Debit Card,3689,2025-10-13 18:21:02.131786,0,0,2,0
1248,358.34,India,Credit Card,8109,2025-10-06 16:42:02.131786,0,1,0,0
1249,815.7,USA,Debit Card,5581,2025-09-07 10:56:02.131786,0,6,2,0
1250,1722.55,UK,Crypto,8287,2025-10-07 22:45:02.131786,0,5,1,0
1251,105.92,Japan,Crypto,8034,2025-09-18 17:33:02.131786,0,2,1,0
1252,226.43,Germany,Wire,2967,2025-10-03 13:43:02.131786,0,0,4,0
1253,141.48,USA,Credit Card,6080,2025-09-27 20:18:02.131786,0,6,0,0
1254,430.27,Germany,Crypto,5438,2025-10-11 05:56:02.131786,0,0,1,0
1255,948.64,Japan,Credit Card,4128,2025-10-07 11:35:02.131786,0,2,0,0
1256,122.25,UK,Crypto,6335,2025-10-15 11:32:02.131786,0,5,1,0
1257,495.33,Germany,Credit Card,6822,2025-09-14 00:49:02.131786,0,0,0,0
1258,928.15,India,Debit Card,9219,2025-09-24 20:00:02.131786,0,1,2,0
1259,354.1,Vietnam,Credit Card,9990,2025-10-15 00:14:02.131786,1,8,0,1
1260,581.08,UK,UPI,5668,2025-09-21 15:25:02.131786,0,5,3,0
1261,5338.38779734402,Germany,Debit Card,9997,2025-10-10 09:45:02.131786,1,0,2,1
1262,189.32,UK,Crypto,2778,2025-10-14 18:19:02.131786,0,5,1,0
1263,79.07,India,Crypto,4103,2025-09-11 11:34:02.131786,0,1,1,0
1264,634.3,Germany,Wire,6866,2025-09-18 04:11:02.131786,0,0,4,0
1265,647.1,UK,UPI,6530,2025-09-16 19:08:02.131786,0,5,3,0
1266,334.04,Germany,Wire,4088,2025-09-09 16:24:02.131786,0,0,4,0
1267,281.3,Germany,Debit Card,9091,2025-09-07 15:56:02.131786,0,0,2,0
1268,513.34,UK,Wire,7744,2025-09-12 13:04:02.131786,0,5,4,0
1269,186.06,Ukraine,Debit Card,9992,2025-10-05 06:51:02.131786,1,7,2,0
1270,186.35,India,Wire,5465,2025-09-14 17:20:02.131786,0,1,4,0
1271,811.97,UK,Credit Card,9355,2025-10-06 22:58:02.131786,0,5,0,0
1272,174.0,UK,Debit Card,7593,2025-10-12 04:20:02.131786,0,5,2,0
1273,85.2,India,Debit Card,7687,2025-09-08 09:49:02.131786,0,1,2,0
1274,280.81,India,Credit Card,1350,2025-10-07 08:52:02.131786,0,1,0,0
1275,340.84,India,Credit Card,7522,2025-10-13 23:41:02.131786,0,1,0,0
1276,701.15,Germany,UPI,1200,2025-10-04 05:11:02.131786,0,0,3,0
1277,302.45,Germany,Credit Card,8274,2025-09-20 00:23:02.131786,0,0,0,0
1278,1277.96,Japan,Wire,3552,2025-10-01 07:30:02.131786,0,2,4,0
1279,533.78,Germany,Credit Card,8155,2025-10-07 20:23:02.131786,0,0,0,0
1280,247.74,India,Credit Card,8551,2025-09-08 08:05:02.131786,0,1,0,0
1281,680.18,Japan,Debit Card,2051,2025-09-13 11:49:02.131786,0,2,2,0
1282,1262.98,India,Debit Card,9478,2025-09-27 03:40:02.131786,0,1,2,0
1283,796.6,USA,Credit Card,8510,2025-10-03 23:27:02.131786,0,6,0,0
1284,114.56,UK,UPI,4558,2025-10-14 17:50:02.131786,0,5,3,0
1285,365.54,USA,Debit Card,9298,2025-10-13 23:21:02.131786,0,6,2,0
1286,603.3,India,Wire,3553,2025-09-19 22:01:02.131786,0,1,4,0
1287,773.72,Germany,Wire,4513,2025-09-23 10:46:02.131786,0,0,4,0
1288,432.35,Nigeria,Credit Card,9996,2025-10-08 17:48:02.131786,1,3,0,0
1289,385.8,Germany,Credit Card,7222,2025-10-05 14:55:02.131786,0,0,0,0
1290,1567.36,Germany,UPI,9932,2025-09-08 11:48:02.131786,0,0,3,0
1291,804.8,UK,Credit Card,8653,2025-10-12 08:43:02.131786,0,5,0,0
1292,681.7,UK,Crypto,1022,2025-09-19 06:09:02.131786,0,5,1,0
1293,313.44,USA,Crypto,1360,2025-10-05 04:39:02.131786,0,6,1,0
1294,183.49,India,Credit Card,5795,2025-09-24 00:14:02.131786,0,1,0,0
1295,690.26,Germany,Crypto,2450,2025-09-11 07:50:02.131786,0,0,1,0
1296,866.42,India,Wire,9408,2025-09-14 16:23:02.131786,0,1,4,0
1297,497.84,India,Credit Card,6785,2025-09-26 11:49:02.131786,0,1,0,0
1298,806.3,Japan,Wire,3754,2025-10-10 07:17:02.131786,0,2,4,0
1299,820.65,USA,Wire,1627,2025-09-13 17:55:02.131786,0,6,4,0
1300,906.22,Germany,Crypto,4267,2025-10-06 01:18:02.131786,0,0,1,0
1301,112.43,UK,UPI,1566,2025-10-14 03:16:02.131786,0,5,3,0
1302,374.08,UK,Wire,4758,2025-09-24 21:21:02.131786,0,5,4,0
1303,720.05,India,Crypto,3020,2025-10-17 23:58:02.131786,0,1,1,0
1304,519.53,USA,UPI,4530,2025-09-24 18:46:02.131786,0,6,3,0
1305,822.43,USA,Crypto,3506,2025-09-30 04:03:02.131786,0,6,1,0
1306,681.41,Germany,Crypto,5409,2025-09-30 08:25:02.131786,0,0,1,0
1307,43.77,Germany,Credit Card,9920,2025-10-12 12:04:02.131786,0,0,0,0
1308,1056.67,India,Debit Card,4328,2025-10-18 01:21:02.131786,0,1,2,0
1309,336.53,India,UPI,1473,2025-10-06 17:01:02.131786,0,1,3,0
1310,234.76,India,Crypto,1605,2025-09-21 18:19:02.131786,0,1,1,0
1311,1033.11,Japan,Wire,6683,2025-09-27 16:32:02.131786,0,2,4,0
1312,779.06,USA,Wire,4602,2025-10-15 02:03:02.131786,0,6,4,0
1313,1131.59,India,Debit Card,8404,2025-09-16 22:17:02.131786,0,1,2,0
1314,608.16,USA,UPI,4754,2025-09-07 09:32:02.131786,0,6,3,0
1315,370.18,UK,Credit Card,5370,2025-10-09 08:14:02.131786,0,5,0,0
1316,557.62,UK,UPI,4878,2025-09-24 17:58:02.131786,0,5,3,0
1317,197.9,USA,Wire,4743,2025-09-26 04:51:02.131786,0,6,4,0
1318,137.78,UK,Wire,5847,2025-09-28 00:35:02.131786,0,5,4,0
1319,293.74,UK,Credit Card,6678,2025-10-16 11:50:02.131786,0,5,0,0
1320,1360.29,UK,Credit Card,7097,2025-09-09 13:10:02.131786,0,5,0,0
1321,319.87,Germany,Wire,1675,2025-09-27 08:29:02.131786,0,0,4,0
1322,87.41,Germany,Crypto,5053,2025-10-08 12:24:02.131786,0,0,1,0
1323,442.02,USA,Crypto,1709,2025-09-14 20:43:02.131786,0,6,1,0
1324,316.29,USA,Credit Card,1922,2025-10-13 18:30:02.131786,0,6,0,0
1325,1069.63,Japan,Crypto,4399,2025-09-13 03:40:02.131786,0,2,1,0
1326,1296.97,Germany,Credit Card,1407,2025-09-14 04:22:02.131786,0,0,0,1
1327,356.35,USA,UPI,2109,2025-09-23 17:22:02.131786,0,6,3,0
1328,607.73,Germany,UPI,4592,2025-09-09 09:51:02.131786,0,0,3,0
1329,645.32,Japan,UPI,4959,2025-10-18 09:13:02.131786,0,2,3,0
1330,481.39,USA,Credit Card,7641,2025-09-20 02:43:02.131786,0,6,0,0
1331,415.97,USA,Credit Card,2490,2025-09-30 03:29:02.131786,0,6,0,0
1332,220.67,USA,Crypto,5200,2025-09-20 01:46:02.131786,0,6,1,0
1333,71.66,USA,Crypto,2481,2025-10-05 21:11:02.131786,0,6,1,0
1334,219.49,India,Crypto,2280,2025-09-26 02:19:02.131786,0,1,1,0
1335,468.38,Germany,Debit Card,5854,2025-10-01 20:12:02.131786,0,0,2,0
1336,122.48,Germany,Credit Card,9055,2025-10-07 05:32:02.131786,0,0,0,0
1337,584.65,Germany,UPI,9303,2025-10-10 23:13:02.131786,0,0,3,0
1338,527.34,Japan,UPI,7166,2025-09-27 10:54:02.131786,0,2,3,0
1339,316.75,Nigeria,Debit Card,9993,2025-10-02 12:36:02.131786,1,3,2,0
1340,402.0,Germany,Debit Card,9061,2025-10-05 09:20:02.131786,0,0,2,0
1341,146.67,Germany,UPI,7458,2025-10-15 16:50:02.131786,0,0,3,0
1342,895.12,USA,Credit Card,9393,2025-09-09 01:16:02.131786,0,6,0,0
1343,884.69,USA,UPI,5752,2025-10-09 14:03:02.131786,0,6,3,0
1344,174.1,USA,UPI,2531,2025-09-12 19:59:02.131786,0,6,3,0
1345,179.08,Germany,Debit Card,9722,2025-09-20 01:27:02.131786,0,0,2,0
1346,222.19,USA,Debit Card,2617,2025-09-28 04:38:02.131786,0,6,2,0
1347,745.44,Germany,Crypto,6154,2025-09-13 13:26:02.131786,0,0,1,0
1348,643.85,Japan,Debit Card,6654,2025-09-26 03:28:02.131786,0,2,2,0
1349,1025.2,Japan,UPI,9556,2025-09-08 20:38:02.131786,0,2,3,0
1350,1103.54,UK,Crypto,4371,2025-09-22 13:31:02.131786,0,5,1,0
1351,110.54,India,UPI,7559,2025-10-14 19:46:02.131786,0,1,3,0
1352,726.79,USA,Credit Card,6465,2025-10-10 20:38:02.131786,0,6,0,0
1353,1074.11,USA,Credit Card,2372,2025-09-27 15:59:02.131786,0,6,0,0
1354,381.45,India,Debit Card,3237,2025-10-11 22:58:02.131786,0,1,2,0
1355,490.93,India,Crypto,4474,2025-09-29 07:20:02.131786,0,1,1,0
1356,435.47,UK,Wire,5444,2025-10-16 11:43:02.131786,0,5,4,0
1357,450.79,India,Credit Card,5468,2025-10-14 21:28:02.131786,0,1,0,0
1358,893.01,Germany,Credit Card,6758,2025-10-05 23:20:02.131786,0,0,0,0
1359,1529.81,USA,Credit Card,4576,2025-09-25 16:08:02.131786,0,6,0,1
1360,1248.57,India,Credit Card,4975,2025-10-17 23:26:02.131786,0,1,0,0
1361,329.4,Germany,Debit Card,6674,2025-10-05 17:19:02.131786,0,0,2,0
1362,609.15,India,Crypto,2526,2025-10-01 02:36:02.131786,0,1,1,0
1363,253.73,Germany,Credit Card,7789,2025-10-14 05:18:02.131786,0,0,0,0
1364,277.41,Japan,Debit Card,2036,2025-09-09 18:51:02.131786,0,2,2,0
1365,474.43,Germany,Crypto,5618,2025-09-08 00:56:02.131786,0,0,1,0
1366,270.86,UK,Crypto,3230,2025-09-08 21:09:02.131786,0,5,1,0
1367,307.31,Germany,Wire,2042,2025-09-07 09:25:02.131786,0,0,4,0
1368,598.57,India,UPI,8941,2025-09-26 23:00:02.131786,0,1,3,0
1369,719.57,Japan,Credit Card,7168,2025-09-20 06:32:02.131786,0,2,0,0
1370,705.99,Japan,Debit Card,2329,2025-09-28 12:30:02.131786,0,2,2,0
1371,711.0,Germany,Crypto,4655,2025-10-03 23:58:02.131786,0,0,1,0
1372,157.52,India,Wire,6553,2025-09-20 13:26:02.131786,0,1,4,0
1373,258.81,Japan,UPI,6541,2025-10-03 17:20:02.131786,0,2,3,0
1374,514.84,Germany,Crypto,4905,2025-09-27 14:14:02.131786,0,0,1,0
1375,1041.32,Germany,Crypto,2080,2025-10-09 19:45:02.131786,0,0,1,0
1376,2088.0,Germany,Credit Card,1823,2025-09-14 02:44:02.131786,0,0,0,1
1377,627.14,Japan,UPI,4619,2025-09-17 01:11:02.131786,0,2,3,0
1378,834.76,USA,UPI,4250,2025-10-06 22:56:02.131786,0,6,3,0
1379,140.1,India,Debit Card,3115,2025-09-18 06:25:02.131786,0,1,2,0
1380,819.24,UK,Wire,4567,2025-09-14 21:38:02.131786,0,5,4,0
1381,1736.79,UK,Debit Card,6120,2025-09-22 00:51:02.131786,0,5,2,0
1382,257.97,India,Wire,9239,2025-09-15 07:44:02.131786,0,1,4,0
1383,315.93,USA,Debit Card,2440,2025-09-29 15:05:02.131786,0,6,2,0
1384,912.27,India,Wire,1944,2025-09-09 02:57:02.131786,0,1,4,0
1385,509.9,Germany,Credit Card,4268,2025-10-06 13:43:02.131786,0,0,0,0
1386,64.14,India,Wire,4119,2025-09-26 20:22:02.131786,0,1,4,0
1387,332.3,India,Debit Card,7072,2025-09-07 20:50:02.131786,0,1,2,0
1388,1293.42,Japan,UPI,9546,2025-09-14 04:14:02.131786,0,2,3,0
1389,399.55,UK,Crypto,4305,2025-10-08 07:07:02.131786,0,5,1,0
1390,399.29,UK,Wire,5795,2025-10-10 11:35:02.131786,0,5,4,0
1391,872.83,Nigeria,Wire,9992,2025-10-12 00:29:02.131786,1,3,4,0
1392,643.6,Germany,UPI,7769,2025-09-08 23:50:02.131786,0,0,3,0
1393,382.35,Japan,Credit Card,1368,2025-09-15 17:02:02.131786,0,2,0,0
1394,298.39,Germany,Debit Card,2192,2025-09-22 11:03:02.131786,0,0,2,0
1395,2732.64,USA,Credit Card,2386,2025-10-16 07:48:02.131786,0,6,0,1
1396,1153.58,Japan,Wire,8344,2025-10-01 07:50:02.131786,0,2,4,0
1397,710.81,Japan,Wire,3547,2025-10-07 10:11:02.131786,0,2,4,0
1398,743.32,India,Credit Card,5799,2025-09-07 18:29:02.131786,0,1,0,0
1399,452.97,India,Debit Card,7315,2025-09-17 10:44:02.131786,0,1,2,0
1400,638.04,USA,Wire,2553,2025-09-24 06:49:02.131786,0,6,4,0
1401,3108.9572753126185,Japan,Wire,9990,2025-09-14 01:16:02.131786,1,2,4,1
1402,237.43,Japan,Credit Card,1111,2025-10-18 02:11:02.131786,0,2,0,0
1403,656.26,India,Crypto,5072,2025-10-09 11:45:02.131786,0,1,1,0
1404,388.14,UK,UPI,2063,2025-10-06 01:18:02.131786,0,5,3,0
1405,680.99,UK,Wire,5197,2025-09-26 07:02:02.131786,0,5,4,0
1406,773.78,India,Debit Card,2392,2025-09-23 09:48:02.131786,0,1,2,0
1407,706.78,Germany,Crypto,2197,2025-09-19 00:36:02.131786,0,0,1,0
1408,220.19,Japan,Credit Card,1340,2025-10-09 06:55:02.131786,0,2,0,0
1409,355.15,USA,Credit Card,6015,2025-09-10 22:14:02.131786,0,6,0,0
1410,394.2,UK,Debit Card,3861,2025-10-14 07:28:02.131786,0,5,2,0
1411,981.15,Germany,Crypto,9019,2025-10-13 08:30:02.131786,0,0,1,0
1412,946.74,Japan,Debit Card,6794,2025-09-17 12:52:02.131786,0,2,2,0
1413,272.46,Germany,Wire,4306,2025-09-10 11:29:02.131786,0,0,4,0
1414,153.81,Japan,Crypto,7362,2025-10-14 02:30:02.131786,0,2,1,0
1415,2151.75,Japan,UPI,7308,2025-10-08 17:17:02.131786,0,2,3,0
1416,687.13,India,UPI,4584,2025-10-02 08:28:02.131786,0,1,3,0
1417,133.73,India,Debit Card,7524,2025-10-02 18:38:02.131786,0,1,2,0
1418,311.61,USA,UPI,6303,2025-10-16 19:24:02.131786,0,6,3,0
1419,1009.07,USA,Debit Card,2926,2025-09-30 13:31:02.131786,0,6,2,0
1420,1823.41,Germany,Wire,4519,2025-10-02 01:49:02.131786,0,0,4,1
1421,1631.04,India,Wire,8787,2025-10-06 22:51:02.131786,0,1,4,0
1422,666.59,Japan,Debit Card,8549,2025-09-12 06:42:02.131786,0,2,2,0
1423,501.31,India,Wire,3013,2025-10-15 04:11:02.131786,0,1,4,0
1424,201.15,Japan,UPI,1447,2025-09-08 15:56:02.131786,0,2,3,0
1425,533.93,India,Wire,2720,2025-09-25 13:09:02.131786,0,1,4,0
1426,227.22,Japan,UPI,5093,2025-09-12 16:47:02.131786,0,2,3,0
1427,358.01,Germany,UPI,1033,2025-10-17 10:14:02.131786,0,0,3,0
1428,911.62,India,Credit Card,1496,2025-10-08 22:19:02.131786,0,1,0,0
1429,414.53,UK,Wire,2403,2025-09-30 11:35:02.131786,0,5,4,0
1430,392.68,UK,Wire,4219,2025-10-08 05:26:02.131786,0,5,4,0
1431,480.81,Japan,Debit Card,9077,2025-10-10 00:53:02.131786,0,2,2,0
1432,2356.81,Germany,Debit Card,3710,2025-09-24 06:38:02.131786,0,0,2,1
1433,181.15,Japan,Crypto,6670,2025-09-26 23:02:02.131786,0,2,1,0
1434,616.76,Germany,UPI,6218,2025-10-11 01:52:02.131786,0,0,3,0
1435,1537.2,USA,Credit Card,4602,2025-10-05 14:23:02.131786,0,6,0,1
1436,479.71,India,UPI,7104,2025-10-04 15:37:02.131786,0,1,3,0
1437,1139.36,Germany,Wire,5096,2025-10-14 16:10:02.131786,0,0,4,0
1438,143.34,Japan,Crypto,3334,2025-09-26 12:39:02.131786,0,2,1,0
1439,425.43,USA,UPI,7116,2025-09-25 15:14:02.131786,0,6,3,0
1440,249.75,Japan,Crypto,2279,2025-10-14 01:09:02.131786,0,2,1,0
1441,3971.390322317223,UK,UPI,9997,2025-09-30 16:39:02.131786,1,5,3,1
1442,483.6,UK,Wire,5949,2025-10-16 09:50:02.131786,0,5,4,0
1443,522.81,India,Wire,1049,2025-09-11 05:06:02.131786,0,1,4,0
1444,905.84,India,UPI,6651,2025-10-15 17:41:02.131786,0,1,3,0
1445,37.01,USA,Credit Card,8210,2025-10-08 15:00:02.131786,0,6,0,0
1446,299.91,UK,Wire,4588,2025-10-02 01:12:02.131786,0,5,4,0
1447,586.38,Germany,Debit Card,5046,2025-10-01 08:44:02.131786,0,0,2,0
1448,68.49,UK,Credit Card,1065,2025-10-17 03:49:02.131786,0,5,0,0
1449,780.47,India,UPI,7539,2025-10-04 03:49:02.131786,0,1,3,0
1450,295.08,Japan,Credit Card,6370,2025-09-15 01:59:02.131786,0,2,0,0
1451,431.88,USA,Debit Card,5223,2025-10-16 16:55:02.131786,0,6,2,0
1452,934.12,UK,Wire,1187,2025-09-24 15:24:02.131786,0,5,4,0
1453,1174.12,Germany,Wire,6302,2025-10-07 05:42:02.131786,0,0,4,0
1454,797.16,Germany,Wire,3888,2025-09-08 10:09:02.131786,0,0,4,0
1455,176.14,Germany,Debit Card,5857,2025-09-24 09:42:02.131786,0,0,2,0
1456,769.62,USA,Credit Card,1666,2025-10-18 05:29:02.131786,0,6,0,0
1457,806.08,Germany,UPI,8579,2025-09-27 02:24:02.131786,0,0,3,0
1458,698.84,Germany,UPI,6138,2025-09-29 18:57:02.131786,0,0,3,0
1459,1302.34,UK,Credit Card,4852,2025-09-09 21:42:02.131786,0,5,0,0
1460,533.17,USA,Wire,5140,2025-10-02 10:19:02.131786,0,6,4,0
1461,1269.36,Japan,UPI,1617,2025-10-15 07:56:02.131786,0,2,3,0
1462,1264.26,Japan,Wire,1792,2025-09-20 15:19:02.131786,0,2,4,0
1463,821.93,Germany,Crypto,3444,2025-10-16 23:15:02.131786,0,0,1,0
1464,623.88,India,Crypto,5233,2025-09-19 06:26:02.131786,0,1,1,0
1465,701.7,USA,UPI,2350,2025-09-29 23:23:02.131786,0,6,3,0
1466,1489.66,India,Credit Card,3275,2025-09-11 08:10:02.131786,0,1,0,0
1467,1040.42,USA,Credit Card,7250,2025-09-13 19:07:02.131786,0,6,0,0
1468,197.24,USA,Credit Card,3206,2025-09-24 07:17:02.131786,0,6,0,0
1469,670.49,UK,Wire,2917,2025-09-15 15:24:02.131786,0,5,4,0
1470,238.32,Germany,Crypto,1608,2025-10-11 02:06:02.131786,0,0,1,0
1471,287.58,UK,Wire,9960,2025-09-16 20:03:02.131786,0,5,4,0
1472,369.79,India,Debit Card,1783,2025-09-24 10:18:02.131786,0,1,2,0
1473,129.29,India,Debit Card,8066,2025-10-14 05:15:02.131786,0,1,2,0
1474,224.39,Japan,UPI,3389,2025-09-11 00:20:02.131786,0,2,3,0
1475,1349.42,UK,Debit Card,1167,2025-10-11 13:50:02.131786,0,5,2,0
1476,286.05,UK,Credit Card,5779,2025-10-07 23:25:02.131786,0,5,0,0
1477,909.35,UK,UPI,7775,2025-10-17 03:52:02.131786,0,5,3,0
1478,569.55,Japan,Crypto,4256,2025-10-05 12:58:02.131786,0,2,1,0
1479,746.34,UK,Crypto,3479,2025-09-07 23:02:02.131786,0,5,1,0
1480,768.81,UK,Debit Card,8591,2025-09-13 13:18:02.131786,0,5,2,0
1481,215.3,UK,Debit Card,3816,2025-09-28 12:06:02.131786,0,5,2,0
1482,905.69,UK,Crypto,9982,2025-10-05 13:50:02.131786,0,5,1,0
1483,158.44,India,Debit Card,2474,2025-09-14 17:12:02.131786,0,1,2,0
1484,275.78,Germany,Debit Card,9125,2025-09-19 09:33:02.131786,0,0,2,0
1485,760.99,India,Wire,5001,2025-09-16 17:19:02.131786,0,1,4,0
1486,202.28,UK,Crypto,8471,2025-09-25 01:57:02.131786,0,5,1,0
1487,60.0,USA,Crypto,8740,2025-09-21 07:19:02.131786,0,6,1,0
1488,648.01,USA,Debit Card,7026,2025-09-07 02:51:02.131786,0,6,2,0
1489,105.84,Japan,Credit Card,5750,2025-09-25 09:24:02.131786,0,2,0,0
1490,811.85,India,Wire,8306,2025-10-06 03:24:02.131786,0,1,4,0
1491,391.9,Japan,Credit Card,9943,2025-09-17 22:51:02.131786,0,2,0,0
1492,641.32,Japan,Debit Card,2232,2025-10-08 20:03:02.131786,0,2,2,0
1493,632.71,USA,Crypto,7081,2025-10-03 09:10:02.131786,0,6,1,0
1494,854.11,India,Credit Card,5414,2025-09-09 11:06:02.131786,0,1,0,0
1495,776.7,Germany,UPI,4860,2025-10-04 02:49:02.131786,0,0,3,0
1496,200.56,India,Credit Card,5728,2025-09-13 10:56:02.131786,0,1,0,0
1497,411.3,Japan,Crypto,8645,2025-10-07 12:15:02.131786,0,2,1,0
1498,640.77,UK,Debit Card,3699,2025-10-17 12:07:02.131786,0,5,2,0
1499,1284.49,Japan,Credit Card,8279,2025-09-17 11:30:02.131786,0,2,0,0
1500,781.7,India,Debit Card,9074,2025-09-21 17:16:02.131786,0,1,2,0
1501,1211.5,USA,Wire,6045,2025-09-28 19:19:02.131786,0,6,4,0
1502,665.27,India,UPI,3000,2025-09-27 16:01:02.131786,0,1,3,0
1503,1052.73,Germany,Crypto,7006,2025-09-10 22:56:02.131786,0,0,1,0
1504,602.91,UK,Crypto,1239,2025-09-24 17:54:02.131786,0,5,1,0
1505,1023.81,UK,Debit Card,8439,2025-10-03 16:55:02.131786,0,5,2,0
1506,375.87,Japan,UPI,3190,2025-10-06 13:43:02.131786,0,2,3,0
1507,1382.82,India,Crypto,5214,2025-10-18 12:38:02.131786,0,1,1,0
1508,719.66,USA,Credit Card,5691,2025-09-23 16:31:02.131786,0,6,0,0
1509,130.28,Germany,Crypto,3015,2025-10-15 03:18:02.131786,0,0,1,0
1510,656.33,Japan,Credit Card,6370,2025-10-06 19:02:02.131786,0,2,0,0
1511,783.49,India,Crypto,1162,2025-09-07 23:02:02.131786,0,1,1,0
1512,927.18,USA,Credit Card,5749,2025-10-08 20:51:02.131786,0,6,0,0
1513,1702.94,India,Wire,9541,2025-09-07 15:47:02.131786,0,1,4,0
1514,328.59,USA,Debit Card,1030,2025-10-05 07:34:02.131786,0,6,2,0
1515,1710.34,India,Wire,7601,2025-10-02 16:38:02.131786,0,1,4,0
1516,501.43,India,Credit Card,9005,2025-09-12 15:31:02.131786,0,1,0,0
1517,264.04,Japan,Debit Card,3175,2025-10-05 10:43:02.131786,0,2,2,0
1518,334.61,India,UPI,3826,2025-09-13 05:17:02.131786,0,1,3,0
1519,751.22,India,Credit Card,4619,2025-10-16 06:55:02.131786,0,1,0,0
1520,230.8,Japan,Crypto,6065,2025-09-09 11:14:02.131786,0,2,1,0
1521,381.11,Japan,Crypto,1847,2025-09-09 02:36:02.131786,0,2,1,0
1522,644.65,UK,UPI,1791,2025-09-20 19:58:02.131786,0,5,3,0
1523,1375.77,UK,Wire,8892,2025-09-30 12:03:02.131786,0,5,4,0
1524,909.03,Japan,Credit Card,1508,2025-10-11 15:22:02.131786,0,2,0,0
1525,517.04,Germany,Crypto,8079,2025-10-03 01:36:02.131786,0,0,1,0
1526,748.81,USA,Debit Card,8977,2025-09-26 18:22:02.131786,0,6,2,0
1527,599.41,Japan,UPI,5332,2025-10-04 05:45:02.131786,0,2,3,0
1528,173.57,UK,Wire,8775,2025-09-30 19:53:02.131786,0,5,4,0
1529,1534.62,India,Wire,4024,2025-09-27 15:46:02.131786,0,1,4,0
1530,1390.17,Japan,Debit Card,4070,2025-09-25 02:26:02.131786,0,2,2,0
1531,471.9,Japan,Debit Card,2074,2025-10-02 08:51:02.131786,0,2,2,0
1532,344.68,UK,UPI,6968,2025-10-10 17:24:02.131786,0,5,3,0
1533,177.5,UK,Debit Card,1468,2025-10-07 22:05:02.131786,0,5,2,0
1534,782.03,Germany,Crypto,2915,2025-10-11 08:17:02.131786,0,0,1,0
1535,785.59,UK,Wire,5483,2025-09-19 14:24:02.131786,0,5,4,0
1536,248.7,UK,Debit Card,8229,2025-10-02 19:45:02.131786,0,5,2,0
1537,604.6,UK,Credit Card,8320,2025-10-13 19:59:02.131786,0,5,0,0
1538,889.77,India,Debit Card,1735,2025-09-24 15:42:02.131786,0,1,2,0
1539,325.47,Japan,Wire,9133,2025-09-19 04:45:02.131786,0,2,4,0
1540,427.7,Japan,Crypto,9169,2025-10-05 15:40:02.131786,0,2,1,0
1541,424.43,UK,Debit Card,6048,2025-09-26 06:38:02.131786,0,5,2,0
1542,263.01,Germany,Crypto,6821,2025-10-16 14:08:02.131786,0,0,1,0
1543,434.61,Russia,Credit Card,9995,2025-09-10 16:16:02.131786,1,4,0,0
1544,108.08,Germany,Wire,5477,2025-10-06 08:47:02.131786,0,0,4,0
1545,407.2,Japan,UPI,1095,2025-09-26 08:15:02.131786,0,2,3,0
1546,412.18,Germany,Wire,5388,2025-09-23 19:15:02.131786,0,0,4,0
1547,476.46,Germany,UPI,5436,2025-09-08 06:22:02.131786,0,0,3,0
1548,709.62,USA,UPI,9910,2025-09-14 05:28:02.131786,0,6,3,0
1549,163.78,Germany,Wire,7681,2025-09-13 13:50:02.131786,0,0,4,0
1550,195.27,Germany,UPI,8015,2025-10-12 02:49:02.131786,0,0,3,0
1551,257.14,India,Crypto,8374,2025-09-08 09:10:02.131786,0,1,1,0
1552,147.27,Japan,Credit Card,6055,2025-10-16 21:10:02.131786,0,2,0,0
1553,767.67,UK,Debit Card,8658,2025-09-28 18:46:02.131786,0,5,2,0
1554,313.69,USA,UPI,8002,2025-09-23 22:36:02.131786,0,6,3,0
1555,487.92,Germany,UPI,7010,2025-09-23 18:04:02.131786,0,0,3,0
1556,238.13,India,Wire,4681,2025-10-03 14:37:02.131786,0,1,4,0
1557,373.25,India,Crypto,8190,2025-10-03 12:28:02.131786,0,1,1,0
1558,625.92,UK,Debit Card,3809,2025-09-24 15:42:02.131786,0,5,2,0
1559,648.08,UK,UPI,7035,2025-09-20 21:41:02.131786,0,5,3,0
1560,203.23,Japan,Crypto,7126,2025-10-08 21:35:02.131786,0,2,1,0
1561,469.43,Germany,Debit Card,9696,2025-09-10 02:31:02.131786,0,0,2,0
1562,241.78,India,Wire,7128,2025-09-16 15:19:02.131786,0,1,4,0
1563,456.13,USA,UPI,6978,2025-10-01 19:32:02.131786,0,6,3,0
1564,292.03,Japan,Wire,5060,2025-09-13 07:10:02.131786,0,2,4,0
1565,1598.54,Germany,Wire,3984,2025-09-27 07:09:02.131786,0,0,4,0
1566,886.25,UK,UPI,3796,2025-09-26 06:05:02.131786,0,5,3,0
1567,668.55,Germany,Crypto,6444,2025-09-09 13:34:02.131786,0,0,1,0
1568,399.58,UK,Crypto,5931,2025-10-08 08:56:02.131786,0,5,1,0
1569,903.95,Germany,Wire,4926,2025-10-15 02:46:02.131786,0,0,4,0
1570,479.98,USA,Wire,8956,2025-09-22 17:45:02.131786,0,6,4,0
1571,1492.99,Japan,Credit Card,4808,2025-09-26 02:26:02.131786,0,2,0,0
1572,966.43,UK,Debit Card,9680,2025-09-24 11:03:02.131786,0,5,2,0
1573,371.06,USA,Wire,8311,2025-10-04 14:51:02.131786,0,6,4,0
1574,1382.42,India,Wire,7943,2025-09-13 19:47:02.131786,0,1,4,0
1575,401.21,USA,Debit Card,3713,2025-09-22 02:10:02.131786,0,6,2,0
1576,1659.46,USA,UPI,7118,2025-10-01 23:45:02.131786,0,6,3,0
1577,1431.1,USA,Crypto,6713,2025-09-14 10:43:02.131786,0,6,1,0
1578,623.46,UK,UPI,2414,2025-09-25 00:44:02.131786,0,5,3,0
1579,112.6,India,Debit Card,7231,2025-10-11 09:31:02.131786,0,1,2,0
1580,588.74,Japan,Debit Card,9591,2025-09-19 03:11:02.131786,0,2,2,0
1581,184.05,USA,Credit Card,5055,2025-09-20 05:25:02.131786,0,6,0,0
1582,299.59,UK,Credit Card,5099,2025-09-25 22:07:02.131786,0,5,0,0
1583,318.92,UK,Crypto,6292,2025-09-23 21:50:02.131786,0,5,1,0
1584,182.55,Japan,Wire,4817,2025-09-27 20:42:02.131786,0,2,4,0
1585,590.37,Germany,Debit Card,7482,2025-10-13 10:58:02.131786,0,0,2,0
1586,270.31,India,Credit Card,6325,2025-09-27 00:25:02.131786,0,1,0,0
1587,415.93,India,UPI,7201,2025-09-22 02:51:02.131786,0,1,3,0
1588,321.19,USA,Credit Card,6900,2025-09-16 11:50:02.131786,0,6,0,0
1589,711.79,Germany,UPI,4323,2025-09-08 02:51:02.131786,0,0,3,0
1590,675.54,India,Credit Card,8646,2025-09-13 05:46:02.131786,0,1,0,0
1591,390.01,USA,UPI,3603,2025-09-08 06:13:02.131786,0,6,3,0
1592,737.05,Germany,Credit Card,2565,2025-10-09 17:13:02.131786,0,0,0,0
1593,1143.0,UK,Credit Card,5619,2025-09-28 01:02:02.131786,0,5,0,0
1594,49.03,USA,Crypto,2315,2025-10-17 12:16:02.131786,0,6,1,0
1595,306.04,Germany,Wire,8367,2025-09-09 03:38:02.131786,0,0,4,0
1596,217.93,Japan,Debit Card,5119,2025-09-29 05:13:02.131786,0,2,2,0
1597,283.4,India,Wire,2654,2025-10-14 22:56:02.131786,0,1,4,0
1598,37.6,USA,Crypto,4458,2025-09-14 22:37:02.131786,0,6,1,0
1599,46.31,UK,UPI,1241,2025-09-27 03:48:02.131786,0,5,3,0
1600,330.35,USA,Wire,5298,2025-09-24 20:32:02.131786,0,6,4,0
1601,322.62,India,Debit Card,5332,2025-09-10 03:42:02.131786,0,1,2,0
1602,1253.48,India,Debit Card,4069,2025-10-16 14:47:02.131786,0,1,2,0
1603,556.73,Germany,UPI,9485,2025-10-14 17:11:02.131786,0,0,3,0
1604,723.82,UK,Debit Card,5305,2025-09-11 06:28:02.131786,0,5,2,0
1605,4083.07,Germany,Crypto,9979,2025-10-02 09:08:02.131786,0,0,1,1
1606,1509.58,UK,Wire,2632,2025-09-10 20:11:02.131786,0,5,4,0
1607,482.58,USA,Debit Card,4073,2025-10-17 22:45:02.131786,0,6,2,0
1608,353.03,USA,Wire,5070,2025-09-16 23:22:02.131786,0,6,4,0
1609,310.18,Germany,Credit Card,3276,2025-09-19 21:24:02.131786,0,0,0,0
1610,638.78,Japan,Wire,3601,2025-10-17 05:40:02.131786,0,2,4,0
1611,355.51,India,UPI,9577,2025-09-15 08:57:02.131786,0,1,3,0
1612,177.61,Ukraine,Crypto,9992,2025-09-21 16:43:02.131786,1,7,1,0
1613,320.0,Germany,Debit Card,1527,2025-09-11 13:05:02.131786,0,0,2,0
1614,652.07,USA,Crypto,2411,2025-09-16 10:53:02.131786,0,6,1,0
1615,815.26,India,Wire,6085,2025-10-05 05:20:02.131786,0,1,4,0
1616,1612.07,Germany,Debit Card,5197,2025-09-29 00:48:02.131786,0,0,2,0
1617,538.95,USA,Crypto,1389,2025-09-29 04:26:02.131786,0,6,1,0
1618,1188.55,USA,UPI,4638,2025-10-17 21:11:02.131786,0,6,3,0
1619,428.32,Germany,Credit Card,4792,2025-10-01 23:25:02.131786,0,0,0,0
1620,475.55,Germany,Credit Card,1840,2025-09-30 20:59:02.131786,0,0,0,0
1621,456.32,USA,UPI,6712,2025-10-02 15:26:02.131786,0,6,3,0
1622,587.85,Germany,Credit Card,1234,2025-09-25 04:25:02.131786,0,0,0,0
1623,917.82,India,UPI,1113,2025-09-25 10:13:02.131786,0,1,3,0
1624,343.51,USA,Wire,7079,2025-09-29 10:50:02.131786,0,6,4,0
1625,228.62,USA,UPI,4138,2025-10-07 14:57:02.131786,0,6,3,0
1626,968.75,Germany,Credit Card,1808,2025-10-03 01:54:02.131786,0,0,0,0
1627,921.82,Germany,Wire,6159,2025-09-12 13:16:02.131786,0,0,4,0
1628,6102.899958479971,Germany,UPI,9993,2025-10-11 01:36:02.131786,1,0,3,1
1629,300.66,India,UPI,1410,2025-09-25 15:10:02.131786,0,1,3,0
1630,416.26,USA,Wire,2318,2025-09-22 20:44:02.131786,0,6,4,0
1631,993.8,Japan,Debit Card,6684,2025-09-08 16:13:02.131786,0,2,2,0
1632,340.22,India,Credit Card,5903,2025-09-11 23:41:02.131786,0,1,0,0
1633,791.34,India,Debit Card,1066,2025-09-22 11:31:02.131786,0,1,2,0
1634,429.79,USA,Wire,7546,2025-10-03 07:12:02.131786,0,6,4,0
1635,636.3,Japan,Wire,3253,2025-10-17 23:52:02.131786,0,2,4,0
1636,174.21,USA,Crypto,9532,2025-10-05 06:52:02.131786,0,6,1,0
1637,533.73,India,Crypto,9187,2025-10-01 12:27:02.131786,0,1,1,0
1638,1127.62,Germany,Wire,6953,2025-09-28 22:48:02.131786,0,0,4,0
1639,865.57,USA,Crypto,1955,2025-10-08 13:58:02.131786,0,6,1,0
1640,215.18,USA,UPI,5304,2025-10-15 19:04:02.131786,0,6,3,0
1641,1528.0,Germany,Debit Card,6633,2025-10-10 02:50:02.131786,0,0,2,0
1642,1081.39,Japan,Wire,3010,2025-10-10 05:14:02.131786,0,2,4,0
1643,182.27,Japan,UPI,7819,2025-09-27 00:41:02.131786,0,2,3,0
1644,321.84,USA,Credit Card,2888,2025-09-24 06:58:02.131786,0,6,0,0
1645,192.28,Germany,Credit Card,1368,2025-09-28 05:11:02.131786,0,0,0,0
1646,649.33,USA,Crypto,2762,2025-10-07 03:53:02.131786,0,6,1,0
1647,310.04,Germany,Crypto,1993,2025-10-10 20:54:02.131786,0,0,1,0
1648,64.88,India,UPI,9273,2025-09-20 06:19:02.131786,0,1,3,0
1649,473.89,Germany,Credit Card,2187,2025-10-02 20:18:02.131786,0,0,0,0
1650,942.54,USA,Wire,1376,2025-10-05 10:45:02.131786,0,6,4,0
1651,542.09,UK,Debit Card,1002,2025-09-15 09:25:02.131786,0,5,2,0
1652,741.41,Japan,Crypto,1683,2025-09-22 15:10:02.131786,0,2,1,0
1653,581.45,USA,UPI,4727,2025-09-20 04:26:02.131786,0,6,3,0
1654,840.73,Germany,Crypto,1763,2025-10-01 15:02:02.131786,0,0,1,0
1655,620.37,Germany,UPI,9457,2025-09-24 19:05:02.131786,0,0,3,0
1656,453.96,Japan,Credit Card,3482,2025-09-26 17:57:02.131786,0,2,0,0
1657,537.04,USA,Crypto,1724,2025-09-18 07:42:02.131786,0,6,1,0
1658,1347.25,Russia,UPI,9995,2025-09-27 14:29:02.131786,1,4,3,0
1659,771.33,India,UPI,6346,2025-09-30 00:35:02.131786,0,1,3,0
1660,214.51,UK,Crypto,3423,2025-09-20 23:04:02.131786,0,5,1,0
1661,530.61,India,Debit Card,6381,2025-09-27 13:21:02.131786,0,1,2,0
1662,640.91,India,Wire,3475,2025-09-11 01:58:02.131786,0,1,4,0
1663,442.25,USA,Credit Card,6127,2025-10-08 13:07:02.131786,0,6,0,0
1664,65.32,India,Crypto,7049,2025-09-16 06:01:02.131786,0,1,1,0
1665,235.32,Germany,Crypto,6997,2025-09-08 15:40:02.131786,0,0,1,0
1666,356.31,India,Debit Card,8424,2025-09-20 00:43:02.131786,0,1,2,0
1667,1645.33,India,Credit Card,7786,2025-09-20 20:37:02.131786,0,1,0,0
1668,712.85,Japan,Crypto,7707,2025-09-17 10:50:02.131786,0,2,1,0
1669,108.26,Japan,Debit Card,6338,2025-10-09 01:13:02.131786,0,2,2,0
1670,464.6,USA,Wire,3291,2025-09-15 13:03:02.131786,0,6,4,0
1671,1209.31,USA,UPI,6034,2025-10-12 14:18:02.131786,0,6,3,0
1672,306.32,Germany,Wire,5398,2025-09-27 10:31:02.131786,0,0,4,0
1673,1019.62,Nigeria,Wire,9995,2025-09-21 21:31:02.131786,1,3,4,0
1674,112.22,UK,Wire,5946,2025-10-01 19:29:02.131786,0,5,4,0
1675,9.7,USA,Wire,9238,2025-09-15 01:36:02.131786,0,6,4,0
1676,1123.8,USA,UPI,4661,2025-10-14 01:31:02.131786,0,6,3,0
1677,341.22,Japan,Credit Card,3564,2025-09-17 04:45:02.131786,0,2,0,0
1678,364.12,Japan,Credit Card,4325,2025-10-05 19:32:02.131786,0,2,0,0
1679,577.44,Germany,Debit Card,5927,2025-10-06 13:11:02.131786,0,0,2,0
1680,694.94,Japan,Debit Card,1755,2025-09-11 02:11:02.131786,0,2,2,0
1681,22.85,India,Crypto,2452,2025-10-15 01:04:02.131786,0,1,1,0
1682,285.94,UK,Wire,7179,2025-09-22 07:40:02.131786,0,5,4,0
1683,523.19,India,Wire,1904,2025-09-22 06:05:02.131786,0,1,4,0
1684,693.81,India,UPI,3454,2025-09-28 12:28:02.131786,0,1,3,0
1685,212.14,India,Wire,4487,2025-10-17 13:15:02.131786,0,1,4,0
1686,424.17,USA,UPI,5060,2025-09-25 13:23:02.131786,0,6,3,0
1687,305.5,India,Crypto,6804,2025-09-21 09:47:02.131786,0,1,1,0
1688,591.96,USA,Debit Card,9970,2025-09-25 20:47:02.131786,0,6,2,0
1689,1096.65,Japan,Debit Card,2790,2025-09-29 03:54:02.131786,0,2,2,0
1690,380.75,UK,Crypto,8488,2025-10-10 12:15:02.131786,0,5,1,0
1691,134.69,UK,Crypto,8736,2025-10-03 06:02:02.131786,0,5,1,0
1692,272.49,India,Wire,2601,2025-09-16 09:47:02.131786,0,1,4,0
1693,1517.88,UK,Debit Card,4843,2025-09-18 09:20:02.131786,0,5,2,0
1694,236.17,USA,Credit Card,7267,2025-09-12 21:57:02.131786,0,6,0,0
1695,163.97,Japan,Crypto,4675,2025-09-25 09:50:02.131786,0,2,1,0
1696,361.88,India,Debit Card,2005,2025-09-15 03:08:02.131786,0,1,2,0
1697,464.7,Germany,Debit Card,1231,2025-10-16 20:43:02.131786,0,0,2,0
1698,321.73,UK,UPI,7576,2025-09-26 09:15:02.131786,0,5,3,0
1699,112.91,UK,Debit Card,5586,2025-09-07 11:02:02.131786,0,5,2,0
1700,635.18,India,Crypto,3133,2025-09-24 01:07:02.131786,0,1,1,0
1701,592.42,UK,Wire,2690,2025-10-05 23:34:02.131786,0,5,4,0
1702,819.14,UK,Debit Card,2223,2025-10-07 23:43:02.131786,0,5,2,0
1703,582.53,Germany,Credit Card,5970,2025-10-14 11:37:02.131786,0,0,0,0
1704,1435.71,USA,Crypto,3203,2025-10-16 14:32:02.131786,0,6,1,0
1705,864.31,India,Wire,8882,2025-09-10 22:44:02.131786,0,1,4,0
1706,746.23,India,Wire,9343,2025-10-10 07:49:02.131786,0,1,4,0
1707,1123.98,Germany,Crypto,2351,2025-09-10 17:59:02.131786,0,0,1,0
1708,556.36,Germany,Wire,1171,2025-09-14 07:38:02.131786,0,0,4,0
1709,431.42,USA,Credit Card,6524,2025-10-17 00:26:02.131786,0,6,0,0
1710,629.93,Japan,Debit Card,2429,2025-09-27 20:12:02.131786,0,2,2,0
1711,61.1,India,Crypto,9008,2025-09-23 15:46:02.131786,0,1,1,0
1712,557.7,UK,Debit Card,5857,2025-10-18 12:02:02.131786,0,5,2,0
1713,464.3,USA,Debit Card,6817,2025-10-17 00:50:02.131786,0,6,2,0
1714,680.76,India,Wire,4433,2025-09-17 02:12:02.131786,0,1,4,0
1715,1021.71,USA,Crypto,4199,2025-10-04 05:51:02.131786,0,6,1,0
1716,761.77,Japan,Debit Card,2359,2025-09-15 00:05:02.131786,0,2,2,0
1717,273.15,India,UPI,6873,2025-09-30 23:55:02.131786,0,1,3,0
1718,909.94,UK,Credit Card,9884,2025-09-10 17:01:02.131786,0,5,0,0
1719,1449.55,India,Wire,8432,2025-09-18 12:41:02.131786,0,1,4,0
1720,1039.83,USA,Crypto,1099,2025-09-22 15:20:02.131786,0,6,1,0
1721,147.78,Japan,Crypto,4442,2025-10-13 22:52:02.131786,0,2,1,0
1722,756.06,USA,Wire,4049,2025-09-13 01:15:02.131786,0,6,4,0
1723,171.52,USA,Debit Card,9619,2025-10-11 11:14:02.131786,0,6,2,0
1724,398.16,Germany,Wire,1586,2025-10-14 17:01:02.131786,0,0,4,0
1725,666.29,USA,Crypto,1255,2025-10-13 02:44:02.131786,0,6,1,0
1726,603.86,Japan,UPI,2473,2025-09-22 14:38:02.131786,0,2,3,0
1727,1026.07,UK,Debit Card,1720,2025-09-27 18:11:02.131786,0,5,2,0
1728,1454.22,Germany,Wire,3000,2025-09-26 18:00:02.131786,0,0,4,0
1729,715.39,USA,Crypto,4007,2025-09-25 13:46:02.131786,0,6,1,0
1730,373.76,India,Crypto,8946,2025-10-08 21:06:02.131786,0,1,1,0
1731,65.16,Germany,Crypto,5502,2025-10-06 09:05:02.131786,0,0,1,0
1732,1204.09,Japan,UPI,7190,2025-09-09 12:56:02.131786,0,2,3,0
1733,466.23,India,Debit Card,6112,2025-09-29 00:32:02.131786,0,1,2,0
1734,485.59,Japan,Wire,2731,2025-09-14 09:04:02.131786,0,2,4,0
1735,516.18,India,Debit Card,5901,2025-09-30 22:17:02.131786,0,1,2,0
1736,691.95,UK,Crypto,3177,2025-09-29 07:36:02.131786,0,5,1,0
1737,706.71,Japan,UPI,2580,2025-10-13 13:18:02.131786,0,2,3,0
1738,403.34,India,UPI,4226,2025-10-11 23:42:02.131786,0,1,3,0
1739,462.59,Japan,Crypto,5590,2025-09-18 00:23:02.131786,0,2,1,0
1740,300.98,Germany,Debit Card,2852,2025-09-11 03:38:02.131786,0,0,2,0
1741,272.96,Japan,Debit Card,1081,2025-09-18 23:24:02.131786,0,2,2,0
1742,271.79,Japan,UPI,4850,2025-10-15 20:25:02.131786,0,2,3,0
1743,458.35,India,Credit Card,4012,2025-09-21 23:28:02.131786,0,1,0,0
1744,226.92,Japan,UPI,3716,2025-09-23 06:45:02.131786,0,2,3,0
1745,7.76,UK,UPI,8192,2025-10-14 23:10:02.131786,0,5,3,0
1746,368.43,USA,Wire,8501,2025-09-11 16:37:02.131786,0,6,4,0
1747,157.56,Germany,UPI,6301,2025-10-18 13:09:02.131786,0,0,3,0
1748,543.58,India,Credit Card,2455,2025-10-03 05:54:02.131786,0,1,0,0
1749,299.97,Japan,UPI,7952,2025-09-13 10:58:02.131786,0,2,3,0
1750,698.17,Japan,Debit Card,4112,2025-09-16 03:58:02.131786,0,2,2,0
1751,172.93,Japan,Wire,7588,2025-09-12 05:44:02.131786,0,2,4,0
1752,82.14,Germany,Wire,8562,2025-09-30 21:52:02.131786,0,0,4,0
1753,463.5,USA,UPI,9107,2025-10-03 12:10:02.131786,0,6,3,0
1754,355.58,UK,Wire,9752,2025-09-28 00:50:02.131786,0,5,4,0
1755,143.69,UK,Wire,6381,2025-09-26 11:31:02.131786,0,5,4,0
1756,864.8,India,UPI,3104,2025-10-06 00:50:02.131786,0,1,3,0
1757,203.62,USA,Credit Card,3053,2025-09-13 16:51:02.131786,0,6,0,0
1758,261.53,USA,UPI,8726,2025-09-22 13:47:02.131786,0,6,3,0
1759,980.85,Germany,Debit Card,1944,2025-09-17 16:06:02.131786,0,0,2,0
1760,727.47,Japan,Crypto,9085,2025-10-11 16:28:02.131786,0,2,1,0
1761,182.79,USA,Credit Card,9770,2025-09-20 11:32:02.131786,0,6,0,0
1762,382.52,Japan,UPI,9353,2025-09-08 21:54:02.131786,0,2,3,0
1763,164.96,Germany,Credit Card,8464,2025-10-13 16:34:02.131786,0,0,0,0
1764,932.14,India,Crypto,6736,2025-09-14 20:51:02.131786,0,1,1,0
1765,931.7,India,Wire,1774,2025-10-08 14:22:02.131786,0,1,4,0
1766,1596.07,Japan,Wire,1056,2025-09-15 01:35:02.131786,0,2,4,1
1767,2006.5,Japan,Crypto,7671,2025-09-10 01:13:02.131786,0,2,1,0
1768,296.91,USA,Wire,8226,2025-09-20 23:10:02.131786,0,6,4,0
1769,829.94,Germany,Credit Card,5044,2025-09-16 06:48:02.131786,0,0,0,0
1770,67.81,India,Wire,1545,2025-10-01 18:57:02.131786,0,1,4,0
1771,575.2,USA,Crypto,3980,2025-09-26 12:05:02.131786,0,6,1,0
1772,683.54,UK,Crypto,5906,2025-10-17 09:06:02.131786,0,5,1,0
1773,214.43,USA,Crypto,7395,2025-10-07 20:01:02.131786,0,6,1,0
1774,280.96,Japan,Debit Card,6498,2025-10-11 12:50:02.131786,0,2,2,0
1775,936.08,UK,Credit Card,4388,2025-10-07 10:54:02.131786,0,5,0,0
1776,695.91,USA,Crypto,4203,2025-09-22 08:07:02.131786,0,6,1,0
1777,1463.56,Germany,Credit Card,2412,2025-09-27 08:41:02.131786,0,0,0,0
1778,1352.39,India,Debit Card,1571,2025-10-12 11:10:02.131786,0,1,2,0
1779,93.7,UK,Credit Card,2740,2025-10-15 04:29:02.131786,0,5,0,0
1780,323.15,Germany,UPI,4927,2025-09-21 16:04:02.131786,0,0,3,0
1781,193.59,USA,Debit Card,1347,2025-10-02 20:18:02.131786,0,6,2,0
1782,854.5,Japan,Debit Card,1844,2025-09-20 13:52:02.131786,0,2,2,0
1783,618.14,Japan,Wire,3665,2025-10-06 13:12:02.131786,0,2,4,0
1784,206.69,Germany,Crypto,5592,2025-09-08 07:25:02.131786,0,0,1,0
1785,238.5,Japan,Debit Card,6969,2025-09-24 15:14:02.131786,0,2,2,0
1786,1156.92,India,Credit Card,7074,2025-09-11 05:18:02.131786,0,1,0,0
1787,354.98,Germany,UPI,4590,2025-09-24 21:57:02.131786,0,0,3,0
1788,54.24,Germany,Credit Card,9734,2025-10-06 22:29:02.131786,0,0,0,0
1789,189.36,Japan,Credit Card,1215,2025-09-08 21:19:02.131786,0,2,0,0
1790,1665.75,Germany,UPI,7613,2025-09-19 08:11:02.131786,0,0,3,0
1791,1000.48,USA,Wire,2369,2025-09-21 00:59:02.131786,0,6,4,0
1792,154.44,UK,Crypto,9477,2025-10-02 18:55:02.131786,0,5,1,0
1793,575.0,UK,Debit Card,9052,2025-09-22 22:14:02.131786,0,5,2,0
1794,958.32,Japan,Crypto,4059,2025-09-11 06:16:02.131786,0,2,1,0
1795,92.19,India,Wire,1050,2025-09-23 19:16:02.131786,0,1,4,0
1796,1032.35,India,UPI,6538,2025-10-01 05:14:02.131786,0,1,3,0
1797,691.13,Japan,Crypto,2725,2025-09-09 14:43:02.131786,0,2,1,0
1798,266.41,Japan,Credit Card,5566,2025-09-19 06:21:02.131786,0,2,0,0
1799,3329.023865598462,Germany,Debit Card,9993,2025-10-10 10:45:02.131786,1,0,2,1
1800,624.59,India,Debit Card,8826,2025-10-17 04:17:02.131786,0,1,2,0
1801,656.32,UK,Wire,2329,2025-10-08 00:50:02.131786,0,5,4,0
1802,559.58,Japan,Wire,5533,2025-10-11 06:37:02.131786,0,2,4,0
1803,230.51,UK,UPI,4322,2025-09-23 16:25:02.131786,0,5,3,0
1804,271.77,UK,Wire,3898,2025-09-29 00:24:02.131786,0,5,4,0
1805,413.33,India,Crypto,9940,2025-09-29 15:15:02.131786,0,1,1,0
1806,518.03,UK,Debit Card,1523,2025-09-11 00:40:02.131786,0,5,2,0
1807,804.53,Germany,UPI,9846,2025-10-11 04:14:02.131786,0,0,3,0
1808,1691.62,Germany,Wire,5601,2025-09-19 17:54:02.131786,0,0,4,0
1809,595.1,India,Credit Card,3953,2025-10-17 10:15:02.131786,0,1,0,0
1810,794.5,Germany,Debit Card,4189,2025-10-11 11:03:02.131786,0,0,2,0
1811,924.95,Japan,UPI,3108,2025-09-14 07:26:02.131786,0,2,3,0
1812,834.53,India,Debit Card,2204,2025-09-09 03:42:02.131786,0,1,2,0
1813,222.46,UK,Crypto,5039,2025-09-20 13:31:02.131786,0,5,1,0
1814,1230.12,Japan,Wire,5082,2025-10-07 17:40:02.131786,0,2,4,0
1815,1103.94,India,Wire,7456,2025-09-25 20:43:02.131786,0,1,4,0
1816,553.84,UK,Wire,9456,2025-10-06 02:02:02.131786,0,5,4,0
1817,235.01,UK,Credit Card,6148,2025-09-07 01:12:02.131786,0,5,0,0
1818,511.72,UK,Crypto,4334,2025-10-09 16:45:02.131786,0,5,1,0
1819,106.29,UK,Credit Card,1711,2025-10-08 07:06:02.131786,0,5,0,0
1820,1337.55,UK,Crypto,6710,2025-09-12 03:29:02.131786,0,5,1,0
1821,294.16,India,Crypto,1331,2025-10-11 08:46:02.131786,0,1,1,0
1822,396.53,Germany,Crypto,9159,2025-09-24 13:37:02.131786,0,0,1,0
1823,1275.18,UK,Wire,4834,2025-09-17 18:13:02.131786,0,5,4,0
1824,1175.55,Japan,Wire,9343,2025-09-11 23:39:02.131786,0,2,4,0
1825,642.67,India,Wire,9899,2025-09-30 10:49:02.131786,0,1,4,0
1826,1470.84,USA,Credit Card,8210,2025-10-09 23:42:02.131786,0,6,0,0
1827,215.93,Germany,UPI,9612,2025-09-20 01:35:02.131786,0,0,3,0
1828,642.92,Japan,Crypto,6804,2025-10-15 00:58:02.131786,0,2,1,0
1829,217.61,UK,Credit Card,8657,2025-10-07 21:18:02.131786,0,5,0,0
1830,1059.01,India,Wire,8733,2025-09-22 17:54:02.131786,0,1,4,0
1831,1034.01,India,Wire,1252,2025-10-07 12:21:02.131786,0,1,4,0
1832,1539.3,UK,UPI,6827,2025-09-14 16:42:02.131786,0,5,3,0
1833,499.88,Japan,Wire,4555,2025-09-29 22:37:02.131786,0,2,4,0
1834,1821.21,India,Crypto,9484,2025-10-07 03:47:02.131786,0,1,1,0
1835,200.97,Germany,Debit Card,9360,2025-09-13 02:57:02.131786,0,0,2,0
1836,479.41,Japan,Wire,8807,2025-10-04 12:35:02.131786,0,2,4,0
1837,207.89,UK,UPI,8552,2025-10-08 09:17:02.131786,0,5,3,0
1838,579.87,Japan,Debit Card,1036,2025-09-20 09:57:02.131786,0,2,2,0
1839,225.23,Japan,Crypto,2444,2025-09-30 03:50:02.131786,0,2,1,0
1840,1060.96,USA,Crypto,7022,2025-09-14 01:32:02.131786,0,6,1,0
1841,707.53,UK,Crypto,5391,2025-09-16 22:33:02.131786,0,5,1,0
1842,185.08,Germany,UPI,7578,2025-10-06 11:09:02.131786,0,0,3,0
1843,897.98,UK,Debit Card,8904,2025-10-06 00:08:02.131786,0,5,2,0
1844,1403.09,USA,Crypto,8793,2025-09-22 10:23:02.131786,0,6,1,0
1845,756.92,UK,Wire,7677,2025-10-12 17:59:02.131786,0,5,4,0
1846,789.0641592320145,UK,Debit Card,9997,2025-09-28 20:56:02.131786,1,5,2,0
1847,444.5,Germany,Crypto,7717,2025-10-15 01:22:02.131786,0,0,1,0
1848,826.35,USA,Debit Card,8861,2025-10-03 09:38:02.131786,0,6,2,0
1849,411.78,UK,Wire,8183,2025-10-10 11:21:02.131786,0,5,4,0
1850,198.53,UK,Credit Card,7420,2025-10-18 06:10:02.131786,0,5,0,0
1851,1143.68,India,Crypto,5744,2025-09-10 13:55:02.131786,0,1,1,0
1852,397.75,UK,Wire,5378,2025-10-02 22:13:02.131786,0,5,4,0
1853,1403.66,Germany,UPI,2662,2025-09-11 16:57:02.131786,0,0,3,0
1854,324.61,India,Crypto,1998,2025-09-24 20:07:02.131786,0,1,1,0
1855,379.25,USA,Credit Card,5302,2025-09-20 01:47:02.131786,0,6,0,0
1856,303.48,Japan,Wire,8830,2025-09-23 06:21:02.131786,0,2,4,0
1857,438.56,Germany,Wire,3524,2025-10-15 17:08:02.131786,0,0,4,0
1858,699.27,USA,Debit Card,7735,2025-10-08 20:41:02.131786,0,6,2,0
1859,208.45,India,Crypto,1130,2025-10-02 16:56:02.131786,0,1,1,0
1860,173.13,Japan,Credit Card,4016,2025-10-16 06:41:02.131786,0,2,0,0
1861,89.86,USA,UPI,2186,2025-10-03 00:55:02.131786,0,6,3,0
1862,77.35,Germany,Debit Card,5294,2025-09-24 11:21:02.131786,0,0,2,0
1863,137.33,India,Crypto,9135,2025-09-10 00:03:02.131786,0,1,1,0
1864,322.73,Germany,Credit Card,5834,2025-09-10 23:44:02.131786,0,0,0,0
1865,572.05,Germany,Debit Card,8215,2025-10-14 06:32:02.131786,0,0,2,0
1866,671.7,India,Credit Card,8989,2025-10-08 06:25:02.131786,0,1,0,0
1867,552.5,UK,Credit Card,5198,2025-09-11 20:06:02.131786,0,5,0,0
1868,1298.75,Germany,Debit Card,1005,2025-09-29 00:25:02.131786,0,0,2,0
1869,1577.32,India,Debit Card,1710,2025-09-14 23:21:02.131786,0,1,2,0
1870,399.27,Germany,Crypto,9203,2025-10-09 17:15:02.131786,0,0,1,0
1871,211.75,UK,Debit Card,3150,2025-09-27 01:09:02.131786,0,5,2,0
1872,1894.61,India,Crypto,7842,2025-10-14 12:39:02.131786,0,1,1,0
1873,1117.36,USA,Credit Card,5522,2025-09-22 05:24:02.131786,0,6,0,0
1874,1062.26,USA,Debit Card,6808,2025-09-23 14:44:02.131786,0,6,2,0
1875,311.84,USA,Crypto,5950,2025-09-30 12:11:02.131786,0,6,1,0
1876,913.46,Japan,Crypto,4282,2025-10-11 23:00:02.131786,0,2,1,0
1877,555.81,Germany,UPI,8892,2025-09-11 11:20:02.131786,0,0,3,0
1878,471.89,Germany,Crypto,6553,2025-09-27 08:47:02.131786,0,0,1,0
1879,471.26,India,Crypto,4604,2025-09-16 10:36:02.131786,0,1,1,0
1880,722.49,Japan,UPI,8154,2025-09-15 03:28:02.131786,0,2,3,0
1881,1326.9,Germany,Wire,8139,2025-09-17 19:44:02.131786,0,0,4,0
1882,1996.54,India,Debit Card,4982,2025-10-09 21:46:02.131786,0,1,2,0
1883,359.16,UK,UPI,1177,2025-09-08 12:02:02.131786,0,5,3,0
1884,579.6,Germany,Crypto,5513,2025-10-16 12:29:02.131786,0,0,1,0
1885,462.69,Germany,Crypto,9745,2025-10-16 09:43:02.131786,0,0,1,0
1886,688.57,UK,Debit Card,8774,2025-09-24 02:13:02.131786,0,5,2,0
1887,418.69,UK,Credit Card,1241,2025-09-28 15:33:02.131786,0,5,0,0
1888,281.51,Germany,UPI,9028,2025-09-19 07:11:02.131786,0,0,3,0
1889,359.57,UK,Wire,8395,2025-10-13 02:04:02.131786,0,5,4,0
1890,315.77,India,Debit Card,2300,2025-09-10 18:33:02.131786,0,1,2,0
1891,445.19,Germany,Debit Card,8923,2025-10-14 13:38:02.131786,0,0,2,0
1892,147.87,Germany,UPI,8478,2025-09-23 14:19:02.131786,0,0,3,0
1893,320.92,USA,Crypto,4395,2025-10-13 09:20:02.131786,0,6,1,0
1894,683.73,Germany,Crypto,2070,2025-10-09 23:20:02.131786,0,0,1,0
1895,680.09,USA,Wire,5917,2025-10-11 03:44:02.131786,0,6,4,0
1896,604.34,UK,UPI,7673,2025-10-07 03:26:02.131786,0,5,3,0
1897,1250.76,UK,Debit Card,7643,2025-09-11 04:21:02.131786,0,5,2,0
1898,703.33,India,UPI,5287,2025-10-02 09:00:02.131786,0,1,3,0
1899,1223.62,USA,Credit Card,7237,2025-10-15 23:25:02.131786,0,6,0,0
1900,1997.5,Germany,Debit Card,6026,2025-09-29 13:57:02.131786,0,0,2,0
1901,929.41,USA,Wire,4805,2025-09-13 18:24:02.131786,0,6,4,0
1902,148.61,UK,Wire,3214,2025-09-12 14:18:02.131786,0,5,4,0
1903,622.15,UK,Debit Card,9121,2025-09-08 02:48:02.131786,0,5,2,0
1904,556.61,India,Crypto,9248,2025-10-11 08:08:02.131786,0,1,1,0
1905,1402.15,UK,Debit Card,7149,2025-10-17 12:30:02.131786,0,5,2,0
1906,458.04,USA,Debit Card,1237,2025-09-08 11:40:02.131786,0,6,2,0
1907,248.55,Germany,Credit Card,1732,2025-09-18 15:23:02.131786,0,0,0,0
1908,336.89,Germany,Debit Card,7163,2025-09-26 03:16:02.131786,0,0,2,0
1909,154.41,USA,UPI,4889,2025-10-16 19:01:02.131786,0,6,3,0
1910,1791.05,India,UPI,3824,2025-09-16 20:03:02.131786,0,1,3,0
1911,507.32,Germany,Wire,2227,2025-09-26 01:42:02.131786,0,0,4,0
1912,169.65,USA,Crypto,7519,2025-09-08 00:00:02.131786,0,6,1,0
1913,1486.26,USA,Wire,3454,2025-10-12 05:03:02.131786,0,6,4,0
1914,1653.57,UK,Credit Card,7223,2025-09-14 18:28:02.131786,0,5,0,0
1915,571.01,UK,Debit Card,1767,2025-09-27 23:13:02.131786,0,5,2,0
1916,140.41,India,Wire,9168,2025-09-29 21:17:02.131786,0,1,4,0
1917,343.81,India,Debit Card,3424,2025-10-06 17:36:02.131786,0,1,2,0
1918,420.01,India,Wire,7183,2025-10-08 18:16:02.131786,0,1,4,0
1919,520.51,USA,Debit Card,4424,2025-09-10 16:04:02.131786,0,6,2,0
1920,191.45,USA,Wire,5548,2025-09-25 09:19:02.131786,0,6,4,0
1921,982.37,UK,UPI,8590,2025-10-18 00:26:02.131786,0,5,3,0
1922,47.51,Germany,Credit Card,1713,2025-10-13 17:35:02.131786,0,0,0,0
1923,1093.07,India,Wire,1085,2025-10-10 01:35:02.131786,0,1,4,0
1924,1252.06,Japan,UPI,2578,2025-09-17 15:40:02.131786,0,2,3,0
1925,372.71,India,Crypto,7379,2025-09-22 17:09:02.131786,0,1,1,0
1926,475.55,UK,Wire,3016,2025-10-02 21:19:02.131786,0,5,4,0
1927,1357.63,USA,Debit Card,6701,2025-10-11 23:27:02.131786,0,6,2,0
1928,804.27,UK,Credit Card,4714,2025-10-02 21:47:02.131786,0,5,0,0
1929,383.74,UK,UPI,3408,2025-10-04 00:49:02.131786,0,5,3,0
1930,421.8,UK,UPI,7318,2025-09-28 23:31:02.131786,0,5,3,0
1931,725.42,Japan,Credit Card,7971,2025-10-16 09:45:02.131786,0,2,0,0
1932,1686.33,Japan,Wire,3851,2025-10-16 00:50:02.131786,0,2,4,0
1933,432.37,India,Debit Card,2397,2025-09-19 12:28:02.131786,0,1,2,0
1934,374.19,USA,Crypto,5156,2025-09-30 23:15:02.131786,0,6,1,0
1935,517.72,UK,Wire,4241,2025-09-21 10:31:02.131786,0,5,4,0
1936,520.09,Germany,Credit Card,2530,2025-10-02 23:51:02.131786,0,0,0,0
1937,635.81,India,Wire,1774,2025-09-30 22:42:02.131786,0,1,4,0
1938,476.74,India,Wire,3461,2025-10-05 12:45:02.131786,0,1,4,0
1939,1137.52,UK,Credit Card,8985,2025-09-16 00:40:02.131786,0,5,0,0
1940,231.5,India,Credit Card,9307,2025-10-15 05:20:02.131786,0,1,0,0
1941,688.0,UK,Crypto,8342,2025-09-27 03:28:02.131786,0,5,1,0
1942,707.66,India,Credit Card,6247,2025-09-22 19:13:02.131786,0,1,0,0
1943,250.84,USA,Credit Card,8656,2025-09-27 07:46:02.131786,0,6,0,0
1944,683.04,India,Credit Card,2349,2025-09-30 11:53:02.131786,0,1,0,0
1945,721.08,India,UPI,3745,2025-10-03 07:08:02.131786,0,1,3,0
1946,22.6,Germany,Credit Card,3847,2025-09-16 11:29:02.131786,0,0,0,0
1947,211.5,USA,Credit Card,9014,2025-10-16 15:31:02.131786,0,6,0,0
1948,1433.61,USA,Credit Card,1626,2025-10-03 17:53:02.131786,0,6,0,1
1949,306.83,USA,Crypto,6585,2025-09-30 14:20:02.131786,0,6,1,0
1950,169.24,India,Wire,6961,2025-09-07 14:33:02.131786,0,1,4,0
1951,73.21,Japan,Credit Card,8591,2025-09-10 12:54:02.131786,0,2,0,0
1952,193.35,India,Credit Card,8130,2025-09-14 17:53:02.131786,0,1,0,0
1953,461.0,UK,Crypto,9428,2025-10-08 13:03:02.131786,0,5,1,0
1954,157.27,Germany,Wire,4057,2025-09-11 04:12:02.131786,0,0,4,0
1955,811.75,USA,Crypto,6867,2025-09-29 23:55:02.131786,0,6,1,0
1956,246.74,UK,Debit Card,6936,2025-09-08 08:00:02.131786,0,5,2,0
1957,639.4,UK,Debit Card,8205,2025-10-15 12:12:02.131786,0,5,2,0
1958,1298.8,Japan,Debit Card,7007,2025-10-04 14:21:02.131786,0,2,2,0
1959,1245.04,USA,Credit Card,3006,2025-10-10 05:35:02.131786,0,6,0,0
1960,631.34,India,Crypto,3203,2025-10-12 15:53:02.131786,0,1,1,0
1961,181.23,USA,Credit Card,7783,2025-10-12 01:34:02.131786,0,6,0,0
1962,486.25,Germany,Debit Card,4197,2025-09-08 10:39:02.131786,0,0,2,0
1963,646.66,USA,Wire,6666,2025-09-08 18:26:02.131786,0,6,4,0
1964,2239.87,UK,Wire,8406,2025-10-08 20:24:02.131786,0,5,4,1
1965,72.31,UK,Crypto,3508,2025-09-16 00:55:02.131786,0,5,1,0
1966,487.6,India,Wire,2718,2025-09-26 17:45:02.131786,0,1,4,0
1967,791.37,India,Debit Card,3593,2025-09-20 07:27:02.131786,0,1,2,0
1968,549.2,India,Crypto,2472,2025-10-01 05:25:02.131786,0,1,1,0
1969,595.69,Germany,Crypto,1698,2025-09-26 10:10:02.131786,0,0,1,0
1970,260.45,USA,Debit Card,8568,2025-09-18 04:31:02.131786,0,6,2,0
1971,970.61,Japan,Debit Card,7450,2025-09-29 12:50:02.131786,0,2,2,0
1972,520.28,USA,Debit Card,9328,2025-10-11 13:44:02.131786,0,6,2,0
1973,594.07,India,Debit Card,2225,2025-10-06 07:06:02.131786,0,1,2,0
1974,1042.17,Germany,Crypto,3702,2025-10-12 14:22:02.131786,0,0,1,0
1975,393.41,USA,Wire,3204,2025-10-13 08:19:02.131786,0,6,4,0
1976,1199.7,UK,Debit Card,4326,2025-09-16 13:55:02.131786,0,5,2,0
1977,468.13536059362326,USA,UPI,9991,2025-09-09 10:53:02.131786,1,6,3,0
1978,619.58,UK,Crypto,5948,2025-09-25 18:39:02.131786,0,5,1,0
1979,246.02,USA,Credit Card,4802,2025-09-11 09:14:02.131786,0,6,0,0
1980,190.3,USA,Wire,4099,2025-10-14 08:18:02.131786,0,6,4,0
1981,1673.49,USA,Crypto,2538,2025-10-14 16:02:02.131786,0,6,1,0
1982,160.18,India,Debit Card,5164,2025-10-11 22:44:02.131786,0,1,2,0
1983,528.11,UK,UPI,9793,2025-09-21 22:48:02.131786,0,5,3,0
1984,147.72,Germany,Credit Card,5974,2025-10-15 00:36:02.131786,0,0,0,0
1985,1150.14,Japan,Wire,7978,2025-09-14 21:20:02.131786,0,2,4,0
1986,361.71,UK,Debit Card,1545,2025-10-08 16:00:02.131786,0,5,2,0
1987,1038.42,India,Crypto,6932,2025-09-28 11:26:02.131786,0,1,1,0
1988,772.37,UK,Crypto,7203,2025-09-17 11:50:02.131786,0,5,1,0
1989,2028.09,Germany,Wire,9375,2025-10-08 22:16:02.131786,0,0,4,1
1990,118.02,UK,UPI,1837,2025-09-16 20:30:02.131786,0,5,3,0
1991,209.82,India,Debit Card,2892,2025-10-14 16:16:02.131786,0,1,2,0
1992,1000.28,India,Wire,2388,2025-10-03 11:55:02.131786,0,1,4,0
1993,641.81,Japan,Wire,8165,2025-10-12 02:05:02.131786,0,2,4,0
1994,416.97,Germany,Crypto,2457,2025-10-17 04:14:02.131786,0,0,1,0
1995,1788.19,Japan,Wire,3800,2025-09-22 18:47:02.131786,0,2,4,0
1996,500.26,USA,Credit Card,4303,2025-09-13 10:28:02.131786,0,6,0,0
1997,254.7,Nigeria,Credit Card,9991,2025-09-29 07:35:02.131786,1,3,0,0
1998,1047.02,Japan,Debit Card,7473,2025-09-24 05:37:02.131786,0,2,2,0
1999,513.29,India,Wire,4286,2025-09-30 04:05:02.131786,0,1,4,0
2000,4219.097459743947,India,Crypto,9995,2025-09-25 00:14:02.131786,1,1,1,1
2001,819.21,USA,Debit Card,2172,2025-10-01 23:15:02.131786,0,6,2,0
2002,841.91,India,UPI,2711,2025-09-30 08:32:02.131786,0,1,3,0
2003,207.14,Japan,Crypto,6496,2025-09-07 17:33:02.131786,0,2,1,0
2004,397.82,Germany,UPI,9972,2025-09-22 11:05:02.131786,0,0,3,0
2005,134.5,UK,Debit Card,8487,2025-10-08 19:41:02.131786,0,5,2,0
2006,648.86,Japan,Credit Card,2028,2025-09-20 20:03:02.131786,0,2,0,0
2007,1653.98,USA,Crypto,7545,2025-09-13 18:45:02.131786,0,6,1,0
2008,215.4,UK,Crypto,3250,2025-09-07 07:03:02.131786,0,5,1,0
2009,108.89,India,Debit Card,5149,2025-10-12 01:07:02.131786,0,1,2,0
2010,292.79,Japan,Crypto,5383,2025-09-28 19:46:02.131786,0,2,1,0
2011,414.06,UK,Crypto,8451,2025-10-04 11:28:02.131786,0,5,1,0
2012,847.15,Japan,Debit Card,4669,2025-10-12 01:47:02.131786,0,2,2,0
2013,379.82,India,Wire,9475,2025-09-23 14:40:02.131786,0,1,4,0
2014,657.45,Japan,Debit Card,5677,2025-10-03 10:23:02.131786,0,2,2,0
2015,331.18,USA,Crypto,7090,2025-10-10 13:43:02.131786,0,6,1,0
2016,432.57,UK,Debit Card,4488,2025-09-18 01:05:02.131786,0,5,2,0
2017,247.08,UK,Crypto,4212,2025-10-18 03:55:02.131786,0,5,1,0
2018,180.74,UK,UPI,1916,2025-10-04 18:49:02.131786,0,5,3,0
2019,868.62,Japan,UPI,9762,2025-10-17 03:23:02.131786,0,2,3,0
2020,350.92,India,Credit Card,3094,2025-10-13 22:14:02.131786,0,1,0,0
2021,692.8,Japan,Debit Card,7269,2025-10-17 19:26:02.131786,0,2,2,0
2022,243.55,Japan,Debit Card,5906,2025-10-10 21:55:02.131786,0,2,2,0
2023,502.79,UK,UPI,7042,2025-10-15 20:39:02.131786,0,5,3,0
2024,49.07,India,UPI,9812,2025-09-21 20:21:02.131786,0,1,3,0
2025,373.12,Germany,UPI,9962,2025-09-17 10:37:02.131786,0,0,3,0
2026,267.7,India,Credit Card,7731,2025-09-13 13:32:02.131786,0,1,0,0
2027,1118.81,Japan,Credit Card,5793,2025-09-24 08:43:02.131786,0,2,0,0
2028,153.92,USA,Wire,1064,2025-09-24 19:27:02.131786,0,6,4,0
2029,446.94,India,Debit Card,4698,2025-09-12 06:13:02.131786,0,1,2,0
2030,642.98,UK,Credit Card,1201,2025-10-11 09:36:02.131786,0,5,0,0
2031,1014.08,USA,Crypto,5237,2025-10-01 09:29:02.131786,0,6,1,0
2032,919.65,Germany,Debit Card,4169,2025-09-10 09:02:02.131786,0,0,2,0
2033,475.36,Germany,Wire,3864,2025-09-21 20:42:02.131786,0,0,4,0
2034,528.76,USA,UPI,7360,2025-09-09 22:24:02.131786,0,6,3,0
2035,1118.13,Germany,Wire,6412,2025-10-15 16:23:02.131786,0,0,4,0
2036,468.27,USA,Debit Card,8675,2025-09-08 11:01:02.131786,0,6,2,0
2037,572.45,Japan,UPI,3309,2025-09-22 17:55:02.131786,0,2,3,0
2038,1143.15,USA,Wire,7427,2025-10-13 23:02:02.131786,0,6,4,0
2039,2212.23,Japan,Wire,1101,2025-09-23 15:02:02.131786,0,2,4,1
2040,609.72,UK,Debit Card,1376,2025-09-11 21:49:02.131786,0,5,2,0
2041,736.32,UK,Credit Card,9397,2025-10-06 09:57:02.131786,0,5,0,0
2042,900.69,Nigeria,Crypto,9998,2025-10-10 04:04:02.131786,1,3,1,0
2043,1135.76,USA,Wire,7294,2025-09-18 13:49:02.131786,0,6,4,0
2044,1031.49,Japan,Crypto,2060,2025-09-26 21:00:02.131786,0,2,1,0
2045,309.64,UK,Debit Card,6593,2025-10-14 20:19:02.131786,0,5,2,0
2046,640.2,UK,Debit Card,6563,2025-10-06 22:09:02.131786,0,5,2,0
2047,1036.4,UK,Credit Card,6124,2025-09-14 04:38:02.131786,0,5,0,0
2048,1299.99,Germany,UPI,2562,2025-09-22 05:13:02.131786,0,0,3,0
2049,447.58,UK,Crypto,4195,2025-10-02 02:35:02.131786,0,5,1,0
2050,628.85,India,Wire,1810,2025-09-15 00:30:02.131786,0,1,4,0
2051,682.88,Germany,UPI,9703,2025-09-28 13:28:02.131786,0,0,3,0
2052,515.43,USA,Crypto,5412,2025-09-21 02:41:02.131786,0,6,1,0
2053,616.92,India,Crypto,5398,2025-10-14 16:02:02.131786,0,1,1,0
2054,3101.38,Germany,UPI,6431,2025-09-09 04:01:02.131786,0,0,3,1
2055,432.97,Germany,UPI,5177,2025-09-30 15:54:02.131786,0,0,3,0
2056,459.94,Japan,Credit Card,1657,2025-09-26 18:52:02.131786,0,2,0,0
2057,96.08,India,Wire,7336,2025-09-28 11:13:02.131786,0,1,4,0
2058,78.19,India,Wire,1052,2025-09-15 19:51:02.131786,0,1,4,0
2059,718.18,India,Wire,6110,2025-09-27 19:00:02.131786,0,1,4,0
2060,1039.3,UK,UPI,2108,2025-09-24 20:27:02.131786,0,5,3,0
2061,911.36,UK,Credit Card,1986,2025-09-11 17:20:02.131786,0,5,0,0
2062,242.94,USA,Debit Card,7026,2025-09-10 23:52:02.131786,0,6,2,0
2063,874.4,USA,Credit Card,9047,2025-10-10 00:26:02.131786,0,6,0,0
2064,454.2,USA,UPI,5736,2025-09-26 00:42:02.131786,0,6,3,0
2065,369.77,UK,Credit Card,9402,2025-10-14 20:28:02.131786,0,5,0,0
2066,138.54,Japan,UPI,5959,2025-10-05 21:28:02.131786,0,2,3,0
2067,271.14,USA,Crypto,1775,2025-10-12 17:08:02.131786,0,6,1,0
2068,730.28,Germany,Crypto,8439,2025-10-13 01:07:02.131786,0,0,1,0
2069,635.22,UK,Debit Card,1505,2025-09-27 16:01:02.131786,0,5,2,0
2070,567.95,Japan,Crypto,4298,2025-09-19 10:14:02.131786,0,2,1,0
2071,41.98,Germany,Debit Card,5188,2025-10-04 03:58:02.131786,0,0,2,0
2072,572.36,Germany,Wire,5425,2025-09-09 18:52:02.131786,0,0,4,0
2073,305.67,UK,UPI,4001,2025-10-17 05:07:02.131786,0,5,3,0
2074,638.6,India,Wire,1260,2025-09-18 22:26:02.131786,0,1,4,0
2075,1159.11,Japan,Wire,9901,2025-10-10 21:20:02.131786,0,2,4,0
2076,345.72,UK,Debit Card,2951,2025-10-04 09:50:02.131786,0,5,2,0
2077,541.14,India,UPI,3370,2025-10-05 03:26:02.131786,0,1,3,0
2078,1781.19,UK,Debit Card,7153,2025-09-20 03:09:02.131786,0,5,2,0
2079,615.3,UK,Credit Card,9279,2025-09-21 18:12:02.131786,0,5,0,0
2080,491.42,Germany,Wire,7483,2025-09-30 22:20:02.131786,0,0,4,0
2081,246.59,UK,UPI,6668,2025-09-12 08:09:02.131786,0,5,3,0
2082,891.44,India,Wire,3734,2025-09-22 09:38:02.131786,0,1,4,0
2083,209.39,Germany,Credit Card,3256,2025-09-11 22:26:02.131786,0,0,0,0
2084,1193.82,India,Credit Card,2072,2025-10-09 18:07:02.131786,0,1,0,0
2085,804.15,India,UPI,4921,2025-10-01 23:57:02.131786,0,1,3,0
2086,314.97,Germany,UPI,3969,2025-09-24 00:51:02.131786,0,0,3,0
2087,254.17,India,Credit Card,6942,2025-09-08 02:22:02.131786,0,1,0,0
2088,259.71,USA,Wire,4277,2025-09-29 22:54:02.131786,0,6,4,0
2089,79.92,UK,Crypto,4969,2025-09-23 00:07:02.131786,0,5,1,0
2090,705.77,Germany,Wire,8920,2025-10-10 07:56:02.131786,0,0,4,0
2091,49.98,Germany,Crypto,2488,2025-09-14 08:42:02.131786,0,0,1,0
2092,467.4,USA,Debit Card,8959,2025-09-07 02:17:02.131786,0,6,2,0
2093,444.01,USA,UPI,3187,2025-09-07 21:13:02.131786,0,6,3,0
2094,383.84,USA,Credit Card,6210,2025-09-29 22:32:02.131786,0,6,0,0
2095,702.28,USA,Debit Card,1270,2025-09-26 02:04:02.131786,0,6,2,0
2096,315.65,Japan,Wire,8377,2025-10-09 11:40:02.131786,0,2,4,0
2097,573.45,Germany,Crypto,1365,2025-10-16 22:40:02.131786,0,0,1,0
2098,1193.66,India,UPI,9194,2025-10-06 04:55:02.131786,0,1,3,0
2099,763.11,Germany,Crypto,4051,2025-09-27 00:45:02.131786,0,0,1,0
2100,356.68,Russia,Wire,9996,2025-10-02 18:12:02.131786,1,4,4,0
2101,503.06,Germany,Wire,5483,2025-09-29 21:51:02.131786,0,0,4,0
2102,384.2,USA,Credit Card,8138,2025-09-27 06:17:02.131786,0,6,0,0
2103,439.02,USA,Debit Card,8159,2025-10-09 19:15:02.131786,0,6,2,0
2104,586.72,Japan,UPI,6485,2025-09-18 10:42:02.131786,0,2,3,0
2105,131.98,Germany,Credit Card,1237,2025-09-25 17:28:02.131786,0,0,0,0
2106,101.03,UK,Crypto,8058,2025-09-14 07:19:02.131786,0,5,1,0
2107,227.81,Japan,Debit Card,2462,2025-10-09 07:20:02.131786,0,2,2,0
2108,726.47,USA,UPI,2666,2025-09-23 23:43:02.131786,0,6,3,0
2109,798.99,Germany,Crypto,7296,2025-09-19 16:19:02.131786,0,0,1,0
2110,884.35,Russia,UPI,9994,2025-10-11 12:06:02.131786,1,4,3,0
2111,236.23,India,UPI,2131,2025-09-27 10:29:02.131786,0,1,3,0
2112,538.79,USA,Debit Card,1810,2025-10-02 13:25:02.131786,0,6,2,0
2113,365.91,USA,Crypto,1055,2025-10-08 04:19:02.131786,0,6,1,0
2114,453.59,Japan,Credit Card,4523,2025-09-13 05:40:02.131786,0,2,0,0
2115,360.56,India,Credit Card,8559,2025-10-10 16:09:02.131786,0,1,0,0
2116,611.72,UK,Credit Card,3662,2025-09-11 07:53:02.131786,0,5,0,0
2117,282.78,UK,UPI,4279,2025-10-11 13:01:02.131786,0,5,3,0
2118,1104.94,UK,Wire,2533,2025-09-18 09:19:02.131786,0,5,4,0
2119,1111.64,Germany,Debit Card,5011,2025-09-14 03:45:02.131786,0,0,2,0
2120,710.34,UK,Credit Card,1933,2025-09-18 07:47:02.131786,0,5,0,0
2121,1018.2,Germany,Debit Card,1662,2025-09-14 07:58:02.131786,0,0,2,0
2122,126.57,USA,UPI,4845,2025-10-03 22:21:02.131786,0,6,3,0
2123,1148.84,UK,Debit Card,4023,2025-09-25 14:16:02.131786,0,5,2,0
2124,661.98,Japan,Credit Card,6967,2025-09-15 08:04:02.131786,0,2,0,0
2125,297.82,India,Credit Card,9335,2025-09-25 11:58:02.131786,0,1,0,0
2126,272.4,India,UPI,8907,2025-09-27 05:24:02.131786,0,1,3,0
2127,8668.248263360058,USA,UPI,9998,2025-10-08 02:07:02.131786,1,6,3,1
2128,894.26,India,Crypto,7280,2025-09-30 19:43:02.131786,0,1,1,0
2129,444.15,India,UPI,9431,2025-09-19 01:00:02.131786,0,1,3,0
2130,125.0,USA,Wire,3004,2025-10-06 15:10:02.131786,0,6,4,0
2131,1188.68,USA,Wire,7592,2025-10-05 15:05:02.131786,0,6,4,0
2132,182.1,USA,Credit Card,6434,2025-09-25 06:44:02.131786,0,6,0,0
2133,371.38,Japan,UPI,5246,2025-09-16 00:25:02.131786,0,2,3,0
2134,443.66,USA,Wire,4396,2025-10-10 06:04:02.131786,0,6,4,0
2135,268.75,USA,Wire,8570,2025-09-20 10:57:02.131786,0,6,4,0
2136,428.08,USA,Crypto,9994,2025-10-11 07:29:02.131786,0,6,1,0
2137,497.28,UK,UPI,9544,2025-10-05 02:15:02.131786,0,5,3,0
2138,421.06,UK,Crypto,2974,2025-10-10 23:18:02.131786,0,5,1,0
2139,634.24,Japan,Debit Card,5561,2025-10-13 10:54:02.131786,0,2,2,0
2140,1452.81,Japan,Crypto,2063,2025-10-17 05:33:02.131786,0,2,1,0
2141,131.72,India,Debit Card,2395,2025-09-17 17:01:02.131786,0,1,2,0
2142,563.62,UK,Debit Card,2530,2025-09-18 08:44:02.131786,0,5,2,0
2143,184.04,Japan,UPI,1052,2025-09-18 12:02:02.131786,0,2,3,0
2144,118.39,Ukraine,Debit Card,9991,2025-09-23 14:33:02.131786,1,7,2,0
2145,965.57,India,Debit Card,6864,2025-09-20 17:33:02.131786,0,1,2,0
2146,600.14,USA,Crypto,6670,2025-10-06 20:04:02.131786,0,6,1,0
2147,424.4665066453509,Germany,UPI,9991,2025-10-06 21:12:02.131786,1,0,3,0
2148,427.77,India,UPI,2144,2025-10-13 05:24:02.131786,0,1,3,0
2149,228.37,Germany,Debit Card,3112,2025-10-04 10:43:02.131786,0,0,2,0
2150,439.8,India,Crypto,1295,2025-09-13 21:27:02.131786,0,1,1,0
2151,819.21,India,Crypto,5742,2025-10-05 11:48:02.131786,0,1,1,0
2152,761.27,USA,Crypto,2580,2025-10-01 12:07:02.131786,0,6,1,0
2153,362.7,Japan,Crypto,7278,2025-09-15 10:15:02.131786,0,2,1,0
2154,996.91,UK,Credit Card,3425,2025-09-30 17:07:02.131786,0,5,0,0
2155,1257.14,India,Debit Card,9147,2025-09-15 22:53:02.131786,0,1,2,0
2156,828.77,USA,Debit Card,8219,2025-09-08 12:57:02.131786,0,6,2,0
2157,314.06,Germany,Debit Card,8011,2025-09-16 22:24:02.131786,0,0,2,0
2158,451.3,Japan,UPI,3627,2025-10-03 15:11:02.131786,0,2,3,0
2159,1422.39,India,UPI,5805,2025-09-16 22:48:02.131786,0,1,3,0
2160,385.36,Germany,Crypto,7146,2025-10-05 02:15:02.131786,0,0,1,0
2161,762.98,India,UPI,8618,2025-10-17 16:03:02.131786,0,1,3,0
2162,265.49,UK,Wire,9701,2025-10-02 07:28:02.131786,0,5,4,0
2163,1001.72,UK,Debit Card,8935,2025-09-23 03:37:02.131786,0,5,2,0
2164,238.96,Japan,Debit Card,2891,2025-09-24 18:38:02.131786,0,2,2,0
2165,466.9,Germany,Credit Card,2461,2025-09-13 01:11:02.131786,0,0,0,0
2166,743.85,UK,Credit Card,7920,2025-09-16 16:53:02.131786,0,5,0,0
2167,1617.9,USA,Wire,2999,2025-09-18 05:02:02.131786,0,6,4,1
2168,591.97,Japan,Credit Card,2970,2025-10-12 03:12:02.131786,0,2,0,0
2169,405.02,India,Crypto,2551,2025-09-20 10:00:02.131786,0,1,1,0
2170,380.71,Germany,Crypto,4851,2025-10-05 21:33:02.131786,0,0,1,0
2171,971.76,Germany,Debit Card,1101,2025-09-24 20:17:02.131786,0,0,2,0
2172,701.36,USA,Crypto,9083,2025-10-01 15:06:02.131786,0,6,1,0
2173,807.78,UK,Credit Card,2460,2025-10-15 07:57:02.131786,0,5,0,0
2174,1356.0,Germany,Wire,9925,2025-09-24 15:06:02.131786,0,0,4,0
2175,523.63,USA,Crypto,1532,2025-09-30 22:40:02.131786,0,6,1,0
2176,665.98,USA,Debit Card,1091,2025-10-11 00:28:02.131786,0,6,2,0
2177,376.51,India,Debit Card,2819,2025-09-09 02:13:02.131786,0,1,2,0
2178,256.5,USA,Credit Card,2156,2025-09-14 15:14:02.131786,0,6,0,0
2179,302.6,Japan,Crypto,5934,2025-10-11 09:10:02.131786,0,2,1,0
2180,28.05,Germany,Credit Card,9696,2025-10-01 23:16:02.131786,0,0,0,0
2181,738.47,Japan,Debit Card,5936,2025-10-18 00:48:02.131786,0,2,2,0
2182,684.85,USA,Wire,5782,2025-09-18 18:07:02.131786,0,6,4,0
2183,727.3,USA,Crypto,7868,2025-09-21 21:16:02.131786,0,6,1,0
2184,241.49,Japan,Wire,1883,2025-09-19 11:52:02.131786,0,2,4,0
2185,307.15,India,Crypto,3704,2025-09-20 15:28:02.131786,0,1,1,0
2186,298.62,USA,Debit Card,7441,2025-10-09 05:30:02.131786,0,6,2,0
2187,1069.27,Japan,Crypto,5059,2025-10-07 09:06:02.131786,0,2,1,0
2188,575.73,Japan,Debit Card,5318,2025-09-18 08:19:02.131786,0,2,2,0
2189,519.34,Germany,UPI,3109,2025-09-28 09:44:02.131786,0,0,3,0
2190,860.79,India,Debit Card,8072,2025-09-17 14:41:02.131786,0,1,2,0
2191,299.49,UK,Debit Card,8618,2025-09-22 09:12:02.131786,0,5,2,0
2192,654.23,Japan,Crypto,1389,2025-10-16 08:53:02.131786,0,2,1,0
2193,1757.09,Germany,Wire,2648,2025-09-09 19:22:02.131786,0,0,4,1
2194,1184.94,UK,Debit Card,9957,2025-09-20 08:25:02.131786,0,5,2,0
2195,647.05,Germany,Crypto,9539,2025-09-14 07:16:02.131786,0,0,1,0
2196,534.34,Germany,Debit Card,7015,2025-10-02 15:41:02.131786,0,0,2,0
2197,722.81,India,Credit Card,9521,2025-09-14 02:19:02.131786,0,1,0,0
2198,1296.1,USA,Credit Card,4793,2025-09-25 23:24:02.131786,0,6,0,0
2199,1235.15,India,Credit Card,7064,2025-09-11 20:51:02.131786,0,1,0,0
2200,1442.57,UK,Credit Card,2245,2025-10-03 18:05:02.131786,0,5,0,1
2201,600.09,India,Wire,3237,2025-09-11 08:46:02.131786,0,1,4,0
2202,49.44,USA,Debit Card,3619,2025-10-07 06:50:02.131786,0,6,2,0
2203,1676.16,India,Credit Card,9396,2025-09-30 02:11:02.131786,0,1,0,0
2204,256.0,India,Crypto,8915,2025-10-17 03:05:02.131786,0,1,1,0
2205,850.96,India,Credit Card,1362,2025-10-05 00:44:02.131786,0,1,0,0
2206,50.86,Japan,UPI,1331,2025-09-22 14:29:02.131786,0,2,3,0
2207,511.1,Japan,UPI,8593,2025-10-14 17:38:02.131786,0,2,3,0
2208,385.93,India,Wire,7987,2025-09-15 12:33:02.131786,0,1,4,0
2209,1444.75,USA,UPI,1421,2025-09-26 23:42:02.131786,0,6,3,0
2210,653.09,USA,Crypto,9954,2025-09-16 12:06:02.131786,0,6,1,0
2211,507.01,USA,Credit Card,3783,2025-09-12 16:45:02.131786,0,6,0,0
2212,706.3,USA,UPI,6290,2025-09-08 05:32:02.131786,0,6,3,0
2213,13.73,Germany,UPI,1248,2025-10-02 12:50:02.131786,0,0,3,0
2214,293.57,India,Wire,7324,2025-09-21 13:09:02.131786,0,1,4,0
2215,333.73,Nigeria,UPI,9996,2025-09-27 06:45:02.131786,1,3,3,0
2216,787.58,Germany,Credit Card,6503,2025-10-15 12:35:02.131786,0,0,0,0
2217,207.31,USA,Debit Card,5414,2025-09-15 17:28:02.131786,0,6,2,0
2218,580.96,UK,Credit Card,9891,2025-09-07 15:36:02.131786,0,5,0,0
2219,470.0,UK,UPI,6232,2025-09-17 03:58:02.131786,0,5,3,0
2220,307.57,Germany,UPI,4861,2025-10-18 02:03:02.131786,0,0,3,0
2221,325.1,UK,UPI,7706,2025-09-19 06:01:02.131786,0,5,3,0
2222,466.65,Japan,Wire,9314,2025-10-13 22:56:02.131786,0,2,4,0
2223,71.06,India,Crypto,1749,2025-09-17 15:11:02.131786,0,1,1,0
2224,869.03,UK,Credit Card,2597,2025-09-20 01:28:02.131786,0,5,0,0
2225,254.38,Japan,UPI,9777,2025-10-05 13:03:02.131786,0,2,3,0
2226,405.98,India,Debit Card,7388,2025-09-11 20:29:02.131786,0,1,2,0
2227,1409.8,Japan,Wire,9735,2025-09-19 17:58:02.131786,0,2,4,0
2228,879.45,India,Crypto,6576,2025-09-11 01:41:02.131786,0,1,1,0
2229,173.55,India,UPI,3200,2025-09-28 23:08:02.131786,0,1,3,0
2230,9.51,UK,Credit Card,3703,2025-10-17 04:47:02.131786,0,5,0,0
2231,728.12,Germany,Debit Card,9206,2025-10-15 06:56:02.131786,0,0,2,0
2232,2231.070859614985,UK,Wire,9994,2025-10-18 11:58:02.131786,1,5,4,1
2233,583.57,USA,Credit Card,9436,2025-09-28 14:28:02.131786,0,6,0,0
2234,859.15,Japan,Credit Card,3614,2025-09-26 19:49:02.131786,0,2,0,0
2235,955.05,USA,Wire,2478,2025-09-29 21:12:02.131786,0,6,4,0
2236,355.85,India,Credit Card,9243,2025-09-15 10:08:02.131786,0,1,0,0
2237,460.67,UK,Debit Card,5918,2025-09-28 13:47:02.131786,0,5,2,0
2238,668.32,USA,Debit Card,3274,2025-09-12 14:07:02.131786,0,6,2,0
2239,700.29,USA,Credit Card,3161,2025-09-08 16:13:02.131786,0,6,0,0
2240,579.32,USA,UPI,4608,2025-10-11 01:31:02.131786,0,6,3,0
2241,1307.01,India,Credit Card,1603,2025-09-28 07:36:02.131786,0,1,0,0
2242,694.66,India,UPI,5043,2025-09-20 21:09:02.131786,0,1,3,0
2243,850.3,India,Credit Card,8254,2025-09-13 11:22:02.131786,0,1,0,0
2244,616.15,USA,Crypto,6369,2025-10-09 14:37:02.131786,0,6,1,0
2245,205.87,Japan,Debit Card,4492,2025-09-20 17:52:02.131786,0,2,2,0
2246,292.76,UK,Credit Card,7754,2025-09-08 10:38:02.131786,0,5,0,0
2247,166.36,UK,Debit Card,4134,2025-10-05 09:58:02.131786,0,5,2,0
2248,1029.37,India,Wire,1814,2025-10-09 13:15:02.131786,0,1,4,0
2249,109.63,USA,Crypto,9723,2025-10-08 07:21:02.131786,0,6,1,0
2250,445.95,Japan,UPI,1758,2025-10-09 09:18:02.131786,0,2,3,0
2251,372.14,Germany,Wire,1005,2025-09-21 12:49:02.131786,0,0,4,0
2252,364.17,India,Crypto,9776,2025-09-09 23:23:02.131786,0,1,1,0
2253,390.73,Germany,Wire,4676,2025-09-16 01:46:02.131786,0,0,4,0
2254,1472.66,UK,Debit Card,2534,2025-09-08 07:57:02.131786,0,5,2,0
2255,64.94,UK,Crypto,2484,2025-09-27 14:34:02.131786,0,5,1,0
2256,1199.13,Japan,Wire,3266,2025-09-28 08:24:02.131786,0,2,4,0
2257,418.06,Japan,UPI,3414,2025-10-10 15:09:02.131786,0,2,3,0
2258,912.27,Germany,Crypto,1560,2025-10-03 11:03:02.131786,0,0,1,0
2259,531.55,UK,Crypto,5459,2025-09-09 22:13:02.131786,0,5,1,0
2260,183.79,Japan,Wire,2318,2025-09-10 23:24:02.131786,0,2,4,0
2261,1276.61,Japan,Credit Card,3552,2025-09-17 09:27:02.131786,0,2,0,0
2262,1146.88,UK,UPI,7320,2025-10-01 16:28:02.131786,0,5,3,0
2263,197.36,UK,UPI,6418,2025-10-02 03:28:02.131786,0,5,3,0
2264,767.91,USA,Wire,3860,2025-10-16 20:53:02.131786,0,6,4,0
2265,304.57,Japan,Debit Card,7720,2025-09-13 03:55:02.131786,0,2,2,0
2266,114.97,Germany,Debit Card,2077,2025-09-12 08:46:02.131786,0,0,2,0
2267,254.95,India,Credit Card,6439,2025-09-21 09:08:02.131786,0,1,0,0
2268,1227.03,India,Credit Card,3526,2025-10-18 04:24:02.131786,0,1,0,0
2269,927.74,UK,Wire,1721,2025-09-25 18:07:02.131786,0,5,4,0
2270,394.48,Germany,Debit Card,6801,2025-09-12 17:55:02.131786,0,0,2,0
2271,1230.92,USA,UPI,7053,2025-10-06 12:57:02.131786,0,6,3,0
2272,1088.15,Japan,Debit Card,2345,2025-09-13 15:57:02.131786,0,2,2,0
2273,255.31,USA,Wire,1745,2025-10-03 05:50:02.131786,0,6,4,0
2274,1433.98,Germany,Debit Card,9124,2025-10-13 13:34:02.131786,0,0,2,0
2275,369.11,USA,Crypto,6599,2025-10-06 01:43:02.131786,0,6,1,0
2276,411.77,UK,Wire,1877,2025-09-17 07:16:02.131786,0,5,4,0
2277,67.11,India,Crypto,9325,2025-09-27 15:18:02.131786,0,1,1,0
2278,299.65,UK,Wire,5813,2025-09-28 09:51:02.131786,0,5,4,0
2279,448.68,Japan,UPI,8764,2025-09-26 07:58:02.131786,0,2,3,0
2280,628.88,UK,Wire,8309,2025-09-20 07:27:02.131786,0,5,4,0
2281,184.41,Germany,Wire,2347,2025-09-07 03:11:02.131786,0,0,4,0
2282,265.89,Germany,Wire,2364,2025-10-09 00:09:02.131786,0,0,4,0
2283,1454.85,Japan,Wire,5261,2025-10-04 20:49:02.131786,0,2,4,0
2284,1039.67,Japan,Credit Card,8208,2025-10-08 23:07:02.131786,0,2,0,0
2285,1172.08,India,Crypto,5082,2025-09-11 05:56:02.131786,0,1,1,0
2286,478.65,USA,Wire,2579,2025-09-27 09:07:02.131786,0,6,4,0
2287,642.64,India,Wire,6599,2025-10-03 04:33:02.131786,0,1,4,0
2288,780.04,UK,Credit Card,4419,2025-10-11 11:05:02.131786,0,5,0,0
2289,1440.81,USA,Debit Card,3017,2025-09-17 22:14:02.131786,0,6,2,0
2290,112.28,Japan,Credit Card,5017,2025-10-14 14:15:02.131786,0,2,0,0
2291,325.95,Germany,Credit Card,4037,2025-09-30 15:55:02.131786,0,0,0,0
2292,600.37,UK,Credit Card,1761,2025-09-16 02:14:02.131786,0,5,0,0
2293,534.1,India,Wire,1598,2025-10-10 14:53:02.131786,0,1,4,0
2294,262.92,Japan,Credit Card,4743,2025-09-08 20:11:02.131786,0,2,0,0
2295,732.91,USA,Credit Card,9608,2025-09-21 11:08:02.131786,0,6,0,0
2296,336.96,USA,Credit Card,4417,2025-09-16 23:22:02.131786,0,6,0,0
2297,504.98,Germany,Wire,7210,2025-09-08 02:37:02.131786,0,0,4,0
2298,709.81,Japan,UPI,3564,2025-10-15 15:08:02.131786,0,2,3,0
2299,350.42,Japan,UPI,9141,2025-10-06 23:05:02.131786,0,2,3,0
2300,874.76,UK,Debit Card,2082,2025-10-06 10:46:02.131786,0,5,2,0
2301,987.58,UK,Wire,1587,2025-09-11 16:09:02.131786,0,5,4,0
2302,271.84,Nigeria,Credit Card,9994,2025-09-25 10:25:02.131786,1,3,0,0
2303,334.95,India,Credit Card,4658,2025-09-29 05:19:02.131786,0,1,0,0
2304,211.37,USA,Credit Card,6580,2025-10-06 17:13:02.131786,0,6,0,0
2305,496.41,UK,UPI,6913,2025-09-14 20:00:02.131786,0,5,3,0
2306,628.57,UK,Credit Card,6026,2025-09-11 12:50:02.131786,0,5,0,0
2307,378.61,UK,Credit Card,8054,2025-09-17 21:41:02.131786,0,5,0,0
2308,615.74,Nigeria,UPI,9992,2025-09-19 00:01:02.131786,1,3,3,0
2309,327.58,Japan,Credit Card,1170,2025-09-18 06:35:02.131786,0,2,0,0
2310,336.55,India,Debit Card,6019,2025-09-09 12:42:02.131786,0,1,2,0
2311,652.55,India,Crypto,5224,2025-09-16 07:49:02.131786,0,1,1,0
2312,355.38,UK,Debit Card,3727,2025-09-20 05:20:02.131786,0,5,2,0
2313,475.95,Germany,Wire,3108,2025-09-20 22:06:02.131786,0,0,4,0
2314,669.49,USA,Debit Card,7616,2025-09-25 17:23:02.131786,0,6,2,0
2315,609.18,Japan,Debit Card,3785,2025-09-10 11:12:02.131786,0,2,2,0
2316,331.49,UK,UPI,1396,2025-09-16 03:51:02.131786,0,5,3,0
2317,1056.76,Germany,Wire,9995,2025-10-05 23:37:02.131786,0,0,4,0
2318,755.45,UK,Debit Card,9031,2025-09-16 01:05:02.131786,0,5,2,0
2319,600.43,Germany,Crypto,4004,2025-09-10 16:14:02.131786,0,0,1,0
2320,185.47,India,Debit Card,8764,2025-10-16 01:26:02.131786,0,1,2,0
2321,544.04,Germany,Credit Card,9846,2025-09-08 01:33:02.131786,0,0,0,0
2322,294.54,India,UPI,8644,2025-09-28 22:36:02.131786,0,1,3,0
2323,716.8,India,Credit Card,9459,2025-09-26 10:29:02.131786,0,1,0,0
2324,9.09,USA,Wire,2092,2025-10-09 13:29:02.131786,0,6,4,0
2325,407.15,Germany,Wire,2497,2025-09-13 19:27:02.131786,0,0,4,0
2326,319.22,Japan,UPI,8327,2025-09-23 21:43:02.131786,0,2,3,0
2327,877.03,Japan,Debit Card,5993,2025-09-14 04:12:02.131786,0,2,2,0
2328,70.27,Germany,Wire,4079,2025-09-28 21:40:02.131786,0,0,4,0
2329,517.83,USA,Crypto,3135,2025-09-18 05:58:02.131786,0,6,1,0
2330,748.91,Japan,UPI,2164,2025-10-06 05:13:02.131786,0,2,3,0
2331,1618.87,UK,Credit Card,3572,2025-10-03 22:56:02.131786,0,5,0,1
2332,335.66,Japan,Crypto,5921,2025-09-07 14:19:02.131786,0,2,1,0
2333,636.48,USA,UPI,5670,2025-10-15 19:56:02.131786,0,6,3,0
2334,76.24,India,Crypto,1686,2025-09-24 16:55:02.131786,0,1,1,0
2335,497.85,India,UPI,9697,2025-10-03 06:47:02.131786,0,1,3,0
2336,1109.41,India,Credit Card,2770,2025-10-01 02:27:02.131786,0,1,0,0
2337,1629.21,USA,Debit Card,1073,2025-09-18 18:55:02.131786,0,6,2,1
2338,680.8,India,UPI,5901,2025-10-16 10:27:02.131786,0,1,3,0
2339,105.0,India,Wire,1580,2025-09-29 13:40:02.131786,0,1,4,0
2340,1230.21,USA,Credit Card,9414,2025-09-23 13:50:02.131786,0,6,0,0
2341,106.08,UK,Credit Card,1896,2025-09-12 11:24:02.131786,0,5,0,0
2342,168.19,Japan,Crypto,3433,2025-09-30 12:21:02.131786,0,2,1,0
2343,1300.47,USA,Wire,4952,2025-09-14 03:15:02.131786,0,6,4,0
2344,470.31,USA,Crypto,8452,2025-09-14 08:52:02.131786,0,6,1,0
2345,304.57,Germany,Credit Card,3169,2025-10-03 18:22:02.131786,0,0,0,0
2346,822.35,India,UPI,9924,2025-09-20 16:12:02.131786,0,1,3,0
2347,566.37,UK,Wire,2464,2025-09-17 23:00:02.131786,0,5,4,0
2348,1042.82,Germany,Credit Card,1822,2025-09-15 07:20:02.131786,0,0,0,0
2349,586.11,UK,Wire,9648,2025-09-11 22:35:02.131786,0,5,4,0
2350,596.15,India,UPI,3139,2025-09-22 11:12:02.131786,0,1,3,0
2351,1017.79,India,Debit Card,5681,2025-09-30 23:30:02.131786,0,1,2,0
2352,1955.0219071278243,India,Crypto,9990,2025-10-13 11:41:02.131786,1,1,1,0
2353,228.96,Japan,Crypto,3649,2025-10-14 20:52:02.131786,0,2,1,0
2354,855.62,UK,Credit Card,6089,2025-09-09 20:02:02.131786,0,5,0,0
2355,395.3,UK,Credit Card,4879,2025-09-18 16:48:02.131786,0,5,0,0
2356,621.34,Germany,UPI,8053,2025-09-23 18:33:02.131786,0,0,3,0
2357,56.96,USA,Credit Card,2489,2025-09-28 15:01:02.131786,0,6,0,0
2358,450.55,India,Credit Card,2664,2025-09-15 07:19:02.131786,0,1,0,0
2359,323.35,India,Credit Card,3532,2025-10-12 16:35:02.131786,0,1,0,0
2360,54.6,Germany,Wire,1655,2025-09-08 11:48:02.131786,0,0,4,0
2361,461.79,UK,Wire,4718,2025-10-04 21:18:02.131786,0,5,4,0
2362,474.08,Japan,Debit Card,4982,2025-09-18 16:20:02.131786,0,2,2,0
2363,654.63,UK,Wire,3674,2025-09-28 17:36:02.131786,0,5,4,0
2364,1096.86,Japan,Crypto,8444,2025-09-13 05:29:02.131786,0,2,1,0
2365,979.5,Japan,Debit Card,7209,2025-09-12 16:55:02.131786,0,2,2,0
2366,342.88,UK,Credit Card,8866,2025-09-23 09:08:02.131786,0,5,0,0
2367,575.42,India,Crypto,5015,2025-09-14 17:48:02.131786,0,1,1,0
2368,723.98,Japan,Debit Card,6976,2025-10-03 11:09:02.131786,0,2,2,0
2369,351.17,Germany,Debit Card,1200,2025-09-21 17:07:02.131786,0,0,2,0
2370,117.34,Germany,Crypto,7611,2025-10-11 06:58:02.131786,0,0,1,0
2371,423.53,Japan,Debit Card,9329,2025-09-24 14:04:02.131786,0,2,2,0
2372,1128.03,India,Crypto,2075,2025-10-15 17:40:02.131786,0,1,1,0
2373,111.1,Japan,Debit Card,2748,2025-10-05 21:02:02.131786,0,2,2,0
2374,207.38,Germany,Debit Card,2475,2025-09-14 20:22:02.131786,0,0,2,0
2375,251.58,Germany,Debit Card,7945,2025-09-29 18:48:02.131786,0,0,2,0
2376,209.66,UK,Crypto,5957,2025-09-07 11:57:02.131786,0,5,1,0
2377,824.91,India,Debit Card,4904,2025-09-27 00:58:02.131786,0,1,2,0
2378,293.53,UK,Wire,1448,2025-10-08 12:08:02.131786,0,5,4,0
2379,840.44,USA,Wire,1068,2025-09-23 09:35:02.131786,0,6,4,0
2380,2309.1156275842827,Japan,Wire,9995,2025-09-19 08:44:02.131786,1,2,4,1
2381,82.85,UK,Wire,5908,2025-09-13 21:01:02.131786,0,5,4,0
2382,357.64,India,Wire,8369,2025-10-13 04:00:02.131786,0,1,4,0
2383,999.54,Japan,Credit Card,8741,2025-09-30 20:50:02.131786,0,2,0,0
2384,562.25,Japan,Debit Card,2190,2025-09-17 08:44:02.131786,0,2,2,0
2385,380.65,Japan,UPI,2740,2025-10-05 08:22:02.131786,0,2,3,0
2386,1137.16,Japan,Credit Card,4192,2025-09-23 07:52:02.131786,0,2,0,0
2387,188.19,Japan,Crypto,4892,2025-10-14 22:42:02.131786,0,2,1,0
2388,303.0,India,Credit Card,9288,2025-09-29 20:24:02.131786,0,1,0,0
2389,936.16,USA,UPI,7043,2025-09-29 07:07:02.131786,0,6,3,0
2390,813.04,Germany,Credit Card,2076,2025-09-07 16:35:02.131786,0,0,0,0
2391,173.06,USA,Debit Card,1008,2025-09-07 19:00:02.131786,0,6,2,0
2392,706.49,Germany,Wire,1250,2025-09-13 08:27:02.131786,0,0,4,0
2393,289.33,UK,Debit Card,9551,2025-09-27 21:52:02.131786,0,5,2,0
2394,51.0,Japan,Credit Card,3396,2025-09-29 09:57:02.131786,0,2,0,0
2395,386.89,UK,UPI,1123,2025-10-03 23:55:02.131786,0,5,3,0
2396,1697.85,UK,Crypto,8672,2025-09-20 04:37:02.131786,0,5,1,0
2397,1011.38,Germany,Debit Card,3077,2025-09-20 16:09:02.131786,0,0,2,0
2398,481.88,India,UPI,1595,2025-10-17 09:25:02.131786,0,1,3,0
2399,103.47,Japan,Crypto,4086,2025-10-12 11:27:02.131786,0,2,1,0
2400,53.33,Nigeria,Wire,9995,2025-09-17 08:44:02.131786,1,3,4,0
2401,518.62,USA,Debit Card,2744,2025-09-17 14:50:02.131786,0,6,2,0
2402,673.46,Japan,Debit Card,1022,2025-10-05 09:53:02.131786,0,2,2,0
2403,831.66,India,Wire,9517,2025-10-14 14:22:02.131786,0,1,4,0
2404,765.83,Japan,Wire,5972,2025-10-11 02:59:02.131786,0,2,4,0
2405,812.43,UK,Credit Card,9154,2025-10-16 07:27:02.131786,0,5,0,0
2406,614.96,Ukraine,Crypto,9996,2025-10-10 09:53:02.131786,1,7,1,0
2407,1120.63,UK,UPI,2585,2025-10-17 21:45:02.131786,0,5,3,0
2408,322.8,India,Wire,1432,2025-10-10 19:13:02.131786,0,1,4,0
2409,512.66,Germany,Credit Card,9751,2025-09-13 12:25:02.131786,0,0,0,0
2410,83.26,USA,Crypto,7311,2025-10-08 03:54:02.131786,0,6,1,0
2411,316.93,India,Crypto,3488,2025-10-16 23:57:02.131786,0,1,1,0
2412,992.5,India,Debit Card,6694,2025-09-07 02:15:02.131786,0,1,2,0
2413,794.25,UK,Credit Card,7071,2025-10-12 05:44:02.131786,0,5,0,0
2414,29.12,UK,Credit Card,1213,2025-10-18 02:23:02.131786,0,5,0,0
2415,1781.19,UK,Debit Card,8023,2025-09-30 01:08:02.131786,0,5,2,0
2416,563.36,Germany,UPI,8921,2025-10-13 07:34:02.131786,0,0,3,0
2417,571.39,Japan,Wire,4478,2025-10-13 16:39:02.131786,0,2,4,0
2418,299.7,Japan,Debit Card,3797,2025-09-07 18:48:02.131786,0,2,2,0
2419,1557.5334176937342,UK,Wire,9998,2025-09-23 13:12:02.131786,1,5,4,0
2420,558.64,UK,Credit Card,6365,2025-09-14 09:24:02.131786,0,5,0,0
2421,762.67,Germany,Debit Card,6761,2025-10-18 02:42:02.131786,0,0,2,0
2422,636.43,Japan,UPI,8216,2025-10-01 11:16:02.131786,0,2,3,0
2423,320.75,Germany,Wire,2950,2025-09-18 10:36:02.131786,0,0,4,0
2424,226.0,India,Wire,7823,2025-09-17 01:24:02.131786,0,1,4,0
2425,211.82,Japan,Wire,1847,2025-10-02 14:24:02.131786,0,2,4,0
2426,1045.8,UK,Credit Card,6502,2025-09-10 08:41:02.131786,0,5,0,0
2427,961.24,USA,Wire,8476,2025-10-03 10:11:02.131786,0,6,4,0
2428,713.48,India,Crypto,5671,2025-09-14 05:02:02.131786,0,1,1,0
2429,1040.66,USA,Wire,9736,2025-09-22 05:52:02.131786,0,6,4,0
2430,453.07,Germany,Credit Card,5153,2025-10-04 01:08:02.131786,0,0,0,0
2431,904.94,Germany,Debit Card,3111,2025-09-15 17:43:02.131786,0,0,2,0
2432,740.11,Germany,Wire,3172,2025-09-16 12:54:02.131786,0,0,4,0
2433,921.9,UK,Wire,9571,2025-10-07 14:47:02.131786,0,5,4,0
2434,1451.5489243535233,Germany,Debit Card,9994,2025-10-11 04:22:02.131786,1,0,2,0
2435,608.52,USA,Crypto,6298,2025-09-10 17:53:02.131786,0,6,1,0
2436,376.05,India,Credit Card,1797,2025-09-30 11:47:02.131786,0,1,0,0
2437,38.99,UK,Debit Card,6290,2025-10-13 13:30:02.131786,0,5,2,0
2438,1160.85,India,Credit Card,1631,2025-10-03 12:04:02.131786,0,1,0,0
2439,963.08,Germany,Debit Card,4258,2025-10-03 16:27:02.131786,0,0,2,0
2440,648.34,Japan,UPI,8101,2025-10-01 08:49:02.131786,0,2,3,0
2441,239.1,UK,Crypto,9418,2025-10-05 13:59:02.131786,0,5,1,0
2442,78.78,Germany,UPI,8433,2025-10-14 09:51:02.131786,0,0,3,0
2443,38.14,UK,Debit Card,9383,2025-09-22 03:38:02.131786,0,5,2,0
2444,314.92,Japan,Debit Card,3799,2025-09-17 17:11:02.131786,0,2,2,0
2445,820.83,USA,Credit Card,6725,2025-09-22 04:36:02.131786,0,6,0,0
2446,379.35,USA,Debit Card,2149,2025-09-13 14:24:02.131786,0,6,2,0
2447,719.8,USA,Credit Card,4003,2025-09-10 09:26:02.131786,0,6,0,0
2448,745.65,Japan,Credit Card,4545,2025-10-09 19:36:02.131786,0,2,0,0
2449,812.43,India,Debit Card,1019,2025-10-06 17:30:02.131786,0,1,2,0
2450,62.47,Japan,Credit Card,9624,2025-10-08 21:51:02.131786,0,2,0,0
2451,259.3,Japan,Crypto,1999,2025-10-16 13:21:02.131786,0,2,1,0
2452,710.26,Germany,UPI,3658,2025-10-04 20:12:02.131786,0,0,3,0
2453,1332.54,USA,Debit Card,3534,2025-09-10 00:39:02.131786,0,6,2,0
2454,1090.52,UK,Credit Card,5425,2025-09-14 19:20:02.131786,0,5,0,0
2455,623.88,India,Credit Card,2690,2025-09-24 05:57:02.131786,0,1,0,0
2456,10119.074330726671,UK,Credit Card,9994,2025-09-20 00:41:02.131786,1,5,0,1
2457,620.37,Germany,Credit Card,7328,2025-09-16 07:31:02.131786,0,0,0,0
2458,107.68,Germany,Crypto,9526,2025-09-15 23:03:02.131786,0,0,1,0
2459,4335.243399951722,India,Debit Card,9992,2025-10-07 14:53:02.131786,1,1,2,1
2460,1116.07,UK,Debit Card,3510,2025-09-08 18:57:02.131786,0,5,2,0
2461,1612.71,India,Crypto,7052,2025-10-16 17:45:02.131786,0,1,1,0
2462,307.32,India,Crypto,8138,2025-09-24 22:34:02.131786,0,1,1,0
2463,172.54,USA,Crypto,2871,2025-10-06 06:56:02.131786,0,6,1,0
2464,906.78,UK,Debit Card,2604,2025-09-16 19:25:02.131786,0,5,2,0
2465,679.84,USA,Wire,8143,2025-10-10 05:12:02.131786,0,6,4,0
2466,635.9,USA,UPI,9980,2025-09-11 01:56:02.131786,0,6,3,0
2467,1180.25,USA,Crypto,1641,2025-09-26 21:10:02.131786,0,6,1,0
2468,904.32,Japan,Crypto,8302,2025-10-18 04:13:02.131786,0,2,1,0
2469,726.69,Germany,Debit Card,8370,2025-10-08 13:47:02.131786,0,0,2,0
2470,341.81,Germany,Debit Card,4106,2025-09-21 03:47:02.131786,0,0,2,0
2471,853.98,Japan,UPI,3989,2025-09-14 11:04:02.131786,0,2,3,0
2472,165.38,India,Credit Card,5918,2025-09-14 04:56:02.131786,0,1,0,0
2473,619.06,UK,Debit Card,5303,2025-10-14 16:45:02.131786,0,5,2,0
2474,486.98,UK,UPI,8742,2025-10-06 01:03:02.131786,0,5,3,0
2475,101.77,UK,Debit Card,3389,2025-09-23 04:03:02.131786,0,5,2,0
2476,681.28,USA,Debit Card,2612,2025-10-15 17:40:02.131786,0,6,2,0
2477,307.91,UK,Debit Card,8632,2025-10-14 08:49:02.131786,0,5,2,0
2478,669.31,UK,Wire,4464,2025-10-07 05:24:02.131786,0,5,4,0
2479,213.27,UK,Wire,7980,2025-09-15 09:46:02.131786,0,5,4,0
2480,910.6,Nigeria,Crypto,9996,2025-10-05 17:43:02.131786,1,3,1,0
2481,1471.62,Japan,Wire,6739,2025-09-19 11:33:02.131786,0,2,4,0
2482,165.44,India,UPI,6226,2025-09-11 13:16:02.131786,0,1,3,0
2483,213.01,Japan,Debit Card,6258,2025-10-09 20:37:02.131786,0,2,2,0
2484,137.81,UK,Wire,1279,2025-09-28 08:07:02.131786,0,5,4,0
2485,421.59,India,Debit Card,7215,2025-10-04 04:01:02.131786,0,1,2,0
2486,661.81,India,Credit Card,3670,2025-10-02 06:07:02.131786,0,1,0,0
2487,817.93,Japan,Crypto,6857,2025-09-15 22:39:02.131786,0,2,1,0
2488,610.09,Japan,Wire,3153,2025-09-16 04:56:02.131786,0,2,4,0
2489,800.47,Japan,Debit Card,8668,2025-09-11 04:15:02.131786,0,2,2,0
2490,473.55,Japan,Credit Card,7302,2025-09-16 20:26:02.131786,0,2,0,0
2491,304.78,USA,Crypto,6269,2025-09-15 10:50:02.131786,0,6,1,0
2492,218.13,Germany,Crypto,5109,2025-10-13 11:51:02.131786,0,0,1,0
2493,434.21,Germany,Credit Card,3052,2025-10-14 10:36:02.131786,0,0,0,0
2494,223.25,UK,Wire,4066,2025-09-16 02:12:02.131786,0,5,4,0
2495,647.41,USA,Wire,8246,2025-09-21 21:57:02.131786,0,6,4,0
2496,226.65,India,Debit Card,8772,2025-10-07 12:15:02.131786,0,1,2,0
2497,333.9,Japan,UPI,6886,2025-09-23 08:59:02.131786,0,2,3,0
2498,1042.18,UK,Debit Card,9968,2025-10-06 00:26:02.131786,0,5,2,0
2499,1110.48,India,Debit Card,8545,2025-09-14 04:58:02.131786,0,1,2,0
2500,1087.02,Germany,Debit Card,4448,2025-09-23 18:53:02.131786,0,0,2,0
2501,479.71,India,Credit Card,8313,2025-09-22 09:12:02.131786,0,1,0,0
2502,315.52,Japan,Crypto,8822,2025-10-14 21:22:02.131786,0,2,1,0
2503,720.14,Japan,Crypto,2555,2025-10-10 10:39:02.131786,0,2,1,0
2504,231.11,Germany,UPI,6689,2025-10-06 03:36:02.131786,0,0,3,0
2505,846.2,Japan,Wire,4367,2025-09-14 11:32:02.131786,0,2,4,0
2506,291.48,USA,Debit Card,1577,2025-10-12 01:13:02.131786,0,6,2,0
2507,419.93,UK,Credit Card,6516,2025-09-22 11:44:02.131786,0,5,0,0
2508,859.35,Germany,Credit Card,3522,2025-09-07 15:44:02.131786,0,0,0,0
2509,74.35,Germany,Debit Card,6693,2025-09-26 08:30:02.131786,0,0,2,0
2510,302.41,Vietnam,Credit Card,9992,2025-10-03 14:37:02.131786,1,8,0,1
2511,657.52,Germany,Credit Card,6724,2025-10-16 01:07:02.131786,0,0,0,0
2512,762.16,UK,Debit Card,1980,2025-09-25 20:54:02.131786,0,5,2,0
2513,676.46,USA,UPI,6547,2025-09-18 19:25:02.131786,0,6,3,0
2514,415.74,India,Credit Card,4294,2025-09-26 10:02:02.131786,0,1,0,0
2515,919.95,UK,Crypto,6988,2025-09-11 12:18:02.131786,0,5,1,0
2516,211.39,Germany,Crypto,3114,2025-10-05 02:54:02.131786,0,0,1,0
2517,202.9,Japan,Crypto,9817,2025-10-15 23:02:02.131786,0,2,1,0
2518,652.86,Japan,Debit Card,4554,2025-10-06 17:44:02.131786,0,2,2,0
2519,189.5,UK,Crypto,8729,2025-10-01 06:39:02.131786,0,5,1,0
2520,1505.01,USA,Wire,1257,2025-10-11 16:06:02.131786,0,6,4,1
2521,309.96,Japan,Credit Card,5043,2025-09-15 09:18:02.131786,0,2,0,0
2522,908.16,UK,UPI,7951,2025-09-25 22:22:02.131786,0,5,3,0
2523,159.04,India,Crypto,1252,2025-10-14 19:33:02.131786,0,1,1,0
2524,1299.62,Germany,Debit Card,6700,2025-10-11 09:02:02.131786,0,0,2,0
2525,505.5,USA,UPI,7296,2025-09-19 16:47:02.131786,0,6,3,0
2526,302.76,USA,Debit Card,3124,2025-09-17 10:24:02.131786,0,6,2,0
2527,392.85,India,UPI,7846,2025-10-14 02:20:02.131786,0,1,3,0
2528,262.31,USA,UPI,9916,2025-09-09 18:30:02.131786,0,6,3,0
2529,419.01,UK,Credit Card,5663,2025-09-07 22:55:02.131786,0,5,0,0
2530,168.66,USA,UPI,6874,2025-10-07 03:07:02.131786,0,6,3,0
2531,311.15,USA,Wire,3202,2025-09-25 04:40:02.131786,0,6,4,0
2532,896.19,USA,Wire,3841,2025-09-21 16:13:02.131786,0,6,4,0
2533,585.59,UK,Wire,1270,2025-10-07 01:17:02.131786,0,5,4,0
2534,207.41,Germany,Debit Card,9753,2025-09-24 11:53:02.131786,0,0,2,0
2535,430.57,Japan,Credit Card,6509,2025-09-17 17:31:02.131786,0,2,0,0
2536,1119.06,USA,Debit Card,4139,2025-09-17 08:45:02.131786,0,6,2,0
2537,342.27,India,Crypto,2693,2025-09-20 14:37:02.131786,0,1,1,0
2538,187.55,Russia,Wire,9998,2025-09-28 10:27:02.131786,1,4,4,0
2539,742.57,UK,Credit Card,5994,2025-10-10 15:23:02.131786,0,5,0,0
2540,42.39,Germany,Wire,8080,2025-10-14 12:49:02.131786,0,0,4,0
2541,400.03,USA,Credit Card,1750,2025-10-18 16:49:02.131786,0,6,0,0
2542,1185.38,UK,Debit Card,8739,2025-09-17 07:30:02.131786,0,5,2,0
2543,420.94,Japan,Debit Card,5413,2025-10-11 18:34:02.131786,0,2,2,0
2544,958.06,Germany,Wire,9014,2025-09-13 00:50:02.131786,0,0,4,0
2545,185.08,Germany,UPI,3086,2025-09-17 07:20:02.131786,0,0,3,0
2546,408.05,UK,Credit Card,6701,2025-09-16 08:23:02.131786,0,5,0,0
2547,377.88,India,Crypto,4865,2025-09-18 11:40:02.131786,0,1,1,0
2548,714.43,Germany,UPI,9698,2025-09-11 21:10:02.131786,0,0,3,0
2549,526.74,India,Debit Card,1328,2025-10-02 10:14:02.131786,0,1,2,0
2550,1292.19,Germany,Credit Card,9413,2025-09-26 18:52:02.131786,0,0,0,0
2551,326.65,Germany,UPI,4887,2025-10-01 03:45:02.131786,0,0,3,0
2552,521.95,Germany,Crypto,7816,2025-09-08 10:41:02.131786,0,0,1,0
2553,389.41,Japan,UPI,7316,2025-10-17 12:10:02.131786,0,2,3,0
2554,493.59,India,Crypto,4093,2025-09-14 10:37:02.131786,0,1,1,0
2555,460.13,Japan,Debit Card,7953,2025-10-18 03:52:02.131786,0,2,2,0
2556,229.06,India,Credit Card,1620,2025-10-07 21:16:02.131786,0,1,0,0
2557,862.44,Japan,Debit Card,4465,2025-09-17 15:55:02.131786,0,2,2,0
2558,283.56,Japan,Credit Card,7190,2025-09-15 09:22:02.131786,0,2,0,0
2559,266.46,Japan,UPI,6244,2025-09-22 03:21:02.131786,0,2,3,0
2560,108.59,UK,Debit Card,6414,2025-09-22 16:23:02.131786,0,5,2,0
2561,318.86,Japan,Credit Card,5935,2025-10-11 00:59:02.131786,0,2,0,0
2562,280.37,Germany,Crypto,7713,2025-09-25 15:24:02.131786,0,0,1,0
2563,54.99,USA,Credit Card,7074,2025-10-03 19:13:02.131786,0,6,0,0
2564,417.6,Japan,Debit Card,7681,2025-10-08 07:57:02.131786,0,2,2,0
2565,1253.97,USA,Debit Card,6416,2025-09-21 23:22:02.131786,0,6,2,0
2566,131.32,USA,UPI,9235,2025-10-16 16:18:02.131786,0,6,3,0
2567,486.74,Germany,Crypto,5469,2025-09-18 17:45:02.131786,0,0,1,0
2568,409.76,USA,Credit Card,7756,2025-10-11 02:30:02.131786,0,6,0,0
2569,784.07,USA,Debit Card,2027,2025-10-10 20:33:02.131786,0,6,2,0
2570,824.92,USA,Credit Card,8800,2025-09-21 21:00:02.131786,0,6,0,0
2571,1885.1,India,Wire,2388,2025-10-05 09:31:02.131786,0,1,4,1
2572,601.49,Japan,Crypto,1912,2025-09-29 17:33:02.131786,0,2,1,0
2573,249.2,Japan,Crypto,8639,2025-10-11 08:40:02.131786,0,2,1,0
2574,311.38,USA,Wire,8672,2025-10-06 23:58:02.131786,0,6,4,0
2575,338.77,Germany,Crypto,6432,2025-10-07 12:00:02.131786,0,0,1,0
2576,290.38,India,Wire,6191,2025-10-07 19:58:02.131786,0,1,4,0
2577,1462.08,Germany,Credit Card,1757,2025-09-16 22:08:02.131786,0,0,0,1
2578,797.58,Germany,Wire,9043,2025-10-11 15:21:02.131786,0,0,4,0
2579,710.02,USA,UPI,6192,2025-10-08 17:41:02.131786,0,6,3,0
2580,192.57,UK,Wire,3833,2025-10-09 02:14:02.131786,0,5,4,0
2581,819.16,USA,Credit Card,8695,2025-10-11 05:18:02.131786,0,6,0,0
2582,1062.21,UK,Crypto,4061,2025-10-14 01:17:02.131786,0,5,1,0
2583,415.66,India,UPI,3087,2025-09-18 02:39:02.131786,0,1,3,0
2584,308.33,UK,Wire,4110,2025-10-16 16:16:02.131786,0,5,4,0
2585,1313.52,USA,Credit Card,8028,2025-10-15 09:14:02.131786,0,6,0,0
2586,275.07,USA,UPI,4243,2025-09-13 18:40:02.131786,0,6,3,0
2587,250.7,Germany,UPI,8657,2025-10-01 23:19:02.131786,0,0,3,0
2588,214.92,USA,UPI,8599,2025-10-05 10:32:02.131786,0,6,3,0
2589,468.64,USA,Wire,2724,2025-09-15 20:05:02.131786,0,6,4,0
2590,600.18,Japan,Credit Card,1554,2025-10-04 00:57:02.131786,0,2,0,0
2591,966.35,Japan,Credit Card,9195,2025-10-07 08:01:02.131786,0,2,0,0
2592,733.09,Germany,Credit Card,2284,2025-10-10 16:38:02.131786,0,0,0,0
2593,724.75,UK,Debit Card,5976,2025-10-13 13:02:02.131786,0,5,2,0
2594,1172.54,UK,Crypto,7158,2025-10-02 17:49:02.131786,0,5,1,0
2595,205.62,Japan,Credit Card,9279,2025-09-17 05:26:02.131786,0,2,0,0
2596,123.16,India,Debit Card,7103,2025-09-22 18:23:02.131786,0,1,2,0
2597,758.6,Japan,Debit Card,6103,2025-10-08 11:01:02.131786,0,2,2,0
2598,451.81,Ukraine,UPI,9991,2025-10-14 00:09:02.131786,1,7,3,0
2599,968.73,UK,Crypto,7553,2025-10-06 23:20:02.131786,0,5,1,0
2600,485.14,Japan,UPI,9382,2025-10-17 06:03:02.131786,0,2,3,0
2601,299.46,USA,Crypto,2733,2025-09-09 07:08:02.131786,0,6,1,0
2602,766.39,India,UPI,5712,2025-09-12 06:08:02.131786,0,1,3,0
2603,532.14,India,Wire,8194,2025-10-09 00:45:02.131786,0,1,4,0
2604,485.47,India,Crypto,2205,2025-09-29 05:17:02.131786,0,1,1,0
2605,2112.7,UK,Debit Card,3642,2025-09-28 22:30:02.131786,0,5,2,0
2606,1113.2,Germany,Debit Card,7373,2025-09-12 10:39:02.131786,0,0,2,0
2607,835.45,USA,Crypto,4355,2025-09-13 02:42:02.131786,0,6,1,0
2608,544.56,Japan,UPI,3164,2025-09-13 22:19:02.131786,0,2,3,0
2609,510.22,India,Wire,1099,2025-09-13 05:08:02.131786,0,1,4,0
2610,391.4,UK,Wire,1599,2025-09-12 17:45:02.131786,0,5,4,0
2611,586.08,India,Credit Card,6784,2025-09-11 02:56:02.131786,0,1,0,0
2612,333.67,Japan,Crypto,7438,2025-09-25 17:28:02.131786,0,2,1,0
2613,166.41,USA,Wire,6842,2025-09-19 12:37:02.131786,0,6,4,0
2614,480.93,India,UPI,8180,2025-09-24 05:39:02.131786,0,1,3,0
2615,621.36,UK,UPI,8742,2025-09-25 09:25:02.131786,0,5,3,0
2616,970.28,UK,Debit Card,4910,2025-09-19 20:54:02.131786,0,5,2,0
2617,251.98,Germany,Wire,6820,2025-10-03 08:25:02.131786,0,0,4,0
2618,513.29,UK,Wire,2376,2025-10-03 16:40:02.131786,0,5,4,0
2619,729.08,Germany,UPI,9763,2025-10-06 15:56:02.131786,0,0,3,0
2620,717.66,USA,Debit Card,5659,2025-09-21 14:30:02.131786,0,6,2,0
2621,1414.29,Japan,Wire,9371,2025-09-30 22:05:02.131786,0,2,4,0
2622,397.51,Vietnam,UPI,9990,2025-10-15 21:40:02.131786,1,8,3,1
2623,233.48,India,Debit Card,2040,2025-10-03 22:45:02.131786,0,1,2,0
2624,538.85,India,Debit Card,7269,2025-10-08 15:58:02.131786,0,1,2,0
2625,414.08,Japan,UPI,1081,2025-09-12 00:58:02.131786,0,2,3,0
2626,358.39,UK,Debit Card,6735,2025-10-06 22:26:02.131786,0,5,2,0
2627,320.17,India,Debit Card,2205,2025-10-12 01:18:02.131786,0,1,2,0
2628,623.16,Germany,Credit Card,7673,2025-10-03 22:43:02.131786,0,0,0,0
2629,284.03,Japan,Debit Card,6772,2025-09-25 06:07:02.131786,0,2,2,0
2630,834.94,India,Wire,7142,2025-10-10 09:18:02.131786,0,1,4,0
2631,808.01,UK,Debit Card,3981,2025-10-02 01:10:02.131786,0,5,2,0
2632,664.05,UK,Wire,6306,2025-10-18 08:26:02.131786,0,5,4,0
2633,205.28,India,UPI,4446,2025-10-07 11:13:02.131786,0,1,3,0
2634,603.01,Japan,Debit Card,3288,2025-10-11 14:59:02.131786,0,2,2,0
2635,1014.05,USA,UPI,6856,2025-10-17 23:31:02.131786,0,6,3,0
2636,876.39,India,Crypto,3381,2025-09-17 02:05:02.131786,0,1,1,0
2637,794.03,UK,Debit Card,9239,2025-09-30 09:34:02.131786,0,5,2,0
2638,507.54,USA,UPI,5008,2025-10-03 11:07:02.131786,0,6,3,0
2639,490.67,Japan,Crypto,8271,2025-09-27 06:05:02.131786,0,2,1,0
2640,1125.26,UK,Wire,9654,2025-09-08 11:24:02.131786,0,5,4,0
2641,616.06,Japan,Wire,6193,2025-10-17 23:52:02.131786,0,2,4,0
2642,621.64,India,Wire,8734,2025-09-29 01:49:02.131786,0,1,4,0
2643,2506.23,Japan,Wire,3364,2025-09-09 10:08:02.131786,0,2,4,1
2644,390.73,UK,Wire,8921,2025-09-14 10:56:02.131786,0,5,4,0
2645,48.76,India,Credit Card,2793,2025-10-17 10:18:02.131786,0,1,0,0
2646,436.92,UK,UPI,4540,2025-10-15 08:31:02.131786,0,5,3,0
2647,456.9,UK,Crypto,9779,2025-09-13 11:37:02.131786,0,5,1,0
2648,609.49,USA,Crypto,8425,2025-10-15 23:41:02.131786,0,6,1,0
2649,712.93,Germany,Debit Card,6752,2025-09-22 21:47:02.131786,0,0,2,0
2650,61.26,Japan,UPI,7976,2025-09-08 19:49:02.131786,0,2,3,0
2651,723.2,Japan,Credit Card,3774,2025-09-11 11:09:02.131786,0,2,0,0
2652,478.1,USA,Credit Card,1475,2025-09-30 11:12:02.131786,0,6,0,0
2653,404.99,Japan,UPI,5340,2025-09-21 13:14:02.131786,0,2,3,0
2654,101.62,USA,Wire,8504,2025-10-08 17:20:02.131786,0,6,4,0
2655,1281.54,Japan,Wire,5583,2025-10-12 23:13:02.131786,0,2,4,0
2656,354.51,Japan,UPI,8888,2025-09-23 21:01:02.131786,0,2,3,0
2657,801.36,UK,Crypto,6023,2025-10-07 08:18:02.131786,0,5,1,0
2658,248.79,USA,Wire,6581,2025-10-18 05:37:02.131786,0,6,4,0
2659,628.73,Japan,Debit Card,6485,2025-10-07 16:34:02.131786,0,2,2,0
2660,410.05,Germany,Credit Card,4566,2025-10-10 12:23:02.131786,0,0,0,0
2661,784.59,USA,Wire,7360,2025-10-16 08:43:02.131786,0,6,4,0
2662,399.37,USA,Crypto,2348,2025-10-12 18:46:02.131786,0,6,1,0
2663,238.78,USA,Wire,3357,2025-10-17 06:59:02.131786,0,6,4,0
2664,494.56,UK,Wire,6000,2025-10-08 21:32:02.131786,0,5,4,0
2665,476.13,USA,Credit Card,6214,2025-10-03 03:36:02.131786,0,6,0,0
2666,599.37,UK,Debit Card,6908,2025-09-09 12:51:02.131786,0,5,2,0
2667,949.74,Germany,Debit Card,5608,2025-10-02 08:38:02.131786,0,0,2,0
2668,193.5,India,Crypto,3446,2025-10-14 22:49:02.131786,0,1,1,0
2669,917.59,UK,UPI,4077,2025-09-30 13:02:02.131786,0,5,3,0
2670,166.9,Japan,UPI,7055,2025-09-13 07:27:02.131786,0,2,3,0
2671,763.98,USA,UPI,9098,2025-10-04 12:53:02.131786,0,6,3,0
2672,780.48,India,Crypto,5755,2025-09-23 06:32:02.131786,0,1,1,0
2673,339.62,UK,Wire,3001,2025-09-25 06:22:02.131786,0,5,4,0
2674,259.94,Japan,Debit Card,9326,2025-10-07 08:26:02.131786,0,2,2,0
2675,248.2,India,Debit Card,2789,2025-10-13 01:42:02.131786,0,1,2,0
2676,529.89,Germany,Wire,8247,2025-09-14 07:14:02.131786,0,0,4,0
2677,815.3,UK,Debit Card,8948,2025-09-12 14:58:02.131786,0,5,2,0
2678,447.12,UK,Debit Card,3907,2025-09-12 13:32:02.131786,0,5,2,0
2679,41.9,Germany,UPI,7534,2025-09-30 23:26:02.131786,0,0,3,0
2680,321.69,UK,UPI,7742,2025-09-23 07:45:02.143813,0,5,3,0
2681,312.44,USA,Credit Card,8062,2025-09-27 21:49:02.143813,0,6,0,0
2682,709.58,Russia,Credit Card,9998,2025-10-16 00:40:02.143813,1,4,0,0
2683,735.15,USA,Debit Card,8986,2025-09-19 08:56:02.143813,0,6,2,0
2684,559.9,UK,UPI,8273,2025-10-03 10:18:02.143813,0,5,3,0
2685,918.74,Japan,Credit Card,7396,2025-10-18 12:06:02.143813,0,2,0,0
2686,964.85,Japan,Credit Card,5294,2025-10-09 15:21:02.143813,0,2,0,0
2687,337.44,India,UPI,4127,2025-10-09 17:45:02.143813,0,1,3,0
2688,243.44,Japan,Credit Card,8071,2025-09-14 17:00:02.143813,0,2,0,0
2689,471.19,Germany,Wire,9598,2025-10-17 14:30:02.143813,0,0,4,0
2690,559.09,India,Wire,2461,2025-10-15 09:56:02.143813,0,1,4,0
2691,323.82,Japan,UPI,2774,2025-09-21 03:33:02.143813,0,2,3,0
2692,2889.07,USA,UPI,6576,2025-10-08 18:11:02.143813,0,6,3,1
2693,1233.42,UK,Credit Card,9677,2025-10-18 07:12:02.143813,0,5,0,0
2694,299.55,Japan,Debit Card,7996,2025-10-05 09:40:02.143813,0,2,2,0
2695,201.02,USA,Crypto,1362,2025-10-03 12:02:02.143813,0,6,1,0
2696,279.81,India,Wire,9133,2025-09-19 01:56:02.143813,0,1,4,0
2697,976.31,UK,Wire,4801,2025-09-15 01:05:02.143813,0,5,4,0
2698,992.1,Japan,UPI,1211,2025-10-08 00:24:02.143813,0,2,3,0
2699,1243.2,India,Debit Card,5796,2025-10-08 22:44:02.143813,0,1,2,0
2700,237.2,Japan,UPI,9014,2025-09-10 23:23:02.143813,0,2,3,0
2701,707.63,India,Credit Card,8020,2025-10-13 23:56:02.143813,0,1,0,0
2702,256.7,Japan,Debit Card,3661,2025-10-02 11:37:02.143813,0,2,2,0
2703,1418.31,USA,Credit Card,2093,2025-10-05 03:55:02.143813,0,6,0,1
2704,244.41,Germany,Wire,8744,2025-09-27 13:41:02.143813,0,0,4,0
2705,160.84,USA,UPI,6053,2025-10-03 05:32:02.143813,0,6,3,0
2706,190.71,UK,UPI,2551,2025-10-05 05:45:02.143813,0,5,3,0
2707,496.2,Japan,Crypto,5155,2025-10-06 21:24:02.143813,0,2,1,0
2708,807.45,Germany,Debit Card,5617,2025-10-09 18:36:02.143813,0,0,2,0
2709,772.2,Germany,Wire,9500,2025-09-11 18:36:02.143813,0,0,4,0
2710,198.31,UK,Crypto,2543,2025-10-15 16:03:02.143813,0,5,1,0
2711,368.92,UK,Crypto,2405,2025-09-30 13:25:02.143813,0,5,1,0
2712,331.29,Germany,UPI,7484,2025-09-10 09:30:02.143813,0,0,3,0
2713,173.1,UK,Debit Card,6721,2025-09-26 14:27:02.143813,0,5,2,0
2714,324.94,Nigeria,UPI,9992,2025-09-29 18:39:02.143813,1,3,3,0
2715,1208.95,Japan,Debit Card,3001,2025-09-27 22:30:02.143813,0,2,2,0
2716,151.46,USA,Crypto,2107,2025-10-17 22:17:02.143813,0,6,1,0
2717,586.42,India,Credit Card,9175,2025-09-30 07:48:02.143813,0,1,0,0
2718,1227.06,Germany,Wire,4305,2025-10-07 03:12:02.143813,0,0,4,0
2719,1186.39,India,Crypto,5857,2025-10-10 19:05:02.143813,0,1,1,0
2720,1460.8,Germany,UPI,8271,2025-09-10 20:53:02.143813,0,0,3,0
2721,627.78,Germany,Wire,5320,2025-09-14 19:10:02.143813,0,0,4,0
2722,694.06,USA,Crypto,6512,2025-09-21 14:29:02.143813,0,6,1,0
2723,329.91,Germany,Debit Card,9593,2025-09-19 11:50:02.143813,0,0,2,0
2724,148.22,Germany,UPI,4247,2025-10-08 05:32:02.143813,0,0,3,0
2725,446.54,USA,Crypto,4856,2025-09-24 01:16:02.143813,0,6,1,0
2726,1056.28,UK,Debit Card,6292,2025-09-26 05:04:02.143813,0,5,2,0
2727,40.94,India,Debit Card,5399,2025-09-21 16:52:02.143813,0,1,2,0
2728,342.24,Germany,Debit Card,3398,2025-10-03 05:33:02.143813,0,0,2,0
2729,741.36,USA,Wire,9283,2025-09-11 05:51:02.143813,0,6,4,0
2730,501.22,Germany,UPI,6222,2025-09-11 15:40:02.143813,0,0,3,0
2731,1143.68,Vietnam,Debit Card,9996,2025-10-10 09:22:02.143813,1,8,2,1
2732,985.33,India,Crypto,2312,2025-09-17 21:46:02.143813,0,1,1,0
2733,130.15,Japan,Debit Card,4172,2025-09-20 06:44:02.143813,0,2,2,0
2734,532.77,UK,UPI,6932,2025-09-20 09:27:02.143813,0,5,3,0
2735,267.68,Japan,Wire,4092,2025-10-09 00:25:02.143813,0,2,4,0
2736,264.73,USA,Debit Card,9440,2025-09-16 03:33:02.143813,0,6,2,0
2737,140.77,Germany,Crypto,3632,2025-10-04 20:01:02.143813,0,0,1,0
2738,598.92,UK,UPI,4384,2025-09-18 19:24:02.143813,0,5,3,0
2739,1159.31,India,Debit Card,5263,2025-10-10 10:47:02.143813,0,1,2,0
2740,637.57,UK,Wire,4704,2025-10-06 07:17:02.143813,0,5,4,0
2741,131.86,Germany,Credit Card,6628,2025-09-11 16:36:02.143813,0,0,0,0
2742,480.31,Japan,Crypto,2197,2025-09-18 06:56:02.143813,0,2,1,0
2743,721.25,USA,Debit Card,5503,2025-09-21 00:28:02.143813,0,6,2,0
2744,453.73,Japan,Debit Card,9692,2025-09-28 16:52:02.143813,0,2,2,0
2745,629.5,UK,Credit Card,9290,2025-10-05 23:51:02.143813,0,5,0,0
2746,286.62,Germany,UPI,4128,2025-09-21 14:20:02.143813,0,0,3,0
2747,414.15,USA,Credit Card,3294,2025-09-28 07:18:02.143813,0,6,0,0
2748,394.41,Germany,UPI,9904,2025-10-02 19:29:02.143813,0,0,3,0
2749,1300.09,Germany,Debit Card,4914,2025-10-07 03:50:02.143813,0,0,2,0
2750,202.3,UK,Credit Card,9298,2025-09-15 08:54:02.143813,0,5,0,0
2751,49.12,Japan,Debit Card,7988,2025-09-16 06:49:02.143813,0,2,2,0
2752,1246.44,Germany,Credit Card,9237,2025-10-06 07:43:02.143813,0,0,0,0
2753,546.21,Germany,Debit Card,4131,2025-10-04 04:44:02.143813,0,0,2,0
2754,164.75,Germany,Debit Card,4798,2025-09-14 03:17:02.143813,0,0,2,0
2755,928.26,USA,Debit Card,6237,2025-09-30 11:58:02.143813,0,6,2,0
2756,752.22,Germany,Wire,5724,2025-10-10 17:42:02.143813,0,0,4,0
2757,1438.8,Germany,Credit Card,7535,2025-09-22 12:10:02.143813,0,0,0,0
2758,578.36,UK,Wire,4317,2025-09-10 02:27:02.143813,0,5,4,0
2759,2116.49,Germany,Debit Card,5044,2025-09-22 23:26:02.143813,0,0,2,0
2760,456.84,Germany,Crypto,8358,2025-10-01 04:12:02.143813,0,0,1,0
2761,753.2,UK,UPI,3221,2025-09-26 16:16:02.143813,0,5,3,0
2762,829.24,USA,Credit Card,5267,2025-10-14 16:28:02.143813,0,6,0,0
2763,353.18,Japan,Credit Card,7819,2025-09-14 03:36:02.143813,0,2,0,0
2764,344.15,UK,UPI,5904,2025-09-14 16:49:02.143813,0,5,3,0
2765,840.91,USA,Wire,5718,2025-09-17 09:44:02.143813,0,6,4,0
2766,151.05,Japan,UPI,5814,2025-09-10 16:31:02.143813,0,2,3,0
2767,266.14,Germany,Crypto,8237,2025-09-16 17:13:02.143813,0,0,1,0
2768,447.16,UK,Debit Card,3984,2025-09-07 04:54:02.143813,0,5,2,0
2769,1409.63,Germany,UPI,6636,2025-10-05 04:37:02.143813,0,0,3,0
2770,841.31,UK,UPI,4256,2025-09-20 00:04:02.143813,0,5,3,0
2771,530.26,Japan,Debit Card,5473,2025-10-04 02:10:02.143813,0,2,2,0
2772,326.83,USA,Credit Card,9164,2025-10-03 00:06:02.143813,0,6,0,0
2773,1781.28,UK,Crypto,8179,2025-09-10 09:22:02.143813,0,5,1,0
2774,477.91,USA,UPI,2432,2025-09-17 05:06:02.143813,0,6,3,0
2775,265.91,Germany,UPI,1417,2025-09-18 13:07:02.143813,0,0,3,0
2776,2002.04,Germany,Credit Card,7474,2025-10-04 09:59:02.143813,0,0,0,1
2777,158.08,Japan,Crypto,1982,2025-09-24 08:16:02.143813,0,2,1,0
2778,1183.18,Japan,Debit Card,7423,2025-09-26 05:34:02.143813,0,2,2,0
2779,505.64,India,Debit Card,2138,2025-09-21 17:30:02.143813,0,1,2,0
2780,839.91,India,Wire,3928,2025-09-20 00:36:02.143813,0,1,4,0
2781,738.87,Japan,Crypto,5542,2025-09-20 17:57:02.143813,0,2,1,0
2782,831.59,Germany,Crypto,1830,2025-09-11 14:51:02.143813,0,0,1,0
2783,2118.77,USA,UPI,8632,2025-10-14 18:40:02.143813,0,6,3,1
2784,1913.54,Japan,Wire,5288,2025-10-04 05:41:02.143813,0,2,4,0
2785,278.41,USA,Debit Card,3860,2025-09-26 01:11:02.143813,0,6,2,0
2786,719.28,India,Crypto,8105,2025-09-09 14:51:02.143813,0,1,1,0
2787,89.25,USA,Crypto,6375,2025-09-20 12:12:02.143813,0,6,1,0
2788,894.16,Japan,Credit Card,8790,2025-10-15 08:38:02.143813,0,2,0,0
2789,1040.12,Germany,Debit Card,3471,2025-10-07 04:13:02.143813,0,0,2,0
2790,50.07,Japan,Credit Card,7234,2025-09-14 23:05:02.143813,0,2,0,0
2791,491.51,UK,Wire,5836,2025-10-12 02:00:02.143813,0,5,4,0
2792,838.85,UK,Crypto,7288,2025-09-18 10:32:02.143813,0,5,1,0
2793,648.71,UK,Wire,8595,2025-09-20 21:29:02.143813,0,5,4,0
2794,161.33,Germany,Credit Card,5337,2025-09-08 01:41:02.143813,0,0,0,0
2795,179.27,Japan,Debit Card,6150,2025-09-22 14:15:02.143813,0,2,2,0
2796,448.25,UK,Crypto,9964,2025-09-23 03:59:02.143813,0,5,1,0
2797,353.14,Japan,Debit Card,6179,2025-09-29 19:29:02.143813,0,2,2,0
2798,381.08,India,Wire,2778,2025-09-26 09:50:02.143813,0,1,4,0
2799,139.7,UK,UPI,9780,2025-10-01 01:12:02.143813,0,5,3,0
2800,512.26,UK,Debit Card,1272,2025-10-04 19:16:02.143813,0,5,2,0
2801,1416.8,Germany,Debit Card,2501,2025-10-02 13:28:02.143813,0,0,2,0
2802,168.29,Japan,Debit Card,7902,2025-09-18 14:46:02.143813,0,2,2,0
2803,419.66,Germany,Crypto,8088,2025-09-23 02:59:02.143813,0,0,1,0
2804,775.17,Germany,Wire,4576,2025-10-11 08:12:02.143813,0,0,4,0
2805,107.14,Japan,Wire,8628,2025-09-27 06:58:02.143813,0,2,4,0
2806,516.16,India,Crypto,6727,2025-09-12 06:18:02.143813,0,1,1,0
2807,1018.86,Japan,Debit Card,2281,2025-09-09 15:52:02.143813,0,2,2,0
2808,205.46,India,Debit Card,2269,2025-10-13 05:45:02.143813,0,1,2,0
2809,554.51,Germany,UPI,5335,2025-09-26 15:39:02.143813,0,0,3,0
2810,969.35,India,Debit Card,3254,2025-10-14 00:37:02.143813,0,1,2,0
2811,2048.88,India,Credit Card,2575,2025-09-29 11:43:02.143813,0,1,0,1
2812,533.45,India,Debit Card,9759,2025-09-24 10:13:02.143813,0,1,2,0
2813,271.42,UK,UPI,4187,2025-09-09 13:06:02.143813,0,5,3,0
2814,273.44,UK,Credit Card,4283,2025-09-24 21:37:02.143813,0,5,0,0
2815,131.44,Germany,UPI,1598,2025-10-01 11:34:02.143813,0,0,3,0
2816,1492.98,Japan,UPI,7411,2025-10-02 23:19:02.143813,0,2,3,0
2817,929.48,India,Wire,9235,2025-09-15 06:02:02.143813,0,1,4,0
2818,179.23,UK,Crypto,2881,2025-09-30 17:03:02.143813,0,5,1,0
2819,257.92,Japan,UPI,4543,2025-09-22 03:15:02.143813,0,2,3,0
2820,526.83,India,Debit Card,7152,2025-09-10 20:57:02.143813,0,1,2,0
2821,1013.65,Japan,Wire,2883,2025-09-29 10:26:02.143813,0,2,4,0
2822,720.56,USA,Credit Card,8356,2025-09-17 20:10:02.143813,0,6,0,0
2823,671.58,India,Crypto,9572,2025-10-07 20:38:02.143813,0,1,1,0
2824,582.24,Japan,Wire,6951,2025-10-09 12:11:02.143813,0,2,4,0
2825,188.79,India,UPI,6762,2025-09-08 15:13:02.143813,0,1,3,0
2826,532.07,India,Wire,7870,2025-09-23 20:14:02.143813,0,1,4,0
2827,484.71,USA,Debit Card,3162,2025-10-06 04:38:02.143813,0,6,2,0
2828,129.5,Japan,Debit Card,2658,2025-10-11 06:09:02.143813,0,2,2,0
2829,1468.43,Germany,Debit Card,7582,2025-09-19 03:20:02.143813,0,0,2,0
2830,304.69,UK,Crypto,9037,2025-10-02 17:10:02.143813,0,5,1,0
2831,133.25,India,Wire,3892,2025-10-11 19:00:02.143813,0,1,4,0
2832,349.39,India,Wire,7043,2025-09-08 09:44:02.143813,0,1,4,0
2833,406.71,India,UPI,3982,2025-09-16 05:42:02.143813,0,1,3,0
2834,473.51,India,Credit Card,8871,2025-10-02 04:14:02.143813,0,1,0,0
2835,401.3,UK,Debit Card,4515,2025-10-08 10:06:02.143813,0,5,2,0
2836,494.49,Germany,Credit Card,8827,2025-10-08 22:06:02.143813,0,0,0,0
2837,560.21,USA,Credit Card,1027,2025-09-13 08:08:02.143813,0,6,0,0
2838,538.85,Germany,Debit Card,1635,2025-09-29 07:25:02.143813,0,0,2,0
2839,668.0,UK,Debit Card,3015,2025-09-30 20:14:02.143813,0,5,2,0
2840,697.05,Japan,UPI,1586,2025-09-21 19:13:02.143813,0,2,3,0
2841,709.65,USA,Crypto,8525,2025-10-10 09:03:02.143813,0,6,1,0
2842,838.79,USA,Debit Card,4622,2025-09-13 18:17:02.143813,0,6,2,0
2843,276.93,Japan,Credit Card,8415,2025-10-07 01:22:02.143813,0,2,0,0
2844,285.72,India,UPI,4470,2025-09-08 01:10:02.143813,0,1,3,0
2845,1016.82,UK,Wire,4714,2025-10-13 16:12:02.143813,0,5,4,0
2846,358.21,Japan,UPI,3395,2025-09-14 15:41:02.143813,0,2,3,0
2847,453.39,Germany,Debit Card,4470,2025-10-15 17:42:02.143813,0,0,2,0
2848,422.52,Germany,Debit Card,7900,2025-09-07 09:47:02.143813,0,0,2,0
2849,2000.81,Japan,Crypto,7562,2025-09-13 01:59:02.143813,0,2,1,0
2850,237.24,UK,UPI,9582,2025-09-29 13:27:02.143813,0,5,3,0
2851,233.24,USA,Debit Card,6981,2025-10-17 14:23:02.143813,0,6,2,0
2852,495.8,USA,Credit Card,7132,2025-10-07 10:45:02.143813,0,6,0,0
2853,432.02,India,Credit Card,2950,2025-10-10 06:00:02.143813,0,1,0,0
2854,177.59,UK,UPI,3637,2025-10-10 12:03:02.143813,0,5,3,0
2855,465.22,Germany,Crypto,6967,2025-09-26 16:10:02.143813,0,0,1,0
2856,506.23,Germany,UPI,7258,2025-09-10 09:32:02.143813,0,0,3,0
2857,329.23,India,Crypto,9195,2025-09-24 21:10:02.143813,0,1,1,0
2858,443.91,Germany,Credit Card,8906,2025-10-07 23:34:02.143813,0,0,0,0
2859,258.11,India,Debit Card,5104,2025-09-19 10:28:02.143813,0,1,2,0
2860,178.0,India,Wire,8491,2025-10-05 12:50:02.143813,0,1,4,0
2861,355.99,Japan,Debit Card,4538,2025-09-19 07:35:02.143813,0,2,2,0
2862,205.13,USA,Credit Card,3747,2025-09-27 10:51:02.143813,0,6,0,0
2863,146.33,UK,Credit Card,2674,2025-10-04 05:33:02.143813,0,5,0,0
2864,70.94,UK,Debit Card,9316,2025-10-18 12:25:02.143813,0,5,2,0
2865,589.56,USA,Debit Card,9065,2025-10-14 16:10:02.143813,0,6,2,0
2866,346.3,UK,Credit Card,3865,2025-10-04 03:34:02.143813,0,5,0,0
2867,1020.9,Germany,Debit Card,9450,2025-10-11 09:30:02.143813,0,0,2,0
2868,370.29,Germany,Wire,8026,2025-10-08 04:16:02.143813,0,0,4,0
2869,587.46,Ukraine,Wire,9996,2025-09-10 21:23:02.143813,1,7,4,0
2870,292.07,Japan,UPI,8801,2025-10-07 06:22:02.143813,0,2,3,0
2871,484.18,UK,Wire,2146,2025-09-14 16:32:02.143813,0,5,4,0
2872,71.62,India,Credit Card,5684,2025-09-24 10:04:02.143813,0,1,0,0
2873,351.68,India,Credit Card,7801,2025-09-26 13:24:02.143813,0,1,0,0
2874,238.6,USA,UPI,1892,2025-10-03 05:18:02.143813,0,6,3,0
2875,951.02,Germany,Crypto,5313,2025-09-16 00:59:02.143813,0,0,1,0
2876,560.15,Japan,UPI,7828,2025-09-19 02:46:02.143813,0,2,3,0
2877,861.86,UK,Crypto,4623,2025-09-08 21:19:02.143813,0,5,1,0
2878,1097.16,India,Crypto,9038,2025-09-24 16:17:02.143813,0,1,1,0
2879,328.53,Germany,Debit Card,1359,2025-10-10 06:22:02.143813,0,0,2,0
2880,4946.786388460443,Germany,Wire,9990,2025-09-08 19:56:02.143813,1,0,4,1
2881,187.82,Japan,Crypto,6760,2025-09-21 09:50:02.143813,0,2,1,0
2882,652.97,Japan,Debit Card,1290,2025-09-28 15:50:02.143813,0,2,2,0
2883,721.84,Japan,UPI,5955,2025-09-25 03:31:02.143813,0,2,3,0
2884,621.37,Japan,UPI,3113,2025-09-23 04:45:02.143813,0,2,3,0
2885,328.22,India,Crypto,7940,2025-09-24 20:42:02.143813,0,1,1,0
2886,1558.71,Japan,Debit Card,6674,2025-09-08 07:31:02.143813,0,2,2,0
2887,505.23,Germany,Credit Card,7264,2025-09-23 21:51:02.143813,0,0,0,0
2888,188.86,Germany,Wire,7335,2025-10-03 09:00:02.143813,0,0,4,0
2889,770.35,UK,Crypto,6473,2025-10-16 00:39:02.143813,0,5,1,0
2890,970.33,Germany,Credit Card,2566,2025-09-13 01:18:02.143813,0,0,0,0
2891,192.39,Germany,Wire,1479,2025-09-27 15:47:02.143813,0,0,4,0
2892,406.94,India,Credit Card,5892,2025-09-23 22:08:02.143813,0,1,0,0
2893,130.51,Germany,Debit Card,6192,2025-09-27 12:53:02.143813,0,0,2,0
2894,1125.34,USA,Crypto,8558,2025-10-12 22:24:02.143813,0,6,1,0
2895,461.53,Germany,Credit Card,8097,2025-10-16 08:14:02.143813,0,0,0,0
2896,239.55,UK,Credit Card,2099,2025-09-20 10:23:02.143813,0,5,0,0
2897,978.87,UK,Credit Card,3235,2025-10-11 09:26:02.143813,0,5,0,0
2898,494.86,Japan,Crypto,9667,2025-09-23 02:28:02.143813,0,2,1,0
2899,889.21,India,Debit Card,1916,2025-09-23 03:52:02.143813,0,1,2,0
2900,682.8,UK,Debit Card,5744,2025-10-08 12:02:02.143813,0,5,2,0
2901,211.47,USA,Credit Card,5897,2025-10-03 08:18:02.143813,0,6,0,0
2902,319.07,USA,Debit Card,7190,2025-10-03 10:28:02.143813,0,6,2,0
2903,245.47,Japan,Wire,2307,2025-09-27 01:16:02.143813,0,2,4,0
2904,176.88,India,Debit Card,3221,2025-09-10 13:04:02.143813,0,1,2,0
2905,97.51,India,Credit Card,8474,2025-10-05 00:36:02.143813,0,1,0,0
2906,1763.65,Germany,Wire,5974,2025-10-08 22:15:02.143813,0,0,4,0
2907,613.1,USA,Crypto,7114,2025-10-01 21:59:02.143813,0,6,1,0
2908,679.74,USA,UPI,9894,2025-10-14 01:49:02.143813,0,6,3,0
2909,1053.45,USA,Debit Card,1117,2025-09-22 18:26:02.143813,0,6,2,0
2910,316.4,USA,Wire,4263,2025-09-24 18:12:02.143813,0,6,4,0
2911,140.56,UK,UPI,6043,2025-09-08 02:34:02.143813,0,5,3,0
2912,836.16,India,Crypto,5667,2025-10-13 12:12:02.143813,0,1,1,0
2913,164.42,Germany,UPI,5618,2025-09-18 21:06:02.143813,0,0,3,0
2914,822.48,UK,Crypto,9963,2025-09-25 16:35:02.143813,0,5,1,0
2915,119.35,India,Credit Card,7798,2025-09-07 17:48:02.143813,0,1,0,0
2916,153.06,Japan,Credit Card,2287,2025-09-20 19:00:02.143813,0,2,0,0
2917,290.54,USA,Crypto,8658,2025-09-18 17:14:02.143813,0,6,1,0
2918,801.15,Germany,UPI,9047,2025-09-12 06:05:02.143813,0,0,3,0
2919,1425.51,India,Debit Card,9290,2025-09-15 11:43:02.143813,0,1,2,0
2920,678.96,Japan,UPI,2046,2025-09-22 18:42:02.143813,0,2,3,0
2921,300.34,USA,UPI,6382,2025-10-03 10:23:02.143813,0,6,3,0
2922,941.98,Japan,Debit Card,6444,2025-09-25 21:26:02.143813,0,2,2,0
2923,115.56,Japan,UPI,4803,2025-10-10 00:30:02.143813,0,2,3,0
2924,222.03,UK,UPI,4755,2025-10-11 20:55:02.143813,0,5,3,0
2925,531.46,Japan,Wire,5482,2025-10-12 02:22:02.143813,0,2,4,0
2926,855.23,UK,Crypto,9797,2025-09-14 23:01:02.143813,0,5,1,0
2927,423.46,UK,Credit Card,3169,2025-09-25 15:30:02.143813,0,5,0,0
2928,388.42,Japan,Crypto,6419,2025-09-09 18:36:02.143813,0,2,1,0
2929,406.82,India,UPI,1562,2025-09-07 18:04:02.143813,0,1,3,0
2930,1047.1,Japan,Debit Card,7460,2025-10-06 20:42:02.143813,0,2,2,0
2931,259.89,Japan,Debit Card,6938,2025-10-16 06:19:02.143813,0,2,2,0
2932,208.66,India,Credit Card,5000,2025-09-16 23:57:02.143813,0,1,0,0
2933,401.74,USA,Credit Card,9211,2025-09-16 10:23:02.143813,0,6,0,0
2934,1146.19,Germany,Credit Card,5637,2025-09-24 06:04:02.143813,0,0,0,0
2935,286.35,USA,Debit Card,4960,2025-09-22 12:06:02.143813,0,6,2,0
2936,405.81,Japan,UPI,4541,2025-10-06 09:32:02.143813,0,2,3,0
2937,113.55,USA,Credit Card,4157,2025-10-05 07:27:02.143813,0,6,0,0
2938,419.36,Germany,Credit Card,6861,2025-09-10 16:25:02.143813,0,0,0,0
2939,591.56,USA,Debit Card,7548,2025-10-15 19:45:02.143813,0,6,2,0
2940,164.67,Germany,UPI,8121,2025-09-12 14:38:02.143813,0,0,3,0
2941,1048.43,USA,Credit Card,7836,2025-09-29 02:35:02.143813,0,6,0,0
2942,585.95,UK,UPI,8306,2025-09-13 05:41:02.143813,0,5,3,0
2943,325.09,Japan,Wire,8177,2025-10-04 11:21:02.143813,0,2,4,0
2944,589.19,Germany,Credit Card,2314,2025-09-22 16:44:02.143813,0,0,0,0
2945,707.74,Japan,Credit Card,3426,2025-09-27 19:42:02.143813,0,2,0,0
2946,82.71,UK,Debit Card,1939,2025-10-14 10:30:02.143813,0,5,2,0
2947,605.92,USA,Wire,9429,2025-09-26 20:27:02.143813,0,6,4,0
2948,1119.19,Japan,Wire,9835,2025-09-08 22:03:02.143813,0,2,4,0
2949,256.71,USA,Wire,9376,2025-09-25 11:21:02.143813,0,6,4,0
2950,330.87,USA,Crypto,2830,2025-10-06 09:57:02.143813,0,6,1,0
2951,377.23,Japan,Debit Card,8887,2025-10-10 13:26:02.143813,0,2,2,0
2952,861.89,Germany,Debit Card,2785,2025-10-15 13:07:02.143813,0,0,2,0
2953,192.84,Germany,Credit Card,9029,2025-09-11 00:25:02.143813,0,0,0,0
2954,684.67,Japan,Debit Card,8490,2025-09-24 11:29:02.143813,0,2,2,0
2955,382.94,Germany,Credit Card,5577,2025-10-15 12:19:02.143813,0,0,0,0
2956,1469.62,India,Credit Card,2381,2025-09-22 19:52:02.143813,0,1,0,0
2957,400.94,USA,Crypto,1361,2025-10-08 15:42:02.143813,0,6,1,0
2958,40.21,Japan,Debit Card,2059,2025-10-04 01:38:02.143813,0,2,2,0
2959,777.37,UK,Debit Card,9707,2025-10-07 10:33:02.143813,0,5,2,0
2960,659.97,Japan,Crypto,6865,2025-09-19 09:57:02.143813,0,2,1,0
2961,567.75,Japan,Crypto,9521,2025-10-02 11:53:02.143813,0,2,1,0
2962,1098.74,USA,Debit Card,7412,2025-10-09 10:14:02.143813,0,6,2,0
2963,96.86,UK,Debit Card,4141,2025-09-25 15:24:02.143813,0,5,2,0
2964,225.03,USA,Credit Card,6638,2025-10-07 14:51:02.143813,0,6,0,0
2965,482.3,Germany,UPI,4739,2025-10-15 16:34:02.143813,0,0,3,0
2966,545.51,Japan,Credit Card,1292,2025-10-01 04:37:02.143813,0,2,0,0
2967,429.88,USA,Wire,7030,2025-10-04 19:15:02.143813,0,6,4,0
2968,115.38,India,Wire,6405,2025-09-21 10:52:02.143813,0,1,4,0
2969,333.55,Japan,UPI,1359,2025-10-06 09:19:02.143813,0,2,3,0
2970,1402.39,Germany,Crypto,2609,2025-09-12 15:23:02.143813,0,0,1,0
2971,184.27,USA,Wire,2360,2025-09-13 12:14:02.143813,0,6,4,0
2972,474.17,USA,Crypto,1623,2025-10-01 05:49:02.143813,0,6,1,0
2973,686.49,India,Crypto,2565,2025-09-26 13:03:02.143813,0,1,1,0
2974,844.67,Germany,Credit Card,2920,2025-09-22 04:27:02.143813,0,0,0,0
2975,774.76,India,Crypto,2511,2025-09-14 22:40:02.143813,0,1,1,0
2976,313.78,Japan,UPI,8546,2025-10-15 01:14:02.143813,0,2,3,0
2977,224.16,UK,Credit Card,7487,2025-10-06 14:01:02.143813,0,5,0,0
2978,1477.32,USA,UPI,5713,2025-09-23 02:07:02.143813,0,6,3,0
2979,902.31,India,Crypto,6919,2025-10-03 07:08:02.143813,0,1,1,0
2980,509.04,USA,Wire,8929,2025-10-12 01:28:02.143813,0,6,4,0
2981,1226.99,USA,Crypto,9766,2025-09-17 08:59:02.143813,0,6,1,0
2982,141.42,India,UPI,3001,2025-10-07 03:13:02.143813,0,1,3,0
2983,41.91,USA,Debit Card,1396,2025-10-14 12:51:02.143813,0,6,2,0
2984,540.9,Germany,Debit Card,6675,2025-10-01 14:38:02.143813,0,0,2,0
2985,560.1,Germany,Wire,5497,2025-10-08 18:08:02.143813,0,0,4,0
2986,128.43,UK,UPI,2511,2025-10-18 11:14:02.143813,0,5,3,0
2987,880.03,Germany,Wire,3692,2025-10-02 01:46:02.143813,0,0,4,0
2988,66.83,India,Credit Card,3032,2025-09-28 13:25:02.143813,0,1,0,0
2989,630.6,Germany,Crypto,7988,2025-10-16 07:13:02.143813,0,0,1,0
2990,736.83,UK,Credit Card,6872,2025-10-17 14:12:02.143813,0,5,0,0
2991,536.12,Japan,Debit Card,5734,2025-09-26 01:15:02.143813,0,2,2,0
2992,110.48,Japan,Crypto,8639,2025-09-30 07:58:02.143813,0,2,1,0
2993,1090.91,India,Credit Card,5252,2025-09-27 10:16:02.143813,0,1,0,0
2994,322.54,UK,Debit Card,5709,2025-09-27 16:48:02.143813,0,5,2,0
2995,323.4,Germany,Credit Card,2908,2025-09-17 08:15:02.143813,0,0,0,0
2996,272.49,UK,Crypto,6077,2025-09-09 16:37:02.143813,0,5,1,0
2997,793.51,USA,Credit Card,2275,2025-09-25 11:41:02.143813,0,6,0,0
2998,310.05,UK,Crypto,1058,2025-09-21 01:37:02.143813,0,5,1,0
2999,168.25,Germany,Credit Card,4923,2025-09-08 08:58:02.143813,0,0,0,0
3000,951.2,India,Wire,1616,2025-10-14 22:38:02.143813,0,1,4,0
3001,465.55,USA,Credit Card,4671,2025-09-15 15:16:02.143813,0,6,0,0
3002,973.94,UK,Credit Card,6783,2025-09-21 05:11:02.143813,0,5,0,0
3003,492.26,Japan,Wire,2711,2025-10-14 12:59:02.143813,0,2,4,0
3004,256.84,Germany,Debit Card,2342,2025-09-13 17:00:02.143813,0,0,2,0
3005,79.59,India,Crypto,5752,2025-10-14 04:58:02.143813,0,1,1,0
3006,542.62,Germany,UPI,5932,2025-10-06 23:07:02.143813,0,0,3,0
3007,377.88,UK,Debit Card,2023,2025-10-17 22:53:02.143813,0,5,2,0
3008,816.56,India,Crypto,7965,2025-09-19 21:58:02.143813,0,1,1,0
3009,298.19,Japan,Credit Card,1733,2025-10-06 03:47:02.143813,0,2,0,0
3010,644.42,USA,Debit Card,9589,2025-09-10 13:47:02.143813,0,6,2,0
3011,477.11,UK,Credit Card,1461,2025-10-13 11:44:02.143813,0,5,0,0
3012,237.62,India,Debit Card,9329,2025-09-19 01:27:02.143813,0,1,2,0
3013,318.37,USA,Debit Card,1761,2025-09-14 04:40:02.143813,0,6,2,0
3014,138.26,India,UPI,1592,2025-09-14 12:23:02.143813,0,1,3,0
3015,1545.03,UK,Wire,6696,2025-09-17 12:00:02.143813,0,5,4,0
3016,634.44,India,Debit Card,8821,2025-10-13 20:45:02.143813,0,1,2,0
3017,129.07,Japan,Credit Card,3347,2025-09-22 15:20:02.143813,0,2,0,0
3018,1493.38,India,UPI,2446,2025-09-24 05:31:02.143813,0,1,3,0
3019,181.91,UK,Debit Card,2442,2025-09-10 23:55:02.143813,0,5,2,0
3020,293.91,India,Wire,3806,2025-10-10 18:44:02.143813,0,1,4,0
3021,400.04,USA,Credit Card,8450,2025-09-28 18:53:02.143813,0,6,0,0
3022,485.96,USA,UPI,4325,2025-09-25 20:50:02.143813,0,6,3,0
3023,801.47,Germany,Crypto,7647,2025-09-07 04:46:02.143813,0,0,1,0
3024,59.56,Germany,Wire,4756,2025-09-14 08:03:02.143813,0,0,4,0
3025,491.82,Japan,Crypto,2336,2025-09-28 01:34:02.143813,0,2,1,0
3026,383.85,USA,Crypto,6397,2025-10-04 12:31:02.143813,0,6,1,0
3027,549.89,Germany,UPI,9993,2025-09-21 23:26:02.143813,0,0,3,0
3028,368.89,India,UPI,9072,2025-10-04 12:39:02.143813,0,1,3,0
3029,330.22,Japan,UPI,8589,2025-10-17 12:58:02.143813,0,2,3,0
3030,437.06,UK,Crypto,9787,2025-09-07 05:07:02.143813,0,5,1,0
3031,1439.54,Germany,Credit Card,3047,2025-09-26 20:27:02.143813,0,0,0,0
3032,335.5,Germany,UPI,9218,2025-10-01 16:09:02.143813,0,0,3,0
3033,1057.83,USA,Wire,3428,2025-09-08 03:36:02.143813,0,6,4,0
3034,532.75,Japan,UPI,6439,2025-09-26 09:20:02.143813,0,2,3,0
3035,514.38,USA,UPI,1130,2025-10-16 03:39:02.143813,0,6,3,0
3036,553.78,USA,UPI,4067,2025-10-15 01:30:02.143813,0,6,3,0
3037,684.92,Japan,Crypto,4351,2025-10-15 21:09:02.143813,0,2,1,0
3038,357.11,India,Credit Card,3332,2025-10-16 20:56:02.143813,0,1,0,0
3039,1009.22,Germany,UPI,6316,2025-10-13 21:25:02.143813,0,0,3,0
3040,686.12,USA,Crypto,1736,2025-09-19 15:56:02.143813,0,6,1,0
3041,150.8,Germany,Wire,4847,2025-10-11 01:34:02.143813,0,0,4,0
3042,40.71,Japan,Credit Card,2298,2025-10-08 06:28:02.143813,0,2,0,0
3043,1410.52,India,Crypto,2091,2025-10-06 21:13:02.143813,0,1,1,0
3044,566.84,UK,Debit Card,1232,2025-10-17 22:35:02.143813,0,5,2,0
3045,133.03,India,Wire,1221,2025-09-20 23:21:02.143813,0,1,4,0
3046,335.11,Japan,Wire,9644,2025-10-14 07:12:02.143813,0,2,4,0
3047,902.01,India,Debit Card,6755,2025-10-04 07:15:02.143813,0,1,2,0
3048,417.1,UK,Crypto,5399,2025-09-13 05:26:02.143813,0,5,1,0
3049,447.08,USA,Crypto,1935,2025-09-18 07:35:02.143813,0,6,1,0
3050,789.83,India,Wire,6733,2025-10-17 17:47:02.143813,0,1,4,0
3051,607.07,Japan,Crypto,9130,2025-10-11 22:14:02.143813,0,2,1,0
3052,721.99,India,Debit Card,8567,2025-09-21 06:30:02.143813,0,1,2,0
3053,784.03,UK,Crypto,2343,2025-09-28 11:08:02.143813,0,5,1,0
3054,263.17,Japan,Wire,1364,2025-09-27 09:06:02.143813,0,2,4,0
3055,285.06,India,Crypto,9647,2025-09-28 10:08:02.143813,0,1,1,0
3056,236.27,Japan,Credit Card,4391,2025-09-21 23:17:02.143813,0,2,0,0
3057,298.56,UK,Debit Card,1735,2025-09-14 11:43:02.143813,0,5,2,0
3058,433.74,USA,Debit Card,4606,2025-09-29 00:21:02.143813,0,6,2,0
3059,458.59,UK,UPI,2467,2025-09-20 14:49:02.143813,0,5,3,0
3060,1202.14,USA,Crypto,4514,2025-10-09 12:23:02.143813,0,6,1,0
3061,586.04,Germany,Debit Card,4775,2025-09-25 19:19:02.143813,0,0,2,0
3062,440.41,UK,Crypto,5661,2025-10-13 12:26:02.143813,0,5,1,0
3063,192.47,USA,Credit Card,9156,2025-10-12 10:17:02.143813,0,6,0,0
3064,375.15,Germany,Wire,2714,2025-10-10 08:45:02.143813,0,0,4,0
3065,1481.04,Germany,Wire,1515,2025-09-17 15:39:02.143813,0,0,4,1
3066,1465.7,Germany,UPI,6220,2025-10-15 23:11:02.143813,0,0,3,0
3067,371.46,Japan,UPI,6249,2025-09-23 23:24:02.143813,0,2,3,0
3068,91.87,UK,Debit Card,9010,2025-09-09 13:42:02.143813,0,5,2,0
3069,332.64,UK,Debit Card,9131,2025-10-03 02:12:02.143813,0,5,2,0
3070,1210.89,UK,Debit Card,7142,2025-10-11 17:57:02.143813,0,5,2,0
3071,436.08,UK,Credit Card,4135,2025-09-27 12:38:02.143813,0,5,0,0
3072,790.39,Japan,UPI,6878,2025-10-18 00:37:02.143813,0,2,3,0
3073,475.78,UK,UPI,8033,2025-10-01 06:13:02.143813,0,5,3,0
3074,122.29,USA,Wire,5324,2025-10-17 22:19:02.143813,0,6,4,0
3075,3124.9189549216176,Germany,UPI,9998,2025-10-17 06:00:02.143813,1,0,3,1
3076,864.29,Japan,UPI,6942,2025-09-17 10:54:02.143813,0,2,3,0
3077,295.03,Japan,Credit Card,4979,2025-09-13 09:24:02.143813,0,2,0,0
3078,848.69,UK,Debit Card,2511,2025-10-04 08:11:02.143813,0,5,2,0
3079,512.3,Germany,Credit Card,5900,2025-09-13 15:06:02.143813,0,0,0,0
3080,817.71,USA,Crypto,5659,2025-09-18 22:04:02.143813,0,6,1,0
3081,613.41,Germany,Wire,3962,2025-09-17 06:25:02.143813,0,0,4,0
3082,204.48,India,Wire,3410,2025-09-25 20:28:02.143813,0,1,4,0
3083,378.23,Germany,Wire,1179,2025-09-11 09:50:02.143813,0,0,4,0
3084,368.52,USA,Debit Card,1588,2025-10-03 17:09:02.143813,0,6,2,0
3085,283.3,USA,Debit Card,3045,2025-10-15 12:11:02.143813,0,6,2,0
3086,578.7,USA,Debit Card,6854,2025-10-13 12:33:02.143813,0,6,2,0
3087,1656.13,Japan,Wire,4225,2025-10-06 00:06:02.143813,0,2,4,0
3088,1010.11,Japan,Wire,9756,2025-09-07 12:55:02.143813,0,2,4,0
3089,1102.18,India,Wire,5764,2025-10-14 16:29:02.143813,0,1,4,0
3090,268.76,Germany,Crypto,8087,2025-10-06 14:05:02.143813,0,0,1,0
3091,1114.45,UK,Crypto,5053,2025-09-18 22:04:02.143813,0,5,1,0
3092,1365.28,India,Wire,5464,2025-09-30 04:33:02.143813,0,1,4,0
3093,261.17,UK,Debit Card,3706,2025-09-13 19:32:02.143813,0,5,2,0
3094,663.33,UK,Debit Card,8166,2025-10-09 02:57:02.143813,0,5,2,0
3095,675.93,India,Crypto,6238,2025-10-14 09:31:02.143813,0,1,1,0
3096,400.32,Germany,Crypto,4926,2025-09-21 15:09:02.143813,0,0,1,0
3097,545.22,UK,Wire,2640,2025-10-05 18:20:02.143813,0,5,4,0
3098,699.67,Japan,Wire,2650,2025-09-29 22:33:02.143813,0,2,4,0
3099,421.66,Japan,Debit Card,9694,2025-10-11 19:57:02.143813,0,2,2,0
3100,3002.9686534872444,India,UPI,9996,2025-10-13 08:09:02.143813,1,1,3,1
3101,151.63,UK,Debit Card,6766,2025-09-28 19:58:02.143813,0,5,2,0
3102,367.24,India,Debit Card,6615,2025-09-27 12:07:02.143813,0,1,2,0
3103,801.4,Japan,Wire,6729,2025-09-17 10:36:02.143813,0,2,4,0
3104,1543.67,India,UPI,4286,2025-09-26 10:00:02.143813,0,1,3,0
3105,1019.76,UK,UPI,2692,2025-10-13 16:38:02.143813,0,5,3,0
3106,536.95,UK,Wire,8274,2025-09-29 06:20:02.143813,0,5,4,0
3107,437.58,Japan,Credit Card,1356,2025-09-28 05:10:02.143813,0,2,0,0
3108,384.07,USA,Wire,1595,2025-09-30 00:14:02.143813,0,6,4,0
3109,385.9,USA,Crypto,2624,2025-09-26 06:57:02.143813,0,6,1,0
3110,78.98,Germany,UPI,9028,2025-10-16 01:49:02.143813,0,0,3,0
3111,1502.48,Japan,Wire,5966,2025-09-10 15:32:02.143813,0,2,4,0
3112,463.17,Germany,Debit Card,4953,2025-09-20 14:43:02.143813,0,0,2,0
3113,247.11,Japan,Debit Card,8315,2025-09-27 07:15:02.143813,0,2,2,0
3114,655.95,UK,Debit Card,9060,2025-10-17 16:12:02.143813,0,5,2,0
3115,264.55,Japan,Wire,7230,2025-09-29 22:08:02.143813,0,2,4,0
3116,915.3,India,Credit Card,3570,2025-09-30 10:13:02.143813,0,1,0,0
3117,254.02,Germany,Crypto,1092,2025-09-08 13:43:02.143813,0,0,1,0
3118,826.86,Japan,Debit Card,5899,2025-10-16 14:34:02.143813,0,2,2,0
3119,379.62,Germany,Wire,5703,2025-09-27 07:12:02.143813,0,0,4,0
3120,595.17,Japan,Credit Card,8741,2025-09-18 15:06:02.143813,0,2,0,0
3121,870.6,USA,UPI,2896,2025-10-11 23:44:02.143813,0,6,3,0
3122,313.09,Germany,UPI,3964,2025-09-22 18:18:02.143813,0,0,3,0
3123,856.17,UK,Crypto,7354,2025-09-07 08:44:02.143813,0,5,1,0
3124,83.18,UK,Wire,9068,2025-10-16 02:28:02.143813,0,5,4,0
3125,1296.46,Japan,Wire,9574,2025-10-18 15:56:02.143813,0,2,4,0
3126,958.76,UK,Debit Card,3918,2025-09-15 02:04:02.143813,0,5,2,0
3127,450.99,UK,Credit Card,8320,2025-09-24 11:32:02.143813,0,5,0,0
3128,1076.62,Germany,Crypto,6124,2025-09-24 00:53:02.143813,0,0,1,0
3129,1002.22,Japan,Credit Card,3458,2025-09-26 18:58:02.143813,0,2,0,0
3130,483.01,Germany,Crypto,2106,2025-10-16 03:54:02.143813,0,0,1,0
3131,479.08,Japan,Wire,6036,2025-09-09 11:37:02.143813,0,2,4,0
3132,221.08,UK,Wire,9622,2025-09-08 04:06:02.143813,0,5,4,0
3133,502.86,Japan,Crypto,4543,2025-09-19 20:04:02.143813,0,2,1,0
3134,118.15,Japan,Credit Card,7112,2025-09-18 05:47:02.143813,0,2,0,0
3135,819.78,India,UPI,3082,2025-10-17 18:25:02.143813,0,1,3,0
3136,832.05,Japan,UPI,4727,2025-09-23 03:33:02.143813,0,2,3,0
3137,84.67,India,Debit Card,6003,2025-09-20 03:26:02.143813,0,1,2,0
3138,1214.96,Germany,Debit Card,3858,2025-09-25 21:16:02.143813,0,0,2,0
3139,290.53,India,Credit Card,9475,2025-09-19 05:50:02.143813,0,1,0,0
3140,2585.44,Germany,Wire,1726,2025-09-29 08:06:02.143813,0,0,4,1
3141,572.84,Japan,Credit Card,2781,2025-09-07 04:43:02.143813,0,2,0,0
3142,1222.86,Germany,Crypto,8405,2025-09-25 11:31:02.143813,0,0,1,0
3143,214.68,UK,UPI,1336,2025-10-16 19:33:02.143813,0,5,3,0
3144,378.95,Japan,Debit Card,4602,2025-10-06 15:24:02.143813,0,2,2,0
3145,311.77,India,Credit Card,7083,2025-10-06 04:06:02.143813,0,1,0,0
3146,115.87,USA,Credit Card,9777,2025-09-09 14:20:02.143813,0,6,0,0
3147,152.12,Japan,Crypto,2914,2025-10-05 19:45:02.143813,0,2,1,0
3148,437.62,UK,Wire,9758,2025-09-09 14:08:02.143813,0,5,4,0
3149,639.76,Germany,Wire,7226,2025-09-16 05:37:02.143813,0,0,4,0
3150,194.21,India,UPI,5970,2025-09-15 14:44:02.143813,0,1,3,0
3151,360.56,India,Debit Card,7822,2025-09-30 02:02:02.143813,0,1,2,0
3152,263.36,UK,Wire,2651,2025-09-11 14:13:02.143813,0,5,4,0
3153,460.44,UK,Wire,2320,2025-09-14 23:38:02.143813,0,5,4,0
3154,776.86,Japan,Wire,2790,2025-10-11 14:49:02.143813,0,2,4,0
3155,522.95,USA,Credit Card,6461,2025-09-19 23:37:02.143813,0,6,0,0
3156,300.7,USA,Wire,3881,2025-09-15 12:01:02.143813,0,6,4,0
3157,979.88,Germany,Crypto,1954,2025-09-28 11:52:02.143813,0,0,1,0
3158,624.88,India,UPI,6984,2025-09-12 01:35:02.143813,0,1,3,0
3159,534.46,Japan,Wire,6543,2025-10-04 21:24:02.143813,0,2,4,0
3160,196.49,India,Debit Card,8130,2025-09-21 11:25:02.143813,0,1,2,0
3161,910.63,Japan,Credit Card,3066,2025-09-25 20:53:02.143813,0,2,0,0
3162,670.55,UK,Crypto,4951,2025-09-28 10:57:02.143813,0,5,1,0
3163,695.56,Germany,UPI,3861,2025-09-13 05:40:02.143813,0,0,3,0
3164,405.32,UK,Credit Card,6400,2025-09-23 15:22:02.143813,0,5,0,0
3165,350.08,India,Crypto,9254,2025-10-01 00:56:02.143813,0,1,1,0
3166,1507.53,Germany,Credit Card,7133,2025-09-29 12:38:02.143813,0,0,0,0
3167,345.8,Japan,UPI,2989,2025-09-12 17:06:02.143813,0,2,3,0
3168,161.65,Japan,UPI,2804,2025-10-13 07:19:02.143813,0,2,3,0
3169,554.49,Germany,Wire,4325,2025-09-30 23:58:02.143813,0,0,4,0
3170,479.94,UK,Debit Card,4698,2025-10-10 19:42:02.143813,0,5,2,0
3171,1009.98,Germany,Wire,6973,2025-10-11 11:38:02.143813,0,0,4,0
3172,429.81,UK,Credit Card,6891,2025-10-08 17:23:02.143813,0,5,0,0
3173,759.62,Germany,Wire,7210,2025-09-26 02:30:02.143813,0,0,4,0
3174,1270.49,Nigeria,UPI,9994,2025-09-25 21:40:02.143813,1,3,3,0
3175,642.83,USA,UPI,4357,2025-09-11 19:37:02.143813,0,6,3,0
3176,205.68,Germany,UPI,1131,2025-10-14 00:44:02.143813,0,0,3,0
3177,655.92,UK,Wire,6167,2025-09-07 09:17:02.143813,0,5,4,0
3178,365.58,India,Crypto,8084,2025-09-07 09:33:02.143813,0,1,1,0
3179,582.51,India,Wire,1992,2025-09-26 04:02:02.143813,0,1,4,0
3180,482.68,Germany,Wire,6772,2025-10-02 06:03:02.143813,0,0,4,0
3181,859.7929490514679,Germany,Wire,9992,2025-09-25 04:57:02.143813,1,0,4,0
3182,427.94,Japan,Wire,8398,2025-09-11 21:06:02.143813,0,2,4,0
3183,195.22,UK,UPI,7427,2025-10-04 22:21:02.143813,0,5,3,0
3184,324.82,Germany,Debit Card,3596,2025-10-15 03:02:02.143813,0,0,2,0
3185,908.58,India,Wire,6530,2025-09-10 15:24:02.143813,0,1,4,0
3186,511.49,India,Wire,3949,2025-09-17 03:31:02.143813,0,1,4,0
3187,727.97,India,Debit Card,6341,2025-09-27 16:42:02.143813,0,1,2,0
3188,542.68,UK,Wire,4484,2025-10-17 20:40:02.143813,0,5,4,0
3189,386.4,USA,Debit Card,6590,2025-10-02 10:58:02.143813,0,6,2,0
3190,583.71,Germany,UPI,8237,2025-09-16 18:03:02.143813,0,0,3,0
3191,97.98,USA,Crypto,1065,2025-10-17 04:15:02.143813,0,6,1,0
3192,821.76,UK,Wire,4764,2025-10-11 15:16:02.143813,0,5,4,0
3193,241.06,Germany,Crypto,3793,2025-09-24 15:59:02.143813,0,0,1,0
3194,696.32,Japan,Wire,2419,2025-09-27 11:50:02.143813,0,2,4,0
3195,374.42,Germany,Credit Card,6477,2025-09-13 09:03:02.143813,0,0,0,0
3196,158.44,Germany,Credit Card,2415,2025-09-12 17:43:02.143813,0,0,0,0
3197,278.99,Germany,UPI,9567,2025-09-28 11:37:02.143813,0,0,3,0
3198,698.86,Germany,Crypto,6424,2025-09-18 19:35:02.143813,0,0,1,0
3199,1832.39,Germany,Crypto,7207,2025-09-08 04:01:02.143813,0,0,1,0
3200,459.7,UK,Debit Card,9369,2025-10-03 12:11:02.143813,0,5,2,0
3201,1692.52,Germany,Debit Card,1234,2025-09-07 19:23:02.143813,0,0,2,0
3202,97.7,UK,Wire,3912,2025-09-30 20:14:02.143813,0,5,4,0
3203,397.6,Germany,Debit Card,1761,2025-10-11 21:48:02.143813,0,0,2,0
3204,459.99,Germany,Debit Card,4878,2025-09-15 14:47:02.143813,0,0,2,0
3205,724.74,UK,Crypto,6406,2025-10-11 15:41:02.143813,0,5,1,0
3206,288.31,Germany,Credit Card,2282,2025-10-06 18:40:02.143813,0,0,0,0
3207,623.28,India,Crypto,2263,2025-10-01 22:26:02.143813,0,1,1,0
3208,413.29,Germany,Debit Card,6703,2025-09-27 12:24:02.143813,0,0,2,0
3209,1108.54,Japan,Wire,4613,2025-09-10 21:20:02.143813,0,2,4,0
3210,554.85,UK,Credit Card,5446,2025-10-16 19:09:02.143813,0,5,0,0
3211,2447.49,Germany,Debit Card,5636,2025-10-10 21:47:02.143813,0,0,2,1
3212,415.88,Germany,Debit Card,8109,2025-09-11 01:47:02.143813,0,0,2,0
3213,1060.54,UK,Wire,4383,2025-10-08 21:13:02.143813,0,5,4,0
3214,1292.19,USA,Wire,4009,2025-09-08 01:05:02.143813,0,6,4,0
3215,25.57,India,Debit Card,2622,2025-09-16 03:17:02.143813,0,1,2,0
3216,814.54,India,Debit Card,8275,2025-10-10 16:40:02.143813,0,1,2,0
3217,404.15,Germany,Crypto,1029,2025-09-25 03:40:02.143813,0,0,1,0
3218,180.59,UK,UPI,1308,2025-10-10 03:01:02.143813,0,5,3,0
3219,1121.58,Japan,Wire,3093,2025-09-18 09:47:02.143813,0,2,4,0
3220,302.62,Germany,Wire,4430,2025-09-12 15:15:02.143813,0,0,4,0
3221,91.46,India,Crypto,1136,2025-09-19 11:44:02.143813,0,1,1,0
3222,564.81,Germany,Credit Card,1774,2025-09-13 08:22:02.143813,0,0,0,0
3223,1234.84,UK,Credit Card,2598,2025-09-21 09:33:02.143813,0,5,0,0
3224,182.88,Japan,Credit Card,3603,2025-09-28 17:13:02.143813,0,2,0,0
3225,889.88,USA,Wire,3480,2025-09-19 04:08:02.143813,0,6,4,0
3226,65.63,Japan,UPI,9398,2025-10-06 03:00:02.143813,0,2,3,0
3227,1293.99,Germany,UPI,4130,2025-09-29 20:25:02.143813,0,0,3,0
3228,652.02,India,Crypto,7474,2025-09-26 03:33:02.143813,0,1,1,0
3229,165.01,UK,Credit Card,5691,2025-10-03 19:13:02.143813,0,5,0,0
3230,834.45,Germany,Credit Card,7668,2025-09-20 15:54:02.143813,0,0,0,0
3231,317.18,USA,Debit Card,3796,2025-09-10 10:10:02.143813,0,6,2,0
3232,221.3,UK,Crypto,2127,2025-09-19 10:48:02.143813,0,5,1,0
3233,311.44,UK,Crypto,7502,2025-10-11 10:00:02.143813,0,5,1,0
3234,776.63,UK,Wire,2287,2025-09-23 23:23:02.143813,0,5,4,0
3235,208.69,Germany,Wire,5850,2025-10-15 17:45:02.143813,0,0,4,0
3236,38.62,USA,Crypto,9740,2025-09-08 22:53:02.143813,0,6,1,0
3237,325.0,Germany,UPI,4945,2025-10-05 13:56:02.143813,0,0,3,0
3238,1152.72,UK,Crypto,4929,2025-09-20 12:46:02.143813,0,5,1,0
3239,1142.36,UK,UPI,2387,2025-09-25 13:29:02.143813,0,5,3,0
3240,311.07,India,Wire,4263,2025-09-09 02:36:02.143813,0,1,4,0
3241,301.81,Japan,Crypto,9998,2025-09-09 07:29:02.143813,0,2,1,0
3242,286.23,Germany,UPI,2927,2025-09-16 18:54:02.143813,0,0,3,0
3243,275.53,USA,Debit Card,8974,2025-09-10 01:56:02.143813,0,6,2,0
3244,292.04,UK,Debit Card,4981,2025-09-18 01:21:02.143813,0,5,2,0
3245,585.1,Germany,Crypto,2745,2025-09-14 11:25:02.144923,0,0,1,0
3246,1171.52,Japan,Credit Card,4988,2025-09-21 12:29:02.144923,0,2,0,0
3247,1417.2063834090725,Germany,Crypto,9996,2025-09-21 07:51:02.144923,1,0,1,0
3248,245.53,Japan,Wire,9106,2025-09-30 23:41:02.144923,0,2,4,0
3249,635.04,Germany,Wire,7282,2025-10-11 03:47:02.144923,0,0,4,0
3250,808.19,India,Debit Card,6971,2025-09-21 15:35:02.144923,0,1,2,0
3251,118.12,Germany,UPI,3066,2025-09-16 09:08:02.144923,0,0,3,0
3252,1467.56,India,Debit Card,9286,2025-09-23 15:59:02.144923,0,1,2,0
3253,376.08,Japan,UPI,1129,2025-10-08 18:33:02.144923,0,2,3,0
3254,130.31,UK,Crypto,8272,2025-10-15 21:05:02.144923,0,5,1,0
3255,112.08,UK,Credit Card,8088,2025-09-10 16:18:02.144923,0,5,0,0
3256,104.97,Germany,Wire,4268,2025-09-13 23:49:02.144923,0,0,4,0
3257,1046.72,USA,Crypto,1986,2025-09-19 19:54:02.144923,0,6,1,0
3258,514.68,Germany,Debit Card,4110,2025-09-16 19:27:02.144923,0,0,2,0
3259,1053.26,India,Crypto,4572,2025-10-14 08:58:02.144923,0,1,1,0
3260,443.42,India,Credit Card,8298,2025-09-26 17:00:02.144923,0,1,0,0
3261,1033.24,Japan,UPI,3600,2025-10-05 10:27:02.144923,0,2,3,0
3262,434.84,Germany,Credit Card,3169,2025-09-22 00:52:02.144923,0,0,0,0
3263,722.56,Japan,Debit Card,2779,2025-10-14 22:52:02.144923,0,2,2,0
3264,467.17,USA,Credit Card,1756,2025-09-16 08:00:02.144923,0,6,0,0
3265,414.42,UK,Wire,2167,2025-09-19 08:17:02.144923,0,5,4,0
3266,227.64,UK,Credit Card,8353,2025-10-17 18:08:02.144923,0,5,0,0
3267,794.19,Germany,Crypto,3594,2025-10-03 15:20:02.144923,0,0,1,0
3268,183.71,Japan,UPI,6330,2025-09-26 16:17:02.144923,0,2,3,0
3269,793.26,Japan,Wire,4104,2025-10-10 07:45:02.144923,0,2,4,0
3270,532.43,USA,Wire,8326,2025-10-08 14:27:02.144923,0,6,4,0
3271,808.24,Japan,Wire,1405,2025-10-06 01:47:02.144923,0,2,4,0
3272,567.36,India,Debit Card,3411,2025-09-10 11:36:02.144923,0,1,2,0
3273,1111.05,India,Debit Card,9354,2025-10-03 12:58:02.144923,0,1,2,0
3274,673.02,India,Crypto,9322,2025-10-11 06:05:02.144923,0,1,1,0
3275,540.93,Germany,UPI,4167,2025-09-13 11:29:02.144923,0,0,3,0
3276,32.61,India,Credit Card,3700,2025-09-30 04:52:02.144923,0,1,0,0
3277,1141.69,India,Crypto,6800,2025-10-09 00:46:02.144923,0,1,1,0
3278,103.68,UK,Debit Card,8534,2025-09-21 02:43:02.144923,0,5,2,0
3279,143.06,Germany,Crypto,5882,2025-10-12 12:51:02.144923,0,0,1,0
3280,862.22,India,UPI,2933,2025-10-05 16:41:02.144923,0,1,3,0
3281,500.43,USA,Crypto,9138,2025-09-11 07:18:02.144923,0,6,1,0
3282,108.66,India,Wire,4505,2025-09-24 04:13:02.144923,0,1,4,0
3283,301.45,Germany,Credit Card,4132,2025-10-04 15:51:02.144923,0,0,0,0
3284,1101.13,Japan,Debit Card,3979,2025-09-21 07:39:02.144923,0,2,2,0
3285,554.79,UK,Debit Card,2346,2025-10-13 03:10:02.144923,0,5,2,0
3286,509.9,UK,UPI,3636,2025-09-16 11:09:02.144923,0,5,3,0
3287,270.65,Germany,UPI,9236,2025-09-08 19:01:02.144923,0,0,3,0
3288,883.67,India,UPI,1346,2025-10-04 23:00:02.144923,0,1,3,0
3289,453.81,USA,Debit Card,4793,2025-09-13 16:33:02.144923,0,6,2,0
3290,771.57,India,Wire,3542,2025-10-05 01:06:02.144923,0,1,4,0
3291,246.71,India,Credit Card,6000,2025-09-18 10:48:02.144923,0,1,0,0
3292,1838.92,USA,UPI,9251,2025-09-08 11:04:02.144923,0,6,3,0
3293,1239.06,UK,Debit Card,3345,2025-09-14 16:12:02.144923,0,5,2,0
3294,550.36,India,Wire,5326,2025-10-16 01:27:02.144923,0,1,4,0
3295,642.64,Japan,UPI,3844,2025-10-02 05:36:02.144923,0,2,3,0
3296,303.91,Japan,UPI,4766,2025-09-15 07:30:02.144923,0,2,3,0
3297,815.45,Germany,Credit Card,1447,2025-09-21 08:12:02.144923,0,0,0,0
3298,43.74,Germany,Credit Card,8793,2025-09-10 17:38:02.144923,0,0,0,0
3299,1452.56,USA,Crypto,3415,2025-09-25 21:18:02.144923,0,6,1,0
3300,782.23,USA,UPI,5078,2025-09-27 06:20:02.144923,0,6,3,0
3301,204.43,Germany,Crypto,6148,2025-09-22 22:00:02.144923,0,0,1,0
3302,1428.99,India,Debit Card,4035,2025-09-15 00:30:02.144923,0,1,2,0
3303,1735.78,UK,Credit Card,3324,2025-09-28 23:41:02.144923,0,5,0,1
3304,668.13,Japan,Wire,7752,2025-10-02 06:04:02.144923,0,2,4,0
3305,250.46,USA,UPI,5926,2025-10-13 08:01:02.144923,0,6,3,0
3306,516.02,Germany,UPI,9229,2025-10-13 21:25:02.144923,0,0,3,0
3307,738.53,Japan,Crypto,6825,2025-10-08 13:48:02.144923,0,2,1,0
3308,628.3,USA,Credit Card,8819,2025-09-28 18:41:02.144923,0,6,0,0
3309,204.46,USA,Crypto,9480,2025-09-23 15:37:02.144923,0,6,1,0
3310,729.04,India,UPI,8118,2025-09-12 01:26:02.144923,0,1,3,0
3311,1092.46,USA,Credit Card,6612,2025-09-27 20:34:02.144923,0,6,0,0
3312,161.18,UK,UPI,8936,2025-09-30 06:17:02.144923,0,5,3,0
3313,180.73,USA,Credit Card,7595,2025-09-24 14:21:02.144923,0,6,0,0
3314,293.29,UK,UPI,6492,2025-09-13 08:13:02.144923,0,5,3,0
3315,421.56,India,Wire,7704,2025-09-11 00:45:02.144923,0,1,4,0
3316,899.36,UK,Crypto,8468,2025-10-07 06:10:02.144923,0,5,1,0
3317,1084.28,Japan,Credit Card,1203,2025-09-18 19:28:02.144923,0,2,0,0
3318,240.82,USA,Crypto,7522,2025-10-04 04:24:02.144923,0,6,1,0
3319,581.36,Germany,Credit Card,6234,2025-10-07 04:57:02.144923,0,0,0,0
3320,1054.77,Germany,Credit Card,2620,2025-09-13 06:09:02.144923,0,0,0,0
3321,1907.36,UK,Credit Card,3443,2025-10-14 19:21:02.144923,0,5,0,1
3322,579.1,India,UPI,4836,2025-09-21 11:29:02.144923,0,1,3,0
3323,602.97,UK,Debit Card,4123,2025-09-10 12:16:02.144923,0,5,2,0
3324,671.11,UK,UPI,4731,2025-09-30 15:47:02.144923,0,5,3,0
3325,386.75,UK,Debit Card,4257,2025-10-14 06:41:02.144923,0,5,2,0
3326,546.52,Japan,UPI,2137,2025-10-16 14:28:02.144923,0,2,3,0
3327,59.73,Japan,Debit Card,9737,2025-09-28 11:26:02.144923,0,2,2,0
3328,305.34,UK,Credit Card,9864,2025-09-24 00:18:02.144923,0,5,0,0
3329,720.96,India,Credit Card,8337,2025-09-21 18:58:02.144923,0,1,0,0
3330,228.28,USA,Debit Card,9951,2025-09-13 17:53:02.144923,0,6,2,0
3331,913.98,Vietnam,Debit Card,9994,2025-09-16 16:26:02.144923,1,8,2,1
3332,88.92,Japan,Crypto,9000,2025-09-13 09:08:02.144923,0,2,1,0
3333,889.7,USA,Credit Card,5205,2025-09-11 04:53:02.144923,0,6,0,0
3334,888.04,Japan,UPI,7467,2025-09-30 18:31:02.144923,0,2,3,0
3335,1929.62,Japan,Crypto,7071,2025-10-16 15:23:02.144923,0,2,1,0
3336,374.38,Japan,Debit Card,2822,2025-09-29 15:27:02.144923,0,2,2,0
3337,500.77,UK,UPI,3024,2025-09-14 21:49:02.144923,0,5,3,0
3338,1359.65,UK,Wire,2184,2025-09-16 12:07:02.144923,0,5,4,0
3339,1245.52,Japan,Wire,1379,2025-10-06 06:13:02.144923,0,2,4,0
3340,1008.24,Japan,Wire,3127,2025-10-04 10:15:02.144923,0,2,4,0
3341,644.14,Germany,UPI,9807,2025-09-22 20:34:02.144923,0,0,3,0
3342,1335.2,USA,Debit Card,1435,2025-09-24 12:55:02.144923,0,6,2,0
3343,2379.99,USA,UPI,6017,2025-09-27 06:16:02.144923,0,6,3,1
3344,769.26,India,Crypto,4149,2025-09-24 15:23:02.144923,0,1,1,0
3345,519.35,India,Crypto,2547,2025-10-02 18:36:02.144923,0,1,1,0
3346,835.24,India,Wire,5890,2025-09-08 15:25:02.144923,0,1,4,0
3347,573.03,UK,Debit Card,9643,2025-10-10 05:18:02.144923,0,5,2,0
3348,401.57,UK,Crypto,5355,2025-09-27 03:46:02.144923,0,5,1,0
3349,916.67,Germany,Credit Card,9097,2025-10-08 02:59:02.144923,0,0,0,0
3350,331.05,UK,Credit Card,7851,2025-10-06 22:28:02.144923,0,5,0,0
3351,758.14,India,Wire,7318,2025-10-01 05:24:02.144923,0,1,4,0
3352,113.77,Japan,Wire,1711,2025-10-13 06:25:02.144923,0,2,4,0
3353,1495.58,India,Wire,6819,2025-10-11 12:09:02.144923,0,1,4,0
3354,256.94,Germany,Crypto,6505,2025-09-11 20:08:02.144923,0,0,1,0
3355,140.44,Japan,Debit Card,8439,2025-09-14 05:36:02.144923,0,2,2,0
3356,1216.9,UK,Wire,7020,2025-10-07 01:23:02.144923,0,5,4,0
3357,1371.58,Japan,UPI,9358,2025-09-15 17:24:02.144923,0,2,3,0
3358,634.56,Germany,Wire,7286,2025-09-30 14:34:02.144923,0,0,4,0
3359,464.06,UK,Crypto,5588,2025-09-20 00:02:02.144923,0,5,1,0
3360,381.79,USA,Debit Card,3119,2025-09-24 04:07:02.144923,0,6,2,0
3361,609.49,India,Wire,8511,2025-10-12 08:16:02.144923,0,1,4,0
3362,484.54,India,Credit Card,7290,2025-09-20 10:11:02.144923,0,1,0,0
3363,439.6,Germany,Wire,8668,2025-09-09 19:31:02.144923,0,0,4,0
3364,232.8,Germany,Wire,6457,2025-09-16 09:24:02.144923,0,0,4,0
3365,175.05,India,Debit Card,2108,2025-10-02 08:32:02.144923,0,1,2,0
3366,534.65,Japan,UPI,2840,2025-10-05 17:17:02.144923,0,2,3,0
3367,595.8,USA,Wire,3854,2025-09-16 06:58:02.144923,0,6,4,0
3368,270.27,USA,Wire,4214,2025-10-01 09:04:02.144923,0,6,4,0
3369,305.13,Germany,Crypto,4440,2025-09-27 03:30:02.144923,0,0,1,0
3370,594.74,Germany,Debit Card,6826,2025-09-09 14:21:02.144923,0,0,2,0
3371,227.22,Japan,Crypto,2719,2025-09-25 12:16:02.144923,0,2,1,0
3372,1034.94,Germany,Wire,3860,2025-10-01 08:46:02.144923,0,0,4,0
3373,736.75,USA,Wire,1066,2025-10-03 14:20:02.144923,0,6,4,0
3374,268.05,India,Credit Card,8901,2025-10-04 05:16:02.144923,0,1,0,0
3375,710.18,USA,Crypto,4845,2025-10-11 09:09:02.144923,0,6,1,0
3376,232.38,Japan,Debit Card,1926,2025-10-06 01:29:02.144923,0,2,2,0
3377,890.91,India,Wire,4605,2025-09-14 17:49:02.144923,0,1,4,0
3378,240.85,India,Credit Card,1340,2025-10-08 03:38:02.144923,0,1,0,0
3379,456.96,USA,Credit Card,4749,2025-10-03 18:28:02.144923,0,6,0,0
3380,559.44,India,UPI,1101,2025-10-11 15:43:02.144923,0,1,3,0
3381,1357.73,India,Debit Card,9133,2025-09-27 17:42:02.144923,0,1,2,0
3382,255.13,Germany,Credit Card,2133,2025-10-17 10:31:02.144923,0,0,0,0
3383,245.84,India,Debit Card,6002,2025-09-19 10:48:02.144923,0,1,2,0
3384,121.66,Japan,Wire,1827,2025-10-09 22:10:02.144923,0,2,4,0
3385,1629.03,India,UPI,6149,2025-09-29 01:51:02.144923,0,1,3,0
3386,513.6,Germany,Debit Card,8018,2025-09-30 01:26:02.144923,0,0,2,0
3387,1052.05,UK,UPI,6091,2025-09-08 08:44:02.144923,0,5,3,0
3388,309.8,UK,Debit Card,1384,2025-10-16 22:20:02.144923,0,5,2,0
3389,334.92,Japan,Debit Card,9789,2025-09-23 15:00:02.144923,0,2,2,0
3390,482.42,Japan,Crypto,1008,2025-09-20 21:40:02.144923,0,2,1,0
3391,493.61,India,UPI,2313,2025-09-09 23:33:02.144923,0,1,3,0
3392,814.09,India,Debit Card,1978,2025-10-14 13:43:02.144923,0,1,2,0
3393,525.06,UK,Crypto,4723,2025-10-05 14:33:02.144923,0,5,1,0
3394,369.39,UK,Crypto,3090,2025-09-10 03:07:02.144923,0,5,1,0
3395,1649.19,USA,UPI,4102,2025-10-01 03:16:02.144923,0,6,3,0
3396,229.89,UK,Wire,4753,2025-09-26 22:29:02.144923,0,5,4,0
3397,256.39,UK,UPI,4744,2025-09-30 23:29:02.144923,0,5,3,0
3398,232.9,Nigeria,Debit Card,9990,2025-09-18 23:49:02.144923,1,3,2,0
3399,836.41,USA,Wire,2788,2025-10-05 14:18:02.144923,0,6,4,0
3400,694.59,USA,UPI,2242,2025-10-09 05:53:02.144923,0,6,3,0
3401,441.08,India,UPI,9304,2025-09-25 20:48:02.144923,0,1,3,0
3402,222.07,India,UPI,4766,2025-09-07 12:58:02.144923,0,1,3,0
3403,557.63,USA,UPI,4331,2025-09-10 21:11:02.144923,0,6,3,0
3404,919.19,USA,Wire,7155,2025-10-08 15:46:02.144923,0,6,4,0
3405,1395.09,India,Debit Card,2363,2025-10-17 04:08:02.144923,0,1,2,0
3406,298.52,Japan,Crypto,7652,2025-10-01 19:57:02.144923,0,2,1,0
3407,439.86,Japan,UPI,4375,2025-10-03 17:01:02.144923,0,2,3,0
3408,689.74,Japan,Crypto,6632,2025-10-04 03:06:02.144923,0,2,1,0
3409,366.33,Japan,Crypto,4432,2025-10-02 00:20:02.144923,0,2,1,0
3410,143.13,India,Crypto,6438,2025-09-10 12:03:02.144923,0,1,1,0
3411,441.62,Germany,UPI,7652,2025-09-21 17:45:02.144923,0,0,3,0
3412,162.5,UK,UPI,8688,2025-10-18 00:15:02.144923,0,5,3,0
3413,974.09,UK,UPI,6893,2025-09-28 21:21:02.144923,0,5,3,0
3414,390.79,UK,UPI,2349,2025-09-09 00:28:02.144923,0,5,3,0
3415,476.71,UK,Credit Card,1307,2025-09-29 13:38:02.144923,0,5,0,0
3416,262.45,India,Debit Card,8055,2025-09-20 01:07:02.144923,0,1,2,0
3417,491.13,Germany,Credit Card,8809,2025-09-08 03:11:02.144923,0,0,0,0
3418,1176.65,India,Wire,6736,2025-10-16 05:14:02.144923,0,1,4,0
3419,1047.67,Germany,Credit Card,9055,2025-09-09 22:47:02.144923,0,0,0,0
3420,188.25,India,Credit Card,8709,2025-10-10 03:33:02.144923,0,1,0,0
3421,13.45,USA,Credit Card,9109,2025-10-07 05:59:02.144923,0,6,0,0
3422,444.32,Germany,Debit Card,3283,2025-10-11 11:17:02.144923,0,0,2,0
3423,392.97,UK,Crypto,8552,2025-10-17 23:04:02.144923,0,5,1,0
3424,373.69,Germany,Wire,9134,2025-10-14 03:53:02.144923,0,0,4,0
3425,315.16,Japan,Wire,4778,2025-09-22 12:32:02.144923,0,2,4,0
3426,184.08,Germany,Debit Card,6375,2025-09-26 04:19:02.144923,0,0,2,0
3427,2016.56,Japan,Credit Card,2382,2025-09-27 22:29:02.144923,0,2,0,1
3428,1628.06,Japan,Crypto,4614,2025-09-21 17:21:02.144923,0,2,1,0
3429,360.7,USA,UPI,8095,2025-09-25 17:24:02.144923,0,6,3,0
3430,551.72,Germany,Debit Card,2024,2025-09-30 18:07:02.144923,0,0,2,0
3431,986.04,USA,Crypto,9309,2025-10-08 20:56:02.144923,0,6,1,0
3432,550.36,UK,Debit Card,3526,2025-10-06 20:05:02.144923,0,5,2,0
3433,337.21,Germany,Debit Card,7602,2025-09-08 13:13:02.144923,0,0,2,0
3434,145.82,India,UPI,8819,2025-09-07 15:58:02.144923,0,1,3,0
3435,504.75,India,Crypto,2043,2025-09-28 11:43:02.144923,0,1,1,0
3436,164.99,India,Credit Card,3505,2025-10-16 05:43:02.144923,0,1,0,0
3437,1123.16,Japan,Crypto,8758,2025-09-07 03:45:02.144923,0,2,1,0
3438,487.6,India,Crypto,3687,2025-09-07 15:37:02.144923,0,1,1,0
3439,730.02,UK,Credit Card,4156,2025-09-28 10:25:02.144923,0,5,0,0
3440,383.48,Germany,UPI,1575,2025-10-16 15:07:02.144923,0,0,3,0
3441,894.88,Germany,Crypto,1402,2025-09-29 13:47:02.144923,0,0,1,0
3442,293.09,Japan,Credit Card,9444,2025-10-02 21:10:02.144923,0,2,0,0
3443,621.47,Japan,Debit Card,2629,2025-09-25 15:19:02.144923,0,2,2,0
3444,371.99,Japan,Debit Card,8968,2025-09-12 04:37:02.144923,0,2,2,0
3445,418.93,UK,Credit Card,3709,2025-09-26 03:58:02.144923,0,5,0,0
3446,977.24,Germany,Debit Card,5823,2025-09-21 10:10:02.144923,0,0,2,0
3447,260.65,USA,Crypto,5043,2025-09-15 21:06:02.144923,0,6,1,0
3448,652.99,Japan,Credit Card,3659,2025-10-14 20:47:02.144923,0,2,0,0
3449,1214.03,India,Crypto,6241,2025-09-19 11:53:02.144923,0,1,1,0
3450,952.96,USA,Wire,4816,2025-09-20 05:32:02.144923,0,6,4,0
3451,300.41,USA,UPI,3726,2025-10-10 17:45:02.144923,0,6,3,0
3452,718.63,Japan,UPI,1568,2025-09-24 06:31:02.144923,0,2,3,0
3453,89.01,India,UPI,5105,2025-10-03 01:51:02.144923,0,1,3,0
3454,999.96,Japan,Credit Card,3772,2025-09-16 22:46:02.144923,0,2,0,0
3455,2375.47,Japan,Wire,5054,2025-09-22 13:33:02.144923,0,2,4,1
3456,626.26,India,UPI,8877,2025-10-13 10:22:02.144923,0,1,3,0
3457,1254.5,USA,Crypto,4998,2025-09-30 01:16:02.144923,0,6,1,0
3458,139.01,USA,UPI,1136,2025-09-09 22:54:02.144923,0,6,3,0
3459,203.36,India,Wire,5786,2025-09-18 00:44:02.144923,0,1,4,0
3460,382.33,USA,Crypto,2465,2025-10-05 00:41:02.144923,0,6,1,0
3461,441.33,UK,Crypto,5771,2025-10-02 03:57:02.144923,0,5,1,0
3462,629.16,Japan,Credit Card,4832,2025-10-16 16:31:02.144923,0,2,0,0
3463,301.66,UK,Credit Card,2536,2025-10-02 14:31:02.144923,0,5,0,0
3464,556.06,UK,Debit Card,3324,2025-09-17 13:37:02.144923,0,5,2,0
3465,975.92,UK,Wire,8260,2025-10-15 14:40:02.144923,0,5,4,0
3466,716.76,Germany,Crypto,7784,2025-10-10 22:43:02.144923,0,0,1,0
3467,372.38,Germany,Wire,8303,2025-10-15 04:55:02.144923,0,0,4,0
3468,845.85,UK,UPI,1210,2025-10-14 09:40:02.144923,0,5,3,0
3469,359.51,Japan,UPI,8526,2025-09-11 00:21:02.144923,0,2,3,0
3470,533.46,UK,Debit Card,7504,2025-10-16 23:29:02.144923,0,5,2,0
3471,941.86,UK,Crypto,7554,2025-10-15 06:19:02.144923,0,5,1,0
3472,432.23,Germany,Crypto,9423,2025-10-18 04:49:02.144923,0,0,1,0
3473,162.68,UK,Debit Card,1803,2025-09-30 13:37:02.144923,0,5,2,0
3474,522.3,Japan,UPI,9425,2025-10-03 07:35:02.144923,0,2,3,0
3475,947.58,Japan,Crypto,3567,2025-09-20 14:15:02.144923,0,2,1,0
3476,1007.55,UK,Wire,3147,2025-09-26 18:34:02.144923,0,5,4,0
3477,195.65,Japan,Crypto,7396,2025-09-14 10:56:02.144923,0,2,1,0
3478,822.42,UK,UPI,2723,2025-09-17 02:23:02.144923,0,5,3,0
3479,412.2,Germany,Crypto,2146,2025-09-29 03:31:02.144923,0,0,1,0
3480,1310.39,UK,Crypto,9323,2025-09-24 02:06:02.144923,0,5,1,0
3481,166.05,USA,Credit Card,7364,2025-10-15 18:40:02.144923,0,6,0,0
3482,811.63,Germany,Crypto,1731,2025-09-28 13:49:02.144923,0,0,1,0
3483,377.36,Japan,Debit Card,9594,2025-09-15 19:41:02.144923,0,2,2,0
3484,305.71,Japan,Debit Card,7314,2025-09-21 06:52:02.144923,0,2,2,0
3485,970.87,Germany,Wire,6595,2025-10-07 06:19:02.144923,0,0,4,0
3486,1076.26,USA,Crypto,1269,2025-09-20 08:44:02.144923,0,6,1,0
3487,61.46,Germany,Wire,8580,2025-10-15 10:59:02.144923,0,0,4,0
3488,982.76,India,UPI,2154,2025-10-01 10:27:02.144923,0,1,3,0
3489,473.96,USA,UPI,7856,2025-09-13 12:12:02.144923,0,6,3,0
3490,511.23,Germany,Credit Card,8015,2025-09-26 21:36:02.144923,0,0,0,0
3491,157.17,India,Credit Card,8900,2025-09-28 14:39:02.144923,0,1,0,0
3492,774.3,UK,Crypto,6636,2025-09-28 04:06:02.144923,0,5,1,0
3493,2048.9,USA,Crypto,7772,2025-09-18 07:54:02.144923,0,6,1,0
3494,1184.2846821722894,UK,Wire,9997,2025-09-17 22:20:02.144923,1,5,4,0
3495,1145.97,India,Wire,3751,2025-09-29 23:27:02.144923,0,1,4,0
3496,497.03,Japan,Crypto,7058,2025-10-05 05:45:02.144923,0,2,1,0
3497,332.76,Japan,Crypto,5522,2025-09-19 21:56:02.144923,0,2,1,0
3498,128.17,Japan,Credit Card,3163,2025-10-03 06:47:02.144923,0,2,0,0
3499,1256.13,UK,Credit Card,3283,2025-10-18 14:22:02.144923,0,5,0,0
3500,544.29,USA,Credit Card,7156,2025-09-22 17:51:02.144923,0,6,0,0
3501,347.22,UK,Crypto,5163,2025-10-06 14:19:02.144923,0,5,1,0
3502,396.36,UK,Wire,5486,2025-10-13 19:21:02.144923,0,5,4,0
3503,818.16,Japan,Debit Card,9964,2025-10-16 12:53:02.144923,0,2,2,0
3504,346.75,UK,Debit Card,3426,2025-09-18 13:40:02.144923,0,5,2,0
3505,220.3,India,Wire,4246,2025-09-15 23:56:02.144923,0,1,4,0
3506,457.26,Germany,Wire,6511,2025-09-26 07:24:02.144923,0,0,4,0
3507,446.4,Germany,Wire,4476,2025-09-18 10:50:02.144923,0,0,4,0
3508,438.75,Germany,Credit Card,5183,2025-10-08 20:13:02.144923,0,0,0,0
3509,350.57,Japan,UPI,6911,2025-09-08 01:10:02.144923,0,2,3,0
3510,1172.64,Japan,Crypto,6208,2025-09-07 19:28:02.144923,0,2,1,0
3511,2534.4,Germany,Credit Card,9178,2025-09-16 02:21:02.144923,0,0,0,1
3512,196.1,USA,Debit Card,4892,2025-10-12 01:56:02.144923,0,6,2,0
3513,49.85,Germany,Crypto,3779,2025-09-28 23:00:02.144923,0,0,1,0
3514,414.3,UK,Wire,7599,2025-09-17 06:17:02.144923,0,5,4,0
3515,58.2,Germany,Debit Card,9646,2025-10-12 07:46:02.144923,0,0,2,0
3516,115.12,Germany,Wire,4634,2025-09-24 07:49:02.144923,0,0,4,0
3517,326.59,USA,Wire,7654,2025-10-11 16:27:02.144923,0,6,4,0
3518,814.03,Japan,Wire,4246,2025-09-24 04:01:02.144923,0,2,4,0
3519,410.53,Japan,Crypto,5304,2025-10-18 10:51:02.144923,0,2,1,0
3520,33.4,UK,Debit Card,8796,2025-09-20 08:27:02.144923,0,5,2,0
3521,406.27,Germany,Debit Card,6432,2025-10-08 19:15:02.144923,0,0,2,0
3522,430.71,India,Wire,3850,2025-09-22 18:59:02.144923,0,1,4,0
3523,436.41,UK,Credit Card,6623,2025-09-19 13:12:02.144923,0,5,0,0
3524,1057.52,Japan,UPI,3133,2025-10-01 14:34:02.144923,0,2,3,0
3525,939.7,USA,Credit Card,6339,2025-09-08 05:36:02.144923,0,6,0,0
3526,528.51,Japan,Crypto,2721,2025-10-05 00:22:02.144923,0,2,1,0
3527,1795.44,Japan,UPI,3026,2025-09-30 05:22:02.144923,0,2,3,0
3528,325.84,USA,Credit Card,7649,2025-09-22 10:47:02.144923,0,6,0,0
3529,452.58,Germany,Debit Card,2186,2025-09-28 00:14:02.144923,0,0,2,0
3530,490.61,Germany,Credit Card,2150,2025-09-27 05:51:02.144923,0,0,0,0
3531,126.69,Japan,Wire,5212,2025-10-03 09:25:02.144923,0,2,4,0
3532,498.53,UK,Crypto,2429,2025-10-12 05:31:02.144923,0,5,1,0
3533,102.39,India,Credit Card,1648,2025-10-08 05:56:02.144923,0,1,0,0
3534,284.23,UK,Credit Card,8935,2025-09-27 21:53:02.144923,0,5,0,0
3535,546.63,UK,UPI,1355,2025-10-09 18:18:02.144923,0,5,3,0
3536,149.08,Japan,Wire,3823,2025-10-12 18:08:02.144923,0,2,4,0
3537,639.06,Japan,UPI,9157,2025-09-11 21:08:02.144923,0,2,3,0
3538,246.35,India,Crypto,6118,2025-09-10 09:02:02.144923,0,1,1,0
3539,371.32,India,Crypto,8543,2025-09-27 05:21:02.144923,0,1,1,0
3540,721.84,India,Wire,6269,2025-09-21 22:55:02.144923,0,1,4,0
3541,468.82,Japan,UPI,7379,2025-09-08 12:23:02.144923,0,2,3,0
3542,628.33,Japan,Wire,4934,2025-10-18 10:33:02.144923,0,2,4,0
3543,690.26,UK,UPI,6614,2025-10-10 10:36:02.144923,0,5,3,0
3544,462.88,Japan,Debit Card,8085,2025-09-28 04:39:02.144923,0,2,2,0
3545,654.9,Germany,Wire,1266,2025-10-12 03:34:02.144923,0,0,4,0
3546,280.13,Germany,Crypto,8317,2025-09-18 18:35:02.144923,0,0,1,0
3547,715.51,India,UPI,2880,2025-09-18 13:01:02.144923,0,1,3,0
3548,416.42,Japan,Debit Card,2548,2025-09-17 15:48:02.144923,0,2,2,0
3549,1193.19,Germany,Crypto,1381,2025-09-28 13:36:02.144923,0,0,1,0
3550,555.23,UK,UPI,2635,2025-10-01 19:53:02.144923,0,5,3,0
3551,315.64,USA,Debit Card,9876,2025-09-16 17:01:02.144923,0,6,2,0
3552,724.52,UK,Crypto,8417,2025-09-27 01:31:02.144923,0,5,1,0
3553,1228.25,USA,Crypto,3637,2025-10-04 16:17:02.144923,0,6,1,0
3554,340.19,UK,Debit Card,6570,2025-09-25 09:45:02.144923,0,5,2,0
3555,293.9,Germany,Crypto,5849,2025-10-06 16:30:02.144923,0,0,1,0
3556,17.01,Ukraine,UPI,9990,2025-09-07 05:19:02.144923,1,7,3,1
3557,554.21,USA,UPI,2951,2025-09-29 03:09:02.144923,0,6,3,0
3558,383.99,Japan,Crypto,6945,2025-09-28 02:57:02.144923,0,2,1,0
3559,722.36,Japan,Credit Card,1020,2025-09-20 15:07:02.144923,0,2,0,0
3560,733.56,Germany,Debit Card,2009,2025-09-07 14:12:02.144923,0,0,2,0
3561,132.81,India,Credit Card,8779,2025-10-12 00:23:02.144923,0,1,0,0
3562,936.86,India,UPI,8140,2025-10-10 04:15:02.144923,0,1,3,0
3563,258.13,USA,Crypto,6287,2025-09-30 04:04:02.144923,0,6,1,0
3564,341.78,Germany,Wire,3648,2025-10-16 23:57:02.144923,0,0,4,0
3565,641.73,Japan,Wire,8824,2025-09-10 16:57:02.144923,0,2,4,0
3566,183.83,UK,Credit Card,5852,2025-09-23 21:13:02.144923,0,5,0,0
3567,296.5,UK,Credit Card,6385,2025-10-10 05:29:02.144923,0,5,0,0
3568,167.72,USA,Credit Card,3452,2025-09-28 21:31:02.144923,0,6,0,0
3569,993.44,USA,UPI,7508,2025-10-04 03:33:02.144923,0,6,3,0
3570,366.55,USA,UPI,9576,2025-10-15 10:46:02.144923,0,6,3,0
3571,151.89,Germany,Crypto,5104,2025-09-29 02:11:02.144923,0,0,1,0
3572,162.94,UK,UPI,8536,2025-09-09 00:40:02.144923,0,5,3,0
3573,883.39,Germany,Crypto,7452,2025-10-06 05:25:02.144923,0,0,1,0
3574,237.83,Germany,Crypto,3217,2025-10-14 03:21:02.144923,0,0,1,0
3575,335.3,Japan,Credit Card,1146,2025-09-21 03:09:02.144923,0,2,0,0
3576,514.69,Germany,Wire,2926,2025-09-11 19:17:02.144923,0,0,4,0
3577,387.76,Germany,Credit Card,4754,2025-10-14 22:37:02.144923,0,0,0,0
3578,73.42,Japan,UPI,9271,2025-09-20 03:42:02.144923,0,2,3,0
3579,778.52,India,Debit Card,7595,2025-09-20 11:14:02.144923,0,1,2,0
3580,411.32,Japan,UPI,1977,2025-10-15 08:43:02.144923,0,2,3,0
3581,623.05,USA,Wire,5902,2025-09-25 09:09:02.144923,0,6,4,0
3582,819.4,India,UPI,7052,2025-09-21 00:29:02.144923,0,1,3,0
3583,54.08,UK,Wire,3804,2025-09-29 15:15:02.144923,0,5,4,0
3584,824.76,Germany,Debit Card,8579,2025-10-05 19:10:02.144923,0,0,2,0
3585,18580.75239352194,India,Debit Card,9991,2025-09-11 20:20:02.144923,1,1,2,1
3586,672.54,UK,Crypto,7012,2025-09-30 03:27:02.144923,0,5,1,0
3587,1205.96,Japan,UPI,6883,2025-09-08 18:59:02.144923,0,2,3,0
3588,970.37,Japan,Crypto,6284,2025-09-19 09:54:02.144923,0,2,1,0
3589,2716.9747797205987,USA,Credit Card,9995,2025-10-13 02:25:02.144923,1,6,0,1
3590,994.23,USA,Credit Card,4578,2025-09-10 02:18:02.144923,0,6,0,0
3591,1111.64,India,Credit Card,5164,2025-10-08 21:52:02.144923,0,1,0,0
3592,3833.749832428197,Germany,Credit Card,9990,2025-10-16 21:42:02.144923,1,0,0,1
3593,162.5,Japan,Credit Card,3956,2025-09-11 21:22:02.144923,0,2,0,0
3594,9940.262037417679,India,UPI,9995,2025-10-12 04:27:02.144923,1,1,3,1
3595,406.57,India,Crypto,4206,2025-09-16 18:21:02.144923,0,1,1,0
3596,1169.82,India,Crypto,1829,2025-09-30 17:19:02.144923,0,1,1,0
3597,715.49,USA,Wire,5597,2025-10-02 16:13:02.144923,0,6,4,0
3598,160.12,Japan,Credit Card,9921,2025-09-11 12:37:02.144923,0,2,0,0
3599,1279.6,USA,Debit Card,1659,2025-10-18 07:05:02.144923,0,6,2,0
3600,259.24,USA,Wire,8805,2025-10-03 16:46:02.144923,0,6,4,0
3601,390.6,India,Wire,1760,2025-09-28 14:51:02.144923,0,1,4,0
3602,12050.594856530171,UK,UPI,9994,2025-10-02 07:23:02.144923,1,5,3,1
3603,558.01,UK,Wire,1958,2025-09-22 13:50:02.144923,0,5,4,0
3604,376.92,UK,Debit Card,6840,2025-09-09 14:12:02.144923,0,5,2,0
3605,471.54,India,Crypto,7799,2025-09-08 01:05:02.144923,0,1,1,0
3606,370.39,Germany,Wire,5408,2025-10-04 20:51:02.144923,0,0,4,0
3607,882.22,Japan,UPI,2855,2025-09-17 05:00:02.144923,0,2,3,0
3608,379.76,India,Credit Card,1354,2025-10-14 07:19:02.144923,0,1,0,0
3609,484.16,India,Debit Card,6621,2025-09-08 05:02:02.144923,0,1,2,0
3610,759.4,USA,Credit Card,3272,2025-10-10 00:58:02.144923,0,6,0,0
3611,700.18,UK,Wire,5194,2025-10-07 07:11:02.144923,0,5,4,0
3612,278.68,India,Crypto,5890,2025-09-26 16:58:02.144923,0,1,1,0
3613,889.74,Germany,UPI,4162,2025-09-29 12:35:02.144923,0,0,3,0
3614,325.42,Japan,Debit Card,4880,2025-10-03 12:41:02.144923,0,2,2,0
3615,199.18,Germany,Crypto,7517,2025-10-09 12:28:02.144923,0,0,1,0
3616,82.24,India,Debit Card,9395,2025-09-21 21:31:02.144923,0,1,2,0
3617,434.36,India,UPI,4965,2025-09-19 19:15:02.144923,0,1,3,0
3618,103.84,USA,UPI,1608,2025-09-29 23:36:02.144923,0,6,3,0
3619,245.42,Germany,Wire,9076,2025-09-24 01:18:02.144923,0,0,4,0
3620,3894.083576824139,USA,Debit Card,9993,2025-10-05 16:31:02.144923,1,6,2,1
3621,1095.19,Germany,Wire,5874,2025-10-16 15:49:02.144923,0,0,4,0
3622,399.04,UK,Debit Card,5996,2025-10-02 21:38:02.144923,0,5,2,0
3623,129.71,UK,Debit Card,5923,2025-09-16 03:36:02.144923,0,5,2,0
3624,459.28,Germany,Credit Card,9173,2025-10-16 10:17:02.144923,0,0,0,0
3625,1066.23,USA,Wire,7235,2025-09-15 10:12:02.144923,0,6,4,0
3626,391.63,UK,Debit Card,6196,2025-10-12 21:03:02.144923,0,5,2,0
3627,1223.53,India,Debit Card,8917,2025-09-30 01:05:02.144923,0,1,2,0
3628,491.58,Japan,UPI,1738,2025-10-03 11:45:02.144923,0,2,3,0
3629,826.97,USA,Credit Card,8487,2025-10-13 14:41:02.144923,0,6,0,0
3630,589.44,Germany,UPI,4723,2025-10-01 11:15:02.144923,0,0,3,0
3631,1183.72,Japan,Wire,1657,2025-10-09 09:15:02.144923,0,2,4,0
3632,1873.93,Japan,Wire,8312,2025-10-01 07:42:02.144923,0,2,4,0
3633,339.24,India,Debit Card,3726,2025-10-06 07:11:02.144923,0,1,2,0
3634,564.04,USA,Crypto,4212,2025-10-08 10:46:02.144923,0,6,1,0
3635,1094.65,Japan,UPI,7188,2025-09-18 04:46:02.144923,0,2,3,0
3636,604.85,USA,Wire,9037,2025-10-14 21:11:02.144923,0,6,4,0
3637,77.44,India,Debit Card,3164,2025-09-11 20:37:02.144923,0,1,2,0
3638,396.58,Germany,Debit Card,9338,2025-09-16 14:57:02.144923,0,0,2,0
3639,601.03,Japan,UPI,7802,2025-10-05 03:03:02.144923,0,2,3,0
3640,1406.43,Japan,Debit Card,6140,2025-09-29 10:04:02.144923,0,2,2,0
3641,541.18,Japan,Credit Card,5631,2025-09-25 11:32:02.144923,0,2,0,0
3642,230.75,USA,Crypto,4229,2025-09-26 14:45:02.144923,0,6,1,0
3643,611.67,Japan,UPI,6167,2025-10-17 22:56:02.144923,0,2,3,0
3644,1312.6,USA,UPI,5514,2025-09-08 05:06:02.144923,0,6,3,0
3645,295.64,UK,UPI,6229,2025-10-15 16:55:02.144923,0,5,3,0
3646,329.01,UK,Debit Card,4600,2025-10-02 11:06:02.144923,0,5,2,0
3647,299.6,USA,Debit Card,7625,2025-09-21 19:20:02.144923,0,6,2,0
3648,148.41,UK,UPI,6196,2025-09-24 17:33:02.144923,0,5,3,0
3649,522.98,India,UPI,3317,2025-09-13 05:22:02.144923,0,1,3,0
3650,477.25,India,Credit Card,1921,2025-10-02 23:47:02.144923,0,1,0,0
3651,88.11,UK,Wire,5787,2025-10-15 18:38:02.144923,0,5,4,0
3652,247.39,Germany,Credit Card,6770,2025-10-05 10:01:02.144923,0,0,0,0
3653,576.32,USA,UPI,4890,2025-10-02 23:24:02.144923,0,6,3,0
3654,813.24,UK,Debit Card,8849,2025-09-13 06:32:02.144923,0,5,2,0
3655,973.09,USA,Debit Card,5337,2025-09-18 23:36:02.144923,0,6,2,0
3656,860.04,UK,UPI,5029,2025-09-16 02:49:02.144923,0,5,3,0
3657,499.34,India,Wire,3978,2025-10-17 13:44:02.144923,0,1,4,0
3658,124.15,Germany,Crypto,6777,2025-09-24 02:13:02.144923,0,0,1,0
3659,417.73,USA,Crypto,7541,2025-09-12 10:24:02.144923,0,6,1,0
3660,28.73,Germany,Credit Card,8031,2025-10-05 15:39:02.144923,0,0,0,0
3661,578.39,India,Wire,3096,2025-10-07 05:18:02.144923,0,1,4,0
3662,286.93,Japan,Crypto,6572,2025-09-25 03:02:02.144923,0,2,1,0
3663,52.18,Japan,Wire,3192,2025-09-27 10:14:02.144923,0,2,4,0
3664,659.07,USA,Debit Card,1916,2025-10-11 13:53:02.144923,0,6,2,0
3665,1302.05,India,Debit Card,5766,2025-09-18 19:29:02.144923,0,1,2,0
3666,105.38,USA,Wire,6422,2025-10-18 09:36:02.144923,0,6,4,0
3667,698.8,USA,UPI,9619,2025-10-08 20:05:02.144923,0,6,3,0
3668,362.59,Ukraine,Crypto,9998,2025-10-11 16:03:02.144923,1,7,1,0
3669,259.03,Germany,Crypto,5176,2025-09-10 10:47:02.144923,0,0,1,0
3670,259.54,UK,Debit Card,7610,2025-09-12 07:03:02.144923,0,5,2,0
3671,362.52,India,Credit Card,8238,2025-10-13 16:58:02.144923,0,1,0,0
3672,361.43,Germany,Crypto,7233,2025-10-14 14:13:02.144923,0,0,1,0
3673,484.11,UK,Debit Card,9900,2025-09-20 00:10:02.144923,0,5,2,0
3674,236.94,USA,Debit Card,4663,2025-09-07 07:34:02.144923,0,6,2,0
3675,282.96,Japan,Wire,2981,2025-10-16 05:11:02.144923,0,2,4,0
3676,746.16,Germany,Wire,2388,2025-09-11 00:15:02.144923,0,0,4,0
3677,217.91,India,Wire,9394,2025-09-19 10:58:02.144923,0,1,4,0
3678,606.4,India,Credit Card,4302,2025-09-21 19:51:02.144923,0,1,0,0
3679,378.1,UK,Crypto,5101,2025-10-09 09:38:02.144923,0,5,1,0
3680,317.21,Germany,Credit Card,4217,2025-10-12 14:59:02.144923,0,0,0,0
3681,1585.3,USA,Credit Card,6816,2025-09-27 23:15:02.144923,0,6,0,0
3682,151.92,UK,Wire,9338,2025-09-11 20:24:02.144923,0,5,4,0
3683,1362.13,India,Debit Card,5681,2025-10-03 11:42:02.144923,0,1,2,0
3684,897.07,Germany,UPI,9927,2025-09-11 00:53:02.144923,0,0,3,0
3685,293.47,Japan,Debit Card,9886,2025-10-11 05:45:02.144923,0,2,2,0
3686,914.97,USA,Debit Card,8658,2025-10-15 10:21:02.144923,0,6,2,0
3687,13.62,India,Debit Card,7052,2025-10-09 12:56:02.144923,0,1,2,0
3688,269.78,Germany,Debit Card,1853,2025-10-09 08:00:02.144923,0,0,2,0
3689,220.71,Japan,Credit Card,1247,2025-10-11 13:27:02.144923,0,2,0,0
3690,664.77,India,Wire,7492,2025-09-20 21:18:02.144923,0,1,4,0
3691,824.5,Japan,Wire,5537,2025-09-29 16:55:02.144923,0,2,4,0
3692,656.97,India,Debit Card,3463,2025-10-08 16:25:02.144923,0,1,2,0
3693,549.7,UK,UPI,4737,2025-09-16 08:19:02.144923,0,5,3,0
3694,957.21,UK,Crypto,6781,2025-10-04 13:19:02.144923,0,5,1,0
3695,865.31,UK,Debit Card,7473,2025-09-30 09:58:02.144923,0,5,2,0
3696,287.35,Germany,Debit Card,8311,2025-09-10 13:44:02.144923,0,0,2,0
3697,315.86,UK,UPI,6366,2025-09-13 22:14:02.144923,0,5,3,0
3698,831.28,Germany,Credit Card,4134,2025-09-11 06:29:02.144923,0,0,0,0
3699,480.46,USA,Debit Card,5000,2025-09-24 12:29:02.144923,0,6,2,0
3700,506.27,UK,UPI,8670,2025-10-12 13:58:02.144923,0,5,3,0
3701,557.58,Germany,Credit Card,8403,2025-09-28 03:24:02.144923,0,0,0,0
3702,81.72,India,Credit Card,5896,2025-10-09 08:27:02.144923,0,1,0,0
3703,276.2,Germany,Debit Card,1122,2025-10-01 23:46:02.144923,0,0,2,0
3704,706.55,Germany,Credit Card,3317,2025-09-12 20:17:02.144923,0,0,0,0
3705,274.18,Russia,Debit Card,9992,2025-09-30 09:46:02.144923,1,4,2,0
3706,413.44,Germany,Debit Card,7873,2025-10-09 19:36:02.144923,0,0,2,0
3707,703.28,India,Wire,7485,2025-09-15 13:46:02.144923,0,1,4,0
3708,994.1,Japan,Crypto,9877,2025-09-24 17:58:02.144923,0,2,1,0
3709,1076.04,UK,Crypto,2661,2025-10-10 21:05:02.144923,0,5,1,0
3710,1117.72,USA,Wire,8482,2025-10-15 13:18:02.144923,0,6,4,0
3711,445.25,Germany,Debit Card,3875,2025-09-08 04:24:02.144923,0,0,2,0
3712,409.5,India,UPI,7891,2025-10-17 10:42:02.144923,0,1,3,0
3713,171.28,UK,Credit Card,3163,2025-09-14 20:24:02.144923,0,5,0,0
3714,1307.06,Germany,Wire,3838,2025-09-09 09:36:02.144923,0,0,4,0
3715,395.73,UK,Wire,4460,2025-09-20 04:55:02.144923,0,5,4,0
3716,1286.63,Japan,Wire,8252,2025-10-04 08:15:02.144923,0,2,4,0
3717,618.59,Germany,Wire,8799,2025-10-07 01:43:02.144923,0,0,4,0
3718,1025.88,India,Crypto,1554,2025-09-11 04:43:02.144923,0,1,1,0
3719,469.26,Japan,Debit Card,8925,2025-09-27 15:01:02.144923,0,2,2,0
3720,753.96,Germany,Wire,5008,2025-10-11 17:07:02.144923,0,0,4,0
3721,1049.81,UK,Wire,5601,2025-09-14 22:16:02.144923,0,5,4,0
3722,330.53,Japan,Wire,2816,2025-10-16 21:04:02.144923,0,2,4,0
3723,1121.75,India,UPI,8539,2025-09-26 16:59:02.144923,0,1,3,0
3724,194.69,Germany,UPI,1188,2025-10-17 14:46:02.144923,0,0,3,0
3725,1558.01,UK,Credit Card,2440,2025-10-06 18:27:02.144923,0,5,0,1
3726,5241.92803152736,UK,Debit Card,9997,2025-10-07 23:09:02.144923,1,5,2,1
3727,280.04,Japan,Wire,3597,2025-10-09 22:06:02.144923,0,2,4,0
3728,884.86,Germany,Credit Card,7667,2025-09-22 16:46:02.144923,0,0,0,0
3729,639.88,UK,Credit Card,3907,2025-10-17 16:01:02.144923,0,5,0,0
3730,87.02,Japan,Debit Card,6683,2025-09-08 09:56:02.144923,0,2,2,0
3731,362.69,USA,UPI,2715,2025-10-16 04:06:02.144923,0,6,3,0
3732,203.81,UK,Debit Card,8809,2025-10-13 20:24:02.144923,0,5,2,0
3733,221.13,Japan,Credit Card,7110,2025-10-10 09:57:02.144923,0,2,0,0
3734,213.92,USA,Debit Card,1611,2025-09-10 21:45:02.144923,0,6,2,0
3735,728.76,Japan,UPI,1283,2025-09-29 15:05:02.144923,0,2,3,0
3736,932.45,Russia,Credit Card,9992,2025-09-24 21:36:02.144923,1,4,0,0
3737,258.06,USA,Debit Card,2611,2025-09-23 05:48:02.144923,0,6,2,0
3738,62.01,Japan,Wire,9908,2025-09-27 17:38:02.144923,0,2,4,0
3739,1801.27,Germany,Wire,9873,2025-10-01 12:23:02.144923,0,0,4,1
3740,563.76,USA,Debit Card,8164,2025-09-16 08:06:02.144923,0,6,2,0
3741,889.42,Japan,Debit Card,8630,2025-10-15 22:24:02.144923,0,2,2,0
3742,428.05,Germany,UPI,5256,2025-10-18 07:43:02.144923,0,0,3,0
3743,46.05,USA,Credit Card,5269,2025-09-13 05:59:02.144923,0,6,0,0
3744,677.91,Japan,Debit Card,2522,2025-10-15 10:57:02.144923,0,2,2,0
3745,1450.41,UK,Credit Card,3073,2025-10-15 00:01:02.144923,0,5,0,0
3746,293.75,USA,Wire,2789,2025-10-10 08:04:02.144923,0,6,4,0
3747,39.04,USA,Credit Card,4370,2025-10-12 07:46:02.144923,0,6,0,0
3748,170.31,Germany,Crypto,3484,2025-09-11 22:10:02.144923,0,0,1,0
3749,919.56,Japan,UPI,7902,2025-09-18 00:58:02.144923,0,2,3,0
3750,636.29,UK,UPI,3058,2025-10-13 22:12:02.144923,0,5,3,0
3751,1124.91,Germany,Credit Card,8405,2025-10-17 02:17:02.144923,0,0,0,0
3752,503.41,USA,UPI,3666,2025-10-11 15:47:02.144923,0,6,3,0
3753,814.69,Germany,Credit Card,2433,2025-10-05 12:00:02.144923,0,0,0,0
3754,353.97,Germany,Credit Card,4384,2025-10-14 10:39:02.144923,0,0,0,0
3755,183.73,Germany,Wire,1522,2025-10-12 00:05:02.144923,0,0,4,0
3756,816.29,USA,Credit Card,2693,2025-10-06 06:27:02.144923,0,6,0,0
3757,930.01,India,UPI,5183,2025-09-29 08:36:02.144923,0,1,3,0
3758,299.76,Germany,Crypto,1597,2025-09-15 02:15:02.144923,0,0,1,0
3759,1364.38,India,Debit Card,8495,2025-09-30 20:45:02.144923,0,1,2,0
3760,1389.69,UK,UPI,3336,2025-09-23 18:37:02.144923,0,5,3,0
3761,215.17,UK,Crypto,7217,2025-10-10 19:03:02.144923,0,5,1,0
3762,224.59,UK,UPI,8683,2025-09-23 18:11:02.144923,0,5,3,0
3763,234.48,Japan,Crypto,2714,2025-10-07 10:38:02.144923,0,2,1,0
3764,452.58,USA,UPI,4176,2025-10-12 08:27:02.144923,0,6,3,0
3765,368.17,India,Debit Card,9394,2025-09-29 19:35:02.144923,0,1,2,0
3766,145.78,Japan,Wire,3898,2025-10-13 14:36:02.144923,0,2,4,0
3767,240.74,India,Wire,2264,2025-09-28 07:50:02.144923,0,1,4,0
3768,47.41,USA,Debit Card,7943,2025-10-18 08:44:02.144923,0,6,2,0
3769,59.82,Germany,UPI,7850,2025-10-01 10:33:02.144923,0,0,3,0
3770,117.77,Japan,Crypto,2554,2025-10-07 00:30:02.144923,0,2,1,0
3771,1736.37,USA,Credit Card,8379,2025-09-11 20:43:02.144923,0,6,0,1
3772,1599.67,Japan,UPI,9244,2025-10-04 11:21:02.144923,0,2,3,0
3773,849.96,UK,Debit Card,1671,2025-10-02 15:17:02.144923,0,5,2,0
3774,302.46,Japan,Wire,9882,2025-09-24 12:38:02.144923,0,2,4,0
3775,115.65,Germany,Wire,9274,2025-09-23 15:07:02.144923,0,0,4,0
3776,3587.664939306974,Germany,UPI,9991,2025-09-20 19:58:02.144923,1,0,3,1
3777,691.62,India,Crypto,2451,2025-10-18 13:13:02.144923,0,1,1,0
3778,261.96,Japan,Debit Card,6313,2025-09-21 17:02:02.144923,0,2,2,0
3779,664.88,UK,Debit Card,6237,2025-09-23 13:39:02.144923,0,5,2,0
3780,168.72,Germany,Crypto,7978,2025-09-13 15:55:02.144923,0,0,1,0
3781,307.86,India,Crypto,8038,2025-09-28 18:15:02.144923,0,1,1,0
3782,406.58,UK,UPI,7043,2025-10-11 14:18:02.144923,0,5,3,0
3783,1631.13,UK,UPI,8138,2025-09-13 19:44:02.144923,0,5,3,0
3784,237.55,UK,Wire,2079,2025-09-07 02:00:02.144923,0,5,4,0
3785,689.13,USA,Wire,8985,2025-09-25 18:27:02.144923,0,6,4,0
3786,205.46,Germany,Crypto,1534,2025-09-13 19:40:02.144923,0,0,1,0
3787,179.49,USA,Credit Card,8761,2025-10-15 09:36:02.144923,0,6,0,0
3788,260.92,USA,Credit Card,5666,2025-10-06 22:47:02.144923,0,6,0,0
3789,508.7,Nigeria,Credit Card,9998,2025-10-03 17:28:02.144923,1,3,0,0
3790,1484.52,Japan,Debit Card,3162,2025-09-18 21:39:02.144923,0,2,2,0
3791,296.77,India,UPI,4998,2025-09-10 04:42:02.144923,0,1,3,0
3792,934.97,Germany,Crypto,7617,2025-09-18 16:48:02.144923,0,0,1,0
3793,1684.77,India,Wire,8501,2025-09-13 06:12:02.144923,0,1,4,0
3794,606.18,Japan,Credit Card,4692,2025-09-25 01:53:02.144923,0,2,0,0
3795,1055.17,Germany,Wire,8476,2025-10-09 15:47:02.144923,0,0,4,0
3796,248.3,UK,UPI,5059,2025-09-09 21:59:02.144923,0,5,3,0
3797,675.75,Germany,Crypto,9522,2025-09-18 12:17:02.144923,0,0,1,0
3798,805.17,Japan,Credit Card,6663,2025-09-28 15:45:02.144923,0,2,0,0
3799,138.67,USA,Credit Card,2527,2025-09-10 21:14:02.144923,0,6,0,0
3800,226.43,Germany,Crypto,8051,2025-10-03 23:19:02.144923,0,0,1,0
3801,392.31,UK,Wire,1573,2025-09-30 11:23:02.144923,0,5,4,0
3802,267.48,Germany,UPI,7146,2025-10-10 09:01:02.144923,0,0,3,0
3803,430.31,USA,UPI,8550,2025-09-20 06:32:02.144923,0,6,3,0
3804,118.49,Germany,UPI,4695,2025-09-27 16:21:02.144923,0,0,3,0
3805,1575.97,UK,Wire,1523,2025-09-23 19:39:02.144923,0,5,4,1
3806,1002.57,Japan,Wire,3216,2025-09-13 14:04:02.144923,0,2,4,0
3807,3490.5,UK,Credit Card,7336,2025-10-12 20:01:02.144923,0,5,0,1
3808,156.3,Japan,Wire,6479,2025-09-13 13:04:02.144923,0,2,4,0
3809,695.24,UK,Debit Card,8710,2025-09-19 17:37:02.144923,0,5,2,0
3810,269.72,India,Crypto,4595,2025-09-20 23:14:02.144923,0,1,1,0
3811,178.47,Germany,Wire,5367,2025-10-16 12:39:02.144923,0,0,4,0
3812,963.65,Germany,UPI,6856,2025-09-30 19:15:02.144923,0,0,3,0
3813,521.61,USA,Wire,6001,2025-10-03 16:03:02.144923,0,6,4,0
3814,370.84,India,Credit Card,1737,2025-10-12 09:54:02.144923,0,1,0,0
3815,619.85,USA,Crypto,3818,2025-10-09 12:26:02.144923,0,6,1,0
3816,235.5,Nigeria,Crypto,9998,2025-09-12 11:42:02.144923,1,3,1,0
3817,228.32,USA,UPI,3163,2025-10-05 16:43:02.144923,0,6,3,0
3818,278.45,Japan,Crypto,4076,2025-10-07 06:13:02.144923,0,2,1,0
3819,1099.47,India,Debit Card,7916,2025-10-04 07:01:02.144923,0,1,2,0
3820,1038.68,UK,Crypto,9718,2025-09-22 13:03:02.144923,0,5,1,0
3821,149.01,Japan,UPI,1448,2025-10-10 12:38:02.144923,0,2,3,0
3822,1530.9,UK,Crypto,8434,2025-09-24 21:14:02.144923,0,5,1,0
3823,487.89,USA,Wire,7873,2025-09-22 05:51:02.144923,0,6,4,0
3824,686.84,Germany,Credit Card,7697,2025-10-09 20:41:02.144923,0,0,0,0
3825,270.5,Japan,Wire,5161,2025-09-24 00:14:02.144923,0,2,4,0
3826,508.21,India,Debit Card,8996,2025-09-07 19:37:02.144923,0,1,2,0
3827,177.42,UK,Debit Card,9077,2025-09-14 09:44:02.144923,0,5,2,0
3828,254.08,Japan,Credit Card,1119,2025-09-30 13:23:02.144923,0,2,0,0
3829,908.56,Germany,Credit Card,5484,2025-09-30 13:27:02.144923,0,0,0,0
3830,923.52,India,Credit Card,3847,2025-10-14 19:34:02.144923,0,1,0,0
3831,710.19,India,Credit Card,2790,2025-09-26 16:30:02.144923,0,1,0,0
3832,351.38,UK,Crypto,4017,2025-09-30 22:25:02.144923,0,5,1,0
3833,146.41,Japan,Wire,1350,2025-10-10 23:27:02.144923,0,2,4,0
3834,1191.39,Japan,Debit Card,6457,2025-10-14 01:03:02.144923,0,2,2,0
3835,971.77,India,Crypto,3250,2025-10-12 08:13:02.144923,0,1,1,0
3836,72.47,USA,Credit Card,6060,2025-10-10 21:33:02.144923,0,6,0,0
3837,934.74,India,UPI,7583,2025-10-04 10:50:02.144923,0,1,3,0
3838,370.66,Vietnam,UPI,9994,2025-10-11 00:56:02.144923,1,8,3,1
3839,824.43,Japan,Wire,7522,2025-10-11 09:05:02.144923,0,2,4,0
3840,120.17,UK,Debit Card,9239,2025-10-17 02:05:02.144923,0,5,2,0
3841,283.22,Japan,Debit Card,6847,2025-10-13 12:37:02.144923,0,2,2,0
3842,537.51,India,Wire,6394,2025-10-11 22:19:02.144923,0,1,4,0
3843,1576.4,Germany,Credit Card,2892,2025-10-14 23:47:02.144923,0,0,0,1
3844,538.58,USA,Credit Card,1897,2025-09-17 06:00:02.144923,0,6,0,0
3845,1069.17,Japan,Debit Card,2738,2025-10-17 06:10:02.144923,0,2,2,0
3846,595.38,India,Debit Card,5106,2025-10-14 18:12:02.144923,0,1,2,0
3847,579.42,India,Debit Card,3503,2025-10-11 03:49:02.144923,0,1,2,0
3848,738.39,India,Credit Card,7060,2025-09-07 21:57:02.144923,0,1,0,0
3849,477.71,Germany,UPI,6150,2025-09-27 04:55:02.144923,0,0,3,0
3850,893.22,India,Wire,7746,2025-09-17 17:41:02.144923,0,1,4,0
3851,190.34,India,Wire,4499,2025-10-08 11:46:02.144923,0,1,4,0
3852,480.3,India,Crypto,3561,2025-10-12 05:21:02.144923,0,1,1,0
3853,1666.25,Japan,Crypto,5494,2025-09-13 16:46:02.144923,0,2,1,0
3854,1099.92,India,UPI,4603,2025-10-16 08:52:02.144923,0,1,3,0
3855,634.91,Germany,Debit Card,1386,2025-10-09 21:46:02.144923,0,0,2,0
3856,997.28,Japan,UPI,7761,2025-10-04 16:04:02.144923,0,2,3,0
3857,1380.41,India,Crypto,8974,2025-09-28 00:42:02.144923,0,1,1,0
3858,61.05,USA,Crypto,6449,2025-10-14 19:13:02.144923,0,6,1,0
3859,400.25,Germany,Wire,9329,2025-09-30 20:12:02.144923,0,0,4,0
3860,282.36,USA,UPI,4751,2025-09-26 06:55:02.144923,0,6,3,0
3861,129.79,Germany,Credit Card,3700,2025-09-20 22:27:02.144923,0,0,0,0
3862,1825.84,USA,Crypto,6844,2025-09-10 01:04:02.144923,0,6,1,0
3863,764.09,Vietnam,Wire,9997,2025-10-13 00:59:02.144923,1,8,4,1
3864,973.0,USA,Debit Card,1031,2025-09-22 23:04:02.144923,0,6,2,0
3865,293.31,USA,UPI,3504,2025-09-12 05:11:02.144923,0,6,3,0
3866,393.28,Germany,Crypto,9733,2025-09-13 19:28:02.144923,0,0,1,0
3867,498.02,India,Credit Card,4456,2025-09-23 19:51:02.144923,0,1,0,0
3868,670.89,Germany,Crypto,1546,2025-10-05 14:00:02.144923,0,0,1,0
3869,869.92,India,Credit Card,1983,2025-09-17 14:35:02.144923,0,1,0,0
3870,831.05,UK,UPI,5140,2025-10-14 02:13:02.144923,0,5,3,0
3871,2038.8594768178177,Japan,Credit Card,9990,2025-10-01 12:47:02.144923,1,2,0,1
3872,1417.06,Japan,Credit Card,1496,2025-10-02 08:05:02.144923,0,2,0,0
3873,1228.71,Germany,Wire,2915,2025-10-04 16:17:02.144923,0,0,4,0
3874,621.55,India,UPI,6054,2025-10-04 18:08:02.144923,0,1,3,0
3875,512.57,USA,Crypto,8726,2025-09-30 20:18:02.144923,0,6,1,0
3876,389.6,Japan,Debit Card,9376,2025-09-19 08:17:02.144923,0,2,2,0
3877,673.75,Germany,UPI,1488,2025-10-09 14:44:02.144923,0,0,3,0
3878,1184.82,Germany,UPI,2720,2025-09-17 17:21:02.144923,0,0,3,0
3879,521.68,Germany,Debit Card,7778,2025-10-08 00:32:02.144923,0,0,2,0
3880,313.88,India,Crypto,1170,2025-09-24 06:46:02.144923,0,1,1,0
3881,512.75,Germany,Wire,9591,2025-09-13 05:30:02.144923,0,0,4,0
3882,630.14,UK,Crypto,9430,2025-09-24 06:47:02.144923,0,5,1,0
3883,178.16,USA,Debit Card,2340,2025-10-12 00:38:02.144923,0,6,2,0
3884,135.92,Germany,Crypto,9082,2025-09-27 10:47:02.144923,0,0,1,0
3885,321.0,India,UPI,5415,2025-09-30 11:27:02.144923,0,1,3,0
3886,1415.08,Ukraine,Wire,9994,2025-10-10 12:51:02.144923,1,7,4,1
3887,1139.61,USA,Credit Card,8922,2025-10-15 18:18:02.144923,0,6,0,0
3888,104.93,Japan,Crypto,5854,2025-09-10 16:20:02.144923,0,2,1,0
3889,218.85,Germany,Credit Card,3089,2025-09-07 14:32:02.144923,0,0,0,0
3890,859.43,Germany,Wire,1233,2025-09-11 20:50:02.144923,0,0,4,0
3891,356.22,India,Credit Card,1555,2025-09-24 17:22:02.144923,0,1,0,0
3892,700.54,UK,Crypto,5771,2025-10-09 19:42:02.144923,0,5,1,0
3893,111.79,UK,Debit Card,4733,2025-09-20 19:28:02.144923,0,5,2,0
3894,504.73,Japan,UPI,4275,2025-10-11 21:39:02.144923,0,2,3,0
3895,464.89,UK,UPI,6003,2025-09-22 18:58:02.144923,0,5,3,0
3896,976.29,India,Credit Card,9994,2025-09-21 16:28:02.144923,0,1,0,0
3897,671.0,Japan,UPI,8473,2025-09-27 06:10:02.144923,0,2,3,0
3898,557.45,Germany,UPI,5946,2025-09-18 06:50:02.144923,0,0,3,0
3899,85.18,UK,Debit Card,1996,2025-09-13 21:29:02.144923,0,5,2,0
3900,1702.02,India,Credit Card,1845,2025-09-19 07:05:02.144923,0,1,0,1
3901,816.04,India,Debit Card,7653,2025-09-28 13:44:02.144923,0,1,2,0
3902,272.01,Germany,Debit Card,2319,2025-09-28 13:36:02.144923,0,0,2,0
3903,546.75,India,Wire,5117,2025-09-10 08:24:02.144923,0,1,4,0
3904,365.41,Japan,Credit Card,6103,2025-09-22 15:22:02.144923,0,2,0,0
3905,424.47,Japan,Debit Card,9433,2025-10-13 11:26:02.144923,0,2,2,0
3906,1127.5,USA,Crypto,3890,2025-10-17 02:29:02.144923,0,6,1,0
3907,217.86,Germany,UPI,3625,2025-10-09 07:16:02.144923,0,0,3,0
3908,840.4,Russia,Credit Card,9998,2025-09-18 06:39:02.144923,1,4,0,0
3909,1160.25,UK,Wire,9644,2025-10-01 18:38:02.144923,0,5,4,0
3910,749.11,Vietnam,Debit Card,9992,2025-09-17 15:41:02.144923,1,8,2,1
3911,441.81,Germany,Crypto,4312,2025-09-24 02:45:02.144923,0,0,1,0
3912,254.82,Germany,UPI,8136,2025-10-14 22:10:02.144923,0,0,3,0
3913,287.64,Japan,UPI,5717,2025-10-15 12:34:02.144923,0,2,3,0
3914,555.41,USA,Crypto,1558,2025-09-24 16:15:02.144923,0,6,1,0
3915,520.83,Germany,Credit Card,9070,2025-09-15 08:42:02.144923,0,0,0,0
3916,915.57,India,UPI,2068,2025-09-09 20:57:02.144923,0,1,3,0
3917,120.84,UK,UPI,9036,2025-09-27 04:27:02.144923,0,5,3,0
3918,1117.83,UK,UPI,6898,2025-10-17 17:58:02.144923,0,5,3,0
3919,2456.17,Japan,Debit Card,5602,2025-09-22 05:10:02.144923,0,2,2,0
3920,475.72,Germany,Debit Card,8810,2025-10-16 06:30:02.144923,0,0,2,0
3921,419.54,UK,UPI,8996,2025-09-22 06:25:02.144923,0,5,3,0
3922,452.26,Germany,Wire,1449,2025-10-04 06:25:02.144923,0,0,4,0
3923,540.82,Japan,UPI,4639,2025-10-17 14:11:02.144923,0,2,3,0
3924,393.31,USA,Credit Card,2913,2025-09-11 12:37:02.144923,0,6,0,0
3925,62.65,UK,Wire,5633,2025-10-12 10:39:02.144923,0,5,4,0
3926,444.35,India,Credit Card,6973,2025-09-16 15:06:02.144923,0,1,0,0
3927,565.98,Japan,Crypto,8924,2025-09-20 11:04:02.144923,0,2,1,0
3928,1201.15,USA,Crypto,6328,2025-09-17 00:21:02.144923,0,6,1,0
3929,215.21,India,Debit Card,6409,2025-09-24 03:33:02.144923,0,1,2,0
3930,1532.76,India,Debit Card,3545,2025-09-29 21:39:02.144923,0,1,2,0
3931,371.49,UK,Debit Card,8886,2025-09-21 20:34:02.144923,0,5,2,0
3932,240.01,Germany,Crypto,5811,2025-09-24 19:08:02.144923,0,0,1,0
3933,816.19,Japan,Credit Card,6327,2025-10-17 03:26:02.144923,0,2,0,0
3934,336.83,India,Wire,4461,2025-09-19 20:48:02.144923,0,1,4,0
3935,482.92,UK,Debit Card,8533,2025-09-22 09:11:02.144923,0,5,2,0
3936,508.99,USA,Crypto,2459,2025-10-04 06:43:02.144923,0,6,1,0
3937,783.17,India,Debit Card,7482,2025-09-11 04:22:02.144923,0,1,2,0
3938,471.76,USA,UPI,1456,2025-09-12 19:21:02.144923,0,6,3,0
3939,431.88,Japan,Wire,9168,2025-10-06 21:05:02.144923,0,2,4,0
3940,363.53,UK,Credit Card,6530,2025-09-18 02:23:02.144923,0,5,0,0
3941,727.73,USA,Debit Card,1644,2025-10-02 17:52:02.144923,0,6,2,0
3942,322.12,Germany,UPI,6709,2025-09-12 14:35:02.144923,0,0,3,0
3943,1228.44,USA,UPI,8264,2025-09-10 13:37:02.144923,0,6,3,0
3944,513.39,USA,Wire,5938,2025-10-13 01:57:02.144923,0,6,4,0
3945,90.66,UK,Crypto,8363,2025-09-22 18:14:02.144923,0,5,1,0
3946,629.81,UK,Crypto,6747,2025-10-08 02:45:02.144923,0,5,1,0
3947,707.82,India,Debit Card,5256,2025-09-17 15:21:02.144923,0,1,2,0
3948,1237.86,USA,Debit Card,5350,2025-10-06 11:31:02.144923,0,6,2,0
3949,265.25,USA,Crypto,3761,2025-10-16 15:37:02.144923,0,6,1,0
3950,231.52,UK,Credit Card,9227,2025-09-18 15:15:02.144923,0,5,0,0
3951,801.9,Germany,Credit Card,7873,2025-10-09 15:37:02.144923,0,0,0,0
3952,1102.33,UK,UPI,1469,2025-09-10 21:28:02.144923,0,5,3,0
3953,255.89,Germany,Wire,9500,2025-09-11 19:48:02.144923,0,0,4,0
3954,613.02,UK,Credit Card,7017,2025-10-11 16:57:02.144923,0,5,0,0
3955,478.15,Japan,Debit Card,9672,2025-09-16 15:48:02.144923,0,2,2,0
3956,264.07,USA,Credit Card,6958,2025-09-21 15:21:02.144923,0,6,0,0
3957,456.41,Germany,Wire,7847,2025-09-11 03:46:02.144923,0,0,4,0
3958,1049.08,Japan,Debit Card,9980,2025-09-09 21:50:02.144923,0,2,2,0
3959,515.08,Germany,Wire,1290,2025-09-14 13:13:02.144923,0,0,4,0
3960,437.57,India,Crypto,1429,2025-10-10 14:34:02.144923,0,1,1,0
3961,772.12,India,Wire,1597,2025-09-14 18:06:02.144923,0,1,4,0
3962,1115.07,USA,Wire,9050,2025-10-03 07:03:02.144923,0,6,4,0
3963,211.69,Japan,Wire,5527,2025-09-29 04:22:02.144923,0,2,4,0
3964,631.94,Japan,Debit Card,2557,2025-09-16 00:06:02.144923,0,2,2,0
3965,373.46,India,Wire,7789,2025-09-23 09:16:02.144923,0,1,4,0
3966,516.85,USA,Wire,5600,2025-09-12 11:41:02.144923,0,6,4,0
3967,815.99,India,UPI,9055,2025-10-09 07:01:02.144923,0,1,3,0
3968,398.16,Japan,Debit Card,1672,2025-10-03 20:54:02.144923,0,2,2,0
3969,468.95,Germany,Wire,3854,2025-09-15 17:23:02.144923,0,0,4,0
3970,990.51,Japan,Credit Card,2578,2025-09-15 01:35:02.144923,0,2,0,0
3971,695.39,USA,Wire,2432,2025-09-30 23:38:02.144923,0,6,4,0
3972,460.66,Japan,Credit Card,6521,2025-10-15 02:48:02.144923,0,2,0,0
3973,556.06,UK,Crypto,9232,2025-10-02 20:16:02.144923,0,5,1,0
3974,525.61,Japan,Crypto,5479,2025-10-16 04:28:02.144923,0,2,1,0
3975,83.09,UK,Debit Card,3933,2025-09-27 21:00:02.144923,0,5,2,0
3976,563.23,India,Debit Card,2314,2025-10-04 19:11:02.144923,0,1,2,0
3977,151.73,UK,Crypto,2815,2025-10-14 20:51:02.144923,0,5,1,0
3978,1093.79,Japan,Debit Card,5278,2025-10-06 07:40:02.144923,0,2,2,0
3979,148.16,Japan,Credit Card,7907,2025-10-07 01:17:02.144923,0,2,0,0
3980,358.36,Japan,Credit Card,2895,2025-10-08 17:01:02.144923,0,2,0,0
3981,304.15,USA,UPI,2063,2025-09-14 20:19:02.144923,0,6,3,0
3982,1376.56,India,Debit Card,6404,2025-09-17 22:41:02.144923,0,1,2,0
3983,1062.77,UK,Debit Card,9329,2025-09-20 21:47:02.144923,0,5,2,0
3984,35.14,Germany,UPI,9526,2025-09-26 23:28:02.144923,0,0,3,0
3985,495.35,UK,Wire,6593,2025-09-15 05:32:02.144923,0,5,4,0
3986,179.42,Japan,Credit Card,3676,2025-10-04 06:13:02.144923,0,2,0,0
3987,564.84,Germany,Wire,9092,2025-10-04 04:33:02.144923,0,0,4,0
3988,802.85,Germany,UPI,6265,2025-09-24 08:47:02.144923,0,0,3,0
3989,601.07,UK,Debit Card,2108,2025-10-07 18:28:02.144923,0,5,2,0
3990,837.61,UK,Wire,2586,2025-09-16 20:43:02.144923,0,5,4,0
3991,406.91,UK,Debit Card,8774,2025-09-16 20:31:02.144923,0,5,2,0
3992,615.38,UK,UPI,4861,2025-09-12 05:37:02.144923,0,5,3,0
3993,816.71,India,Crypto,6128,2025-10-09 02:19:02.144923,0,1,1,0
3994,347.12,USA,Debit Card,5954,2025-09-30 03:49:02.144923,0,6,2,0
3995,236.86,USA,Wire,2112,2025-09-22 03:59:02.144923,0,6,4,0
3996,289.97,UK,Wire,2112,2025-09-15 03:21:02.144923,0,5,4,0
3997,455.8,USA,UPI,3889,2025-09-07 18:29:02.144923,0,6,3,0
3998,505.84,UK,Wire,1349,2025-10-04 08:36:02.144923,0,5,4,0
3999,641.88,UK,Credit Card,4962,2025-10-11 08:48:02.144923,0,5,0,0
4000,265.43,UK,Debit Card,2923,2025-10-06 04:26:02.144923,0,5,2,0
4001,833.45,India,Credit Card,9059,2025-09-21 18:58:02.144923,0,1,0,0
4002,1587.82,Japan,UPI,8965,2025-09-30 22:14:02.144923,0,2,3,0
4003,306.1,USA,Credit Card,8328,2025-09-15 00:20:02.144923,0,6,0,0
4004,2178.15,USA,Credit Card,1042,2025-09-26 14:24:02.144923,0,6,0,1
4005,1728.91,India,Debit Card,6877,2025-10-03 02:00:02.144923,0,1,2,0
4006,504.62,India,Debit Card,6974,2025-10-10 05:36:02.144923,0,1,2,0
4007,445.15,UK,Crypto,1851,2025-09-20 09:40:02.144923,0,5,1,0
4008,286.37,UK,Credit Card,2286,2025-09-11 23:34:02.144923,0,5,0,0
4009,920.63,Japan,Debit Card,4779,2025-10-04 13:54:02.144923,0,2,2,0
4010,531.0,USA,Credit Card,7006,2025-09-08 17:22:02.144923,0,6,0,0
4011,574.27,India,Credit Card,4690,2025-09-15 10:29:02.144923,0,1,0,0
4012,241.49,Japan,UPI,2048,2025-09-17 07:27:02.144923,0,2,3,0
4013,938.76,USA,UPI,3615,2025-10-09 14:34:02.144923,0,6,3,0
4014,417.55,Japan,Credit Card,1512,2025-09-15 14:13:02.144923,0,2,0,0
4015,192.66,Japan,UPI,7113,2025-09-13 06:16:02.144923,0,2,3,0
4016,474.41,UK,Debit Card,1182,2025-09-16 19:26:02.144923,0,5,2,0
4017,255.91,Japan,Credit Card,3101,2025-10-05 10:44:02.144923,0,2,0,0
4018,1239.07,UK,UPI,1159,2025-09-16 13:29:02.144923,0,5,3,0
4019,1714.15,USA,Debit Card,6568,2025-09-11 11:28:02.144923,0,6,2,0
4020,484.99,USA,Credit Card,9929,2025-10-09 10:14:02.144923,0,6,0,0
4021,1042.74,UK,Credit Card,3668,2025-10-14 14:30:02.144923,0,5,0,0
4022,1025.17,Germany,UPI,4380,2025-09-27 08:29:02.144923,0,0,3,0
4023,6.67,Japan,Debit Card,4115,2025-10-02 21:47:02.144923,0,2,2,0
4024,290.37,USA,Credit Card,9392,2025-09-09 03:54:02.144923,0,6,0,0
4025,548.85,Japan,Credit Card,2307,2025-09-09 08:14:02.144923,0,2,0,0
4026,354.66,Germany,Crypto,6559,2025-09-30 19:51:02.144923,0,0,1,0
4027,270.93,Japan,Credit Card,5806,2025-10-02 14:15:02.144923,0,2,0,0
4028,1072.27,Germany,Crypto,4255,2025-09-28 07:20:02.144923,0,0,1,0
4029,343.16,India,Crypto,3594,2025-10-09 02:39:02.144923,0,1,1,0
4030,643.12,Germany,Debit Card,2232,2025-09-10 00:08:02.144923,0,0,2,0
4031,1009.23,USA,Wire,5967,2025-09-26 14:16:02.144923,0,6,4,0
4032,1288.12,UK,Crypto,9766,2025-10-12 21:10:02.144923,0,5,1,0
4033,193.59,UK,Debit Card,1081,2025-09-09 11:39:02.144923,0,5,2,0
4034,210.06,Japan,UPI,9454,2025-09-22 03:07:02.144923,0,2,3,0
4035,591.84,India,Crypto,9477,2025-09-23 08:22:02.144923,0,1,1,0
4036,61.53,Vietnam,Wire,9998,2025-09-09 01:58:02.144923,1,8,4,1
4037,219.78,Germany,UPI,4545,2025-09-11 17:33:02.144923,0,0,3,0
4038,1152.74,UK,Crypto,7446,2025-10-13 15:33:02.144923,0,5,1,0
4039,788.63,Germany,Crypto,5301,2025-10-12 14:46:02.144923,0,0,1,0
4040,455.8,UK,Wire,2455,2025-09-25 04:14:02.144923,0,5,4,0
4041,707.27,UK,Credit Card,1094,2025-09-22 01:58:02.144923,0,5,0,0
4042,827.17,UK,Wire,3522,2025-09-16 21:35:02.144923,0,5,4,0
4043,134.05,USA,Debit Card,1136,2025-09-29 13:23:02.144923,0,6,2,0
4044,338.08,Germany,Debit Card,3037,2025-09-20 18:20:02.144923,0,0,2,0
4045,1258.56,Japan,Wire,4670,2025-10-15 11:32:02.144923,0,2,4,0
4046,599.62,India,Wire,5644,2025-10-16 21:10:02.144923,0,1,4,0
4047,626.05,Japan,Wire,3684,2025-10-11 20:55:02.144923,0,2,4,0
4048,485.97,Germany,Wire,6457,2025-10-18 14:13:02.144923,0,0,4,0
4049,83.78,India,Wire,5166,2025-09-14 18:06:02.144923,0,1,4,0
4050,1050.6463758438354,Japan,Crypto,9991,2025-09-17 18:29:02.144923,1,2,1,0
4051,677.12,India,UPI,3645,2025-10-12 15:23:02.144923,0,1,3,0
4052,344.79,Germany,Debit Card,4096,2025-09-21 14:04:02.144923,0,0,2,0
4053,200.3,UK,Debit Card,2833,2025-09-17 15:56:02.144923,0,5,2,0
4054,226.05,Germany,UPI,6384,2025-10-18 07:42:02.144923,0,0,3,0
4055,1275.85,USA,Wire,3250,2025-10-16 18:39:02.144923,0,6,4,0
4056,329.43,India,UPI,4634,2025-09-23 13:08:02.144923,0,1,3,0
4057,1109.65,Germany,Wire,7119,2025-09-13 22:57:02.144923,0,0,4,0
4058,628.18,UK,Debit Card,1568,2025-10-13 06:49:02.144923,0,5,2,0
4059,415.74,UK,Credit Card,6201,2025-10-11 01:21:02.144923,0,5,0,0
4060,259.72,Germany,Debit Card,6025,2025-09-19 22:11:02.144923,0,0,2,0
4061,803.59,Japan,Debit Card,2292,2025-09-10 00:24:02.144923,0,2,2,0
4062,1019.39,Germany,Credit Card,5275,2025-09-07 04:00:02.144923,0,0,0,0
4063,858.22,UK,UPI,8963,2025-10-01 15:36:02.144923,0,5,3,0
4064,149.03,Germany,Crypto,3645,2025-10-17 16:52:02.144923,0,0,1,0
4065,328.66,USA,Wire,9663,2025-09-12 05:03:02.144923,0,6,4,0
4066,362.58,Japan,Wire,8837,2025-09-26 22:46:02.144923,0,2,4,0
4067,65.18,Germany,Debit Card,9723,2025-09-25 06:18:02.144923,0,0,2,0
4068,702.22,UK,Credit Card,1608,2025-09-08 10:29:02.144923,0,5,0,0
4069,774.97,Germany,Debit Card,8525,2025-10-02 02:27:02.144923,0,0,2,0
4070,756.09,Germany,Debit Card,5319,2025-09-18 06:11:02.144923,0,0,2,0
4071,3657.5658637992087,India,UPI,9997,2025-10-09 03:54:02.144923,1,1,3,1
4072,388.41,Germany,Wire,6127,2025-09-25 17:43:02.144923,0,0,4,0
4073,250.73,USA,Crypto,2507,2025-10-08 12:23:02.144923,0,6,1,0
4074,387.3,UK,Credit Card,5920,2025-10-06 17:49:02.144923,0,5,0,0
4075,631.89,India,Crypto,1613,2025-10-11 13:33:02.144923,0,1,1,0
4076,1179.55,Germany,Credit Card,6971,2025-10-13 18:27:02.144923,0,0,0,0
4077,530.82,Japan,Wire,9575,2025-09-17 15:38:02.144923,0,2,4,0
4078,517.26,USA,UPI,9603,2025-09-19 11:10:02.144923,0,6,3,0
4079,72.77,USA,Crypto,4376,2025-09-23 18:58:02.144923,0,6,1,0
4080,662.72,USA,Credit Card,7038,2025-09-13 13:32:02.144923,0,6,0,0
4081,1237.25,India,Debit Card,3775,2025-09-16 13:26:02.144923,0,1,2,0
4082,458.65,Germany,Wire,8477,2025-10-12 02:51:02.144923,0,0,4,0
4083,432.04,USA,UPI,7374,2025-10-11 23:57:02.144923,0,6,3,0
4084,368.21,Germany,Debit Card,3283,2025-10-10 10:34:02.144923,0,0,2,0
4085,822.77,Japan,UPI,1662,2025-09-13 12:29:02.144923,0,2,3,0
4086,68.64,Germany,Credit Card,5141,2025-09-20 17:02:02.144923,0,0,0,0
4087,1110.39,Germany,Debit Card,5035,2025-09-23 07:01:02.144923,0,0,2,0
4088,417.16,Germany,UPI,9413,2025-09-20 00:35:02.144923,0,0,3,0
4089,671.47,UK,Wire,1751,2025-10-17 08:17:02.144923,0,5,4,0
4090,868.15,India,Crypto,4154,2025-09-28 00:16:02.144923,0,1,1,0
4091,223.52,Germany,Crypto,2268,2025-09-28 21:16:02.144923,0,0,1,0
4092,492.33,USA,Debit Card,7718,2025-09-28 10:34:02.144923,0,6,2,0
4093,410.01,UK,Wire,5105,2025-09-20 01:51:02.144923,0,5,4,0
4094,176.82,Germany,Wire,8844,2025-09-27 17:22:02.144923,0,0,4,0
4095,1013.9,Nigeria,UPI,9994,2025-09-20 03:07:02.144923,1,3,3,0
4096,383.9,India,Debit Card,9406,2025-10-05 07:13:02.144923,0,1,2,0
4097,169.79,UK,Wire,1995,2025-10-05 02:42:02.144923,0,5,4,0
4098,515.54,USA,UPI,6327,2025-10-18 12:47:02.144923,0,6,3,0
4099,126.59,Germany,Wire,4210,2025-09-22 06:43:02.144923,0,0,4,0
4100,344.88,USA,Debit Card,2664,2025-09-23 11:55:02.144923,0,6,2,0
4101,622.71,Japan,Wire,1401,2025-09-10 17:33:02.144923,0,2,4,0
4102,113.01,UK,Wire,9803,2025-09-10 21:00:02.144923,0,5,4,0
4103,786.3,UK,Wire,7666,2025-09-23 16:52:02.144923,0,5,4,0
4104,536.15,UK,Crypto,9073,2025-09-24 01:43:02.144923,0,5,1,0
4105,871.61,India,Credit Card,8829,2025-09-16 11:19:02.144923,0,1,0,0
4106,864.91,USA,Debit Card,8157,2025-10-04 15:27:02.144923,0,6,2,0
4107,335.02,Japan,Crypto,6874,2025-10-05 23:14:02.144923,0,2,1,0
4108,342.76,India,Credit Card,2106,2025-10-03 10:22:02.144923,0,1,0,0
4109,707.62,India,Wire,9419,2025-09-15 21:44:02.144923,0,1,4,0
4110,192.39,Germany,Wire,2988,2025-10-08 16:52:02.144923,0,0,4,0
4111,193.61,Japan,Crypto,3178,2025-09-09 13:55:02.144923,0,2,1,0
4112,297.15,UK,UPI,8177,2025-09-24 15:48:02.144923,0,5,3,0
4113,138.55,UK,Debit Card,9140,2025-10-16 21:27:02.144923,0,5,2,0
4114,1204.7333298008489,Germany,Credit Card,9998,2025-10-14 09:42:02.144923,1,0,0,0
4115,173.45,UK,Wire,6687,2025-09-14 19:43:02.144923,0,5,4,0
4116,385.03,USA,Debit Card,5640,2025-10-05 08:22:02.144923,0,6,2,0
4117,370.83,UK,Wire,9435,2025-09-09 12:23:02.144923,0,5,4,0
4118,964.45,USA,Wire,7371,2025-09-16 06:43:02.144923,0,6,4,0
4119,390.62,Germany,Wire,7388,2025-10-05 06:11:02.144923,0,0,4,0
4120,463.98,Germany,Debit Card,1443,2025-09-19 03:29:02.144923,0,0,2,0
4121,1514.14,USA,Crypto,9806,2025-09-11 03:42:02.144923,0,6,1,0
4122,37.09,UK,Debit Card,6932,2025-10-11 20:53:02.144923,0,5,2,0
4123,579.56,Germany,Debit Card,1824,2025-09-18 11:11:02.144923,0,0,2,0
4124,417.65,Germany,UPI,9713,2025-10-04 12:08:02.144923,0,0,3,0
4125,623.41,USA,UPI,5937,2025-09-08 03:27:02.144923,0,6,3,0
4126,313.3,Germany,Crypto,2876,2025-10-10 20:05:02.144923,0,0,1,0
4127,388.61,UK,UPI,5032,2025-09-26 20:30:02.144923,0,5,3,0
4128,1142.91,Germany,Crypto,3205,2025-10-13 19:38:02.144923,0,0,1,0
4129,700.68,USA,Wire,9017,2025-09-11 05:15:02.144923,0,6,4,0
4130,404.44,UK,Wire,1546,2025-09-10 22:41:02.144923,0,5,4,0
4131,256.1,Japan,Debit Card,9358,2025-09-24 09:04:02.144923,0,2,2,0
4132,191.73,USA,Wire,3069,2025-09-23 18:13:02.144923,0,6,4,0
4133,330.2,Japan,UPI,7210,2025-09-07 12:34:02.144923,0,2,3,0
4134,433.61,Germany,Credit Card,7853,2025-09-15 17:30:02.144923,0,0,0,0
4135,1510.39,UK,Debit Card,7730,2025-10-14 12:03:02.144923,0,5,2,0
4136,548.69,Germany,Crypto,3935,2025-09-25 07:37:02.144923,0,0,1,0
4137,283.52,UK,Wire,1016,2025-10-07 12:02:02.144923,0,5,4,0
4138,37.35,India,Debit Card,3809,2025-10-15 13:01:02.144923,0,1,2,0
4139,249.67,Germany,Debit Card,9519,2025-10-03 22:12:02.144923,0,0,2,0
4140,330.57,Germany,Debit Card,4451,2025-09-14 09:05:02.144923,0,0,2,0
4141,588.93,Germany,Wire,9537,2025-10-01 07:36:02.144923,0,0,4,0
4142,340.73,USA,Crypto,6592,2025-10-14 08:08:02.144923,0,6,1,0
4143,1557.17,UK,Debit Card,3354,2025-09-17 11:11:02.144923,0,5,2,0
4144,410.19,UK,Debit Card,9735,2025-09-27 14:58:02.144923,0,5,2,0
4145,986.98,UK,Debit Card,4450,2025-09-10 05:01:02.144923,0,5,2,0
4146,102.97,USA,Wire,4705,2025-10-10 00:02:02.144923,0,6,4,0
4147,472.22,UK,UPI,8707,2025-09-26 17:43:02.144923,0,5,3,0
4148,252.01,Germany,Crypto,8043,2025-10-14 23:41:02.144923,0,0,1,0
4149,1005.71,Japan,Debit Card,3748,2025-09-08 20:33:02.144923,0,2,2,0
4150,359.48,India,Debit Card,6259,2025-09-21 01:36:02.144923,0,1,2,0
4151,1164.55,UK,Debit Card,2806,2025-10-11 02:42:02.144923,0,5,2,0
4152,778.88,USA,Wire,7412,2025-09-30 05:26:02.144923,0,6,4,0
4153,321.83,USA,UPI,9377,2025-09-24 21:48:02.144923,0,6,3,0
4154,1584.027553726113,UK,Debit Card,9994,2025-10-02 19:41:02.144923,1,5,2,0
4155,265.67,Japan,Debit Card,9958,2025-10-02 15:25:02.144923,0,2,2,0
4156,388.98,UK,Wire,9226,2025-10-17 11:02:02.144923,0,5,4,0
4157,775.35,USA,Crypto,9103,2025-09-09 18:30:02.144923,0,6,1,0
4158,484.7,India,Crypto,4915,2025-09-11 17:30:02.144923,0,1,1,0
4159,875.39,Japan,UPI,6341,2025-10-16 22:24:02.144923,0,2,3,0
4160,1225.67,UK,Crypto,8940,2025-09-18 17:51:02.144923,0,5,1,0
4161,504.61,India,Debit Card,6865,2025-09-15 16:34:02.144923,0,1,2,0
4162,208.22,UK,Wire,1797,2025-10-09 22:42:02.144923,0,5,4,0
4163,644.55,Japan,Debit Card,8266,2025-09-21 01:43:02.144923,0,2,2,0
4164,1670.8,USA,Debit Card,7774,2025-09-19 11:37:02.144923,0,6,2,0
4165,909.74,Japan,UPI,4656,2025-10-04 10:31:02.144923,0,2,3,0
4166,609.5,Germany,Crypto,7352,2025-09-11 05:17:02.144923,0,0,1,0
4167,233.54,UK,Crypto,1037,2025-09-14 17:27:02.144923,0,5,1,0
4168,421.75,India,Crypto,2978,2025-10-09 16:57:02.144923,0,1,1,0
4169,110.32,India,Debit Card,7241,2025-09-29 05:17:02.144923,0,1,2,0
4170,177.9,Japan,Wire,4454,2025-09-27 12:47:02.144923,0,2,4,0
4171,654.18,Japan,Wire,5674,2025-10-15 00:49:02.144923,0,2,4,0
4172,85.76,Japan,Debit Card,4360,2025-10-16 11:51:02.144923,0,2,2,0
4173,373.64,Ukraine,Credit Card,9996,2025-09-20 23:52:02.144923,1,7,0,0
4174,159.8,USA,Debit Card,5298,2025-09-24 15:18:02.144923,0,6,2,0
4175,186.36,India,Crypto,4475,2025-09-16 11:02:02.144923,0,1,1,0
4176,511.63,USA,Debit Card,7560,2025-10-09 07:09:02.144923,0,6,2,0
4177,265.99,Japan,Credit Card,4377,2025-10-16 23:30:02.144923,0,2,0,0
4178,130.29,Germany,Debit Card,6041,2025-09-24 08:27:02.144923,0,0,2,0
4179,312.41,India,Crypto,3184,2025-10-12 05:30:02.144923,0,1,1,0
4180,125.65,Japan,UPI,6000,2025-09-12 03:06:02.144923,0,2,3,0
4181,1116.49,India,Wire,8297,2025-09-28 05:43:02.144923,0,1,4,0
4182,805.5,Russia,Credit Card,9994,2025-10-03 07:20:02.144923,1,4,0,0
4183,803.0,India,UPI,5233,2025-09-15 05:54:02.144923,0,1,3,0
4184,244.22,UK,Wire,3462,2025-10-05 23:12:02.144923,0,5,4,0
4185,669.76,India,UPI,4232,2025-09-28 16:48:02.144923,0,1,3,0
4186,568.67,UK,Debit Card,9439,2025-10-16 07:50:02.144923,0,5,2,0
4187,260.76,USA,Debit Card,9046,2025-09-24 13:45:02.144923,0,6,2,0
4188,461.53,India,Wire,1525,2025-09-13 14:08:02.144923,0,1,4,0
4189,104.72,USA,Wire,5320,2025-09-19 17:30:02.144923,0,6,4,0
4190,193.1,Germany,Debit Card,5830,2025-09-21 07:32:02.144923,0,0,2,0
4191,451.73,UK,Debit Card,9106,2025-10-03 15:35:02.144923,0,5,2,0
4192,327.61,India,Wire,1462,2025-09-21 10:32:02.144923,0,1,4,0
4193,627.97,USA,Wire,3963,2025-09-17 18:44:02.144923,0,6,4,0
4194,266.89,Japan,Wire,7383,2025-09-27 06:20:02.144923,0,2,4,0
4195,368.24,USA,Crypto,6916,2025-09-19 11:25:02.144923,0,6,1,0
4196,481.33,India,Crypto,4400,2025-09-15 09:20:02.144923,0,1,1,0
4197,247.89,Germany,Debit Card,1302,2025-09-28 08:50:02.144923,0,0,2,0
4198,363.16,UK,Crypto,6883,2025-10-17 00:51:02.144923,0,5,1,0
4199,565.74,Japan,Credit Card,1776,2025-09-27 04:41:02.144923,0,2,0,0
4200,1331.29,USA,Debit Card,1623,2025-10-06 20:12:02.144923,0,6,2,0
4201,249.2,India,Credit Card,2459,2025-09-23 14:13:02.144923,0,1,0,0
4202,328.92,India,UPI,4386,2025-09-10 04:05:02.144923,0,1,3,0
4203,903.55,UK,Credit Card,8030,2025-10-13 16:14:02.144923,0,5,0,0
4204,1059.59,Japan,UPI,5775,2025-09-20 20:04:02.144923,0,2,3,0
4205,715.78,USA,Credit Card,9671,2025-09-15 17:05:02.144923,0,6,0,0
4206,1041.29,USA,UPI,2061,2025-09-16 15:34:02.144923,0,6,3,0
4207,236.96,USA,UPI,1287,2025-09-28 12:08:02.144923,0,6,3,0
4208,974.8,UK,Debit Card,8234,2025-09-30 21:11:02.144923,0,5,2,0
4209,825.4,UK,Wire,4639,2025-09-13 10:59:02.144923,0,5,4,0
4210,183.99,Japan,Wire,8955,2025-09-15 20:45:02.144923,0,2,4,0
4211,372.61,USA,Debit Card,7335,2025-10-01 23:41:02.144923,0,6,2,0
4212,50.58,USA,UPI,2143,2025-09-10 15:43:02.144923,0,6,3,0
4213,535.43,Japan,Wire,7544,2025-10-16 06:39:02.144923,0,2,4,0
4214,962.75,Japan,Wire,9849,2025-09-12 15:48:02.144923,0,2,4,0
4215,315.07,Japan,Credit Card,4085,2025-09-07 07:56:02.144923,0,2,0,0
4216,204.69,India,Crypto,8713,2025-09-24 08:25:02.144923,0,1,1,0
4217,191.77,Japan,Debit Card,5988,2025-10-17 16:31:02.144923,0,2,2,0
4218,475.85,Germany,Crypto,3201,2025-09-26 16:59:02.144923,0,0,1,0
4219,711.26,UK,UPI,6289,2025-09-10 00:10:02.144923,0,5,3,0
4220,1349.92,Japan,Credit Card,9870,2025-09-07 18:51:02.144923,0,2,0,0
4221,45.12,India,Wire,4457,2025-09-09 17:44:02.144923,0,1,4,0
4222,1242.03,Germany,Credit Card,3744,2025-09-30 01:44:02.144923,0,0,0,0
4223,557.06,India,Debit Card,3353,2025-09-09 21:01:02.144923,0,1,2,0
4224,7337.502021657551,India,UPI,9993,2025-09-10 23:47:02.144923,1,1,3,1
4225,792.08,India,Credit Card,2679,2025-10-11 04:18:02.144923,0,1,0,0
4226,498.42,India,Credit Card,6002,2025-09-16 16:35:02.144923,0,1,0,0
4227,484.19,USA,Credit Card,6330,2025-09-27 13:46:02.144923,0,6,0,0
4228,640.98,UK,Wire,4966,2025-10-16 04:10:02.144923,0,5,4,0
4229,395.89,USA,UPI,3741,2025-09-17 07:37:02.144923,0,6,3,0
4230,421.43,Germany,Wire,1853,2025-09-17 03:36:02.144923,0,0,4,0
4231,736.03,USA,Credit Card,7335,2025-10-13 14:43:02.144923,0,6,0,0
4232,248.41,Germany,Wire,9784,2025-10-01 03:19:02.144923,0,0,4,0
4233,992.45,Japan,Wire,4406,2025-10-18 06:11:02.144923,0,2,4,0
4234,937.18,Germany,Debit Card,3952,2025-09-10 06:11:02.144923,0,0,2,0
4235,330.31,USA,Crypto,6063,2025-09-10 23:54:02.144923,0,6,1,0
4236,741.18,USA,Crypto,5911,2025-10-13 12:15:02.144923,0,6,1,0
4237,676.05,Germany,Debit Card,2871,2025-09-09 14:06:02.144923,0,0,2,0
4238,302.59,USA,Debit Card,1626,2025-10-13 23:55:02.144923,0,6,2,0
4239,779.76,Germany,Wire,5207,2025-09-18 18:12:02.144923,0,0,4,0
4240,1302.17,India,Wire,5766,2025-10-01 11:58:02.144923,0,1,4,0
4241,1015.44,UK,UPI,9217,2025-09-17 22:38:02.144923,0,5,3,0
4242,128.76,Germany,Crypto,4048,2025-09-30 22:47:02.144923,0,0,1,0
4243,692.86,India,Wire,9813,2025-09-07 18:27:02.144923,0,1,4,0
4244,907.15,India,UPI,9908,2025-10-15 00:06:02.144923,0,1,3,0
4245,286.26,India,Crypto,3660,2025-09-22 07:55:02.144923,0,1,1,0
4246,992.57,India,UPI,8667,2025-10-04 05:27:02.144923,0,1,3,0
4247,259.19,Germany,UPI,2741,2025-09-08 12:33:02.144923,0,0,3,0
4248,392.68,USA,Debit Card,4072,2025-10-03 07:59:02.144923,0,6,2,0
4249,268.04,India,Credit Card,8903,2025-09-19 00:37:02.144923,0,1,0,0
4250,231.3,Japan,Credit Card,7725,2025-10-08 01:19:02.144923,0,2,0,0
4251,640.25,India,Credit Card,4733,2025-09-17 17:29:02.144923,0,1,0,0
4252,141.01,USA,UPI,5464,2025-09-10 19:21:02.144923,0,6,3,0
4253,1944.9618216045476,USA,Wire,9994,2025-09-08 04:15:02.144923,1,6,4,1
4254,640.48,UK,Credit Card,9205,2025-09-10 05:26:02.144923,0,5,0,0
4255,271.3,UK,Wire,8635,2025-09-07 06:44:02.144923,0,5,4,0
4256,1109.35,India,Crypto,3758,2025-10-03 21:58:02.144923,0,1,1,0
4257,436.28,India,Credit Card,1530,2025-10-13 23:31:02.144923,0,1,0,0
4258,1439.91,UK,UPI,8577,2025-10-16 15:06:02.144923,0,5,3,0
4259,125.28,India,Debit Card,8317,2025-10-05 09:55:02.144923,0,1,2,0
4260,658.66,Japan,UPI,8941,2025-10-10 07:56:02.144923,0,2,3,0
4261,567.29,Germany,Wire,3878,2025-09-26 13:17:02.144923,0,0,4,0
4262,359.24,UK,Crypto,4404,2025-09-21 07:15:02.144923,0,5,1,0
4263,500.7,UK,UPI,9629,2025-10-05 23:39:02.144923,0,5,3,0
4264,729.58,USA,Debit Card,1382,2025-09-30 06:32:02.144923,0,6,2,0
4265,828.15,India,Debit Card,6010,2025-09-19 18:10:02.144923,0,1,2,0
4266,447.52,UK,Crypto,6068,2025-10-04 14:27:02.144923,0,5,1,0
4267,664.76,UK,Credit Card,8094,2025-09-09 11:24:02.144923,0,5,0,0
4268,247.35,Japan,UPI,8164,2025-10-13 11:04:02.144923,0,2,3,0
4269,839.27,India,UPI,4014,2025-10-04 16:55:02.144923,0,1,3,0
4270,1256.04,Germany,Debit Card,4982,2025-10-14 12:46:02.144923,0,0,2,0
4271,883.91,Japan,Wire,5174,2025-10-03 05:44:02.144923,0,2,4,0
4272,268.53,Germany,UPI,9500,2025-10-18 01:00:02.144923,0,0,3,0
4273,213.6,USA,Debit Card,9918,2025-09-29 16:25:02.144923,0,6,2,0
4274,16232.763990252417,UK,Wire,9991,2025-10-10 02:27:02.144923,1,5,4,1
4275,1201.25,Japan,Credit Card,3937,2025-09-20 22:27:02.144923,0,2,0,0
4276,830.24,Germany,Credit Card,1712,2025-09-11 22:44:02.144923,0,0,0,0
4277,1311.17,India,Debit Card,1950,2025-09-16 08:59:02.144923,0,1,2,0
4278,488.37,USA,Debit Card,2435,2025-10-05 07:46:02.144923,0,6,2,0
4279,819.73,USA,Credit Card,5565,2025-09-26 09:19:02.144923,0,6,0,0
4280,1101.54,UK,Debit Card,2538,2025-09-07 16:20:02.144923,0,5,2,0
4281,395.74,UK,Crypto,8937,2025-09-10 04:53:02.144923,0,5,1,0
4282,692.5,Germany,UPI,3168,2025-10-11 04:41:02.144923,0,0,3,0
4283,1020.67,Germany,Crypto,3200,2025-10-04 06:09:02.144923,0,0,1,0
4284,200.1,USA,Wire,2670,2025-10-07 05:10:02.144923,0,6,4,0
4285,364.87,Germany,Debit Card,4364,2025-10-10 10:33:02.144923,0,0,2,0
4286,1005.27,UK,Debit Card,3115,2025-09-15 10:47:02.144923,0,5,2,0
4287,578.71,USA,Wire,9416,2025-10-01 06:56:02.144923,0,6,4,0
4288,523.48,USA,UPI,1846,2025-09-27 12:27:02.144923,0,6,3,0
4289,477.93,India,Credit Card,7701,2025-10-17 21:58:02.144923,0,1,0,0
4290,1076.33,India,Crypto,6435,2025-09-19 01:36:02.144923,0,1,1,0
4291,220.48,Germany,UPI,5069,2025-10-01 11:44:02.144923,0,0,3,0
4292,345.12,Germany,Credit Card,3956,2025-10-04 07:30:02.144923,0,0,0,0
4293,139.79,UK,Credit Card,5387,2025-09-27 20:31:02.144923,0,5,0,0
4294,386.08,UK,Debit Card,8647,2025-10-12 23:25:02.144923,0,5,2,0
4295,558.0,India,Wire,7911,2025-09-29 17:38:02.144923,0,1,4,0
4296,72.99,USA,Debit Card,7748,2025-10-01 00:56:02.144923,0,6,2,0
4297,250.74,Japan,Wire,1970,2025-09-28 03:16:02.144923,0,2,4,0
4298,578.06,Japan,Debit Card,8685,2025-09-20 04:48:02.144923,0,2,2,0
4299,684.74,Germany,Crypto,2216,2025-09-08 16:20:02.144923,0,0,1,0
4300,1508.27,Japan,Debit Card,6106,2025-10-10 18:42:02.144923,0,2,2,0
4301,758.45,Japan,Crypto,6553,2025-10-16 23:30:02.144923,0,2,1,0
4302,434.17,India,UPI,8241,2025-09-22 07:37:02.144923,0,1,3,0
4303,546.94,USA,UPI,3711,2025-09-16 23:16:02.144923,0,6,3,0
4304,560.96,UK,Debit Card,1057,2025-10-06 09:13:02.144923,0,5,2,0
4305,345.58,India,UPI,7869,2025-09-19 14:04:02.144923,0,1,3,0
4306,596.33,UK,Credit Card,2304,2025-09-28 22:52:02.144923,0,5,0,0
4307,331.98,India,Crypto,2630,2025-09-29 23:26:02.144923,0,1,1,0
4308,618.19,Nigeria,Wire,9993,2025-09-20 06:57:02.144923,1,3,4,0
4309,477.56,Japan,Crypto,5303,2025-10-14 13:00:02.144923,0,2,1,0
4310,419.22,UK,Debit Card,7003,2025-09-21 12:52:02.144923,0,5,2,0
4311,428.7,India,UPI,1412,2025-09-12 20:33:02.144923,0,1,3,0
4312,847.37,Japan,UPI,2618,2025-10-03 11:00:02.144923,0,2,3,0
4313,792.11,Germany,Credit Card,6171,2025-09-18 00:08:02.144923,0,0,0,0
4314,402.46,UK,UPI,6136,2025-10-11 23:46:02.144923,0,5,3,0
4315,824.95,Ukraine,Debit Card,9996,2025-09-10 11:56:02.144923,1,7,2,0
4316,470.46,Germany,Debit Card,1739,2025-09-15 13:57:02.144923,0,0,2,0
4317,2588.0037682792445,Japan,Wire,9996,2025-09-14 02:33:02.144923,1,2,4,1
4318,345.82,India,Crypto,1918,2025-09-30 10:57:02.144923,0,1,1,0
4319,1405.5,Japan,Crypto,8585,2025-09-29 06:49:02.144923,0,2,1,0
4320,1309.23,Japan,Crypto,6621,2025-09-15 14:21:02.144923,0,2,1,0
4321,287.97,Japan,Wire,8807,2025-09-09 10:28:02.144923,0,2,4,0
4322,383.86,UK,Wire,7332,2025-09-16 21:30:02.144923,0,5,4,0
4323,652.89,Germany,Wire,2503,2025-09-08 01:15:02.144923,0,0,4,0
4324,740.32,Germany,Credit Card,4227,2025-10-15 23:47:02.144923,0,0,0,0
4325,203.96,USA,Wire,1827,2025-09-22 15:39:02.144923,0,6,4,0
4326,236.56,India,UPI,4231,2025-10-16 17:29:02.144923,0,1,3,0
4327,741.96,Japan,Credit Card,3873,2025-10-04 01:37:02.144923,0,2,0,0
4328,127.61,India,UPI,6852,2025-09-14 18:27:02.144923,0,1,3,0
4329,290.08,Germany,Crypto,9701,2025-09-16 22:19:02.144923,0,0,1,0
4330,912.62,Germany,Debit Card,6632,2025-10-07 00:10:02.144923,0,0,2,0
4331,884.04,Japan,Crypto,9886,2025-10-07 06:55:02.144923,0,2,1,0
4332,1355.08,UK,Wire,4279,2025-10-10 05:43:02.144923,0,5,4,0
4333,1658.1,Japan,Debit Card,5016,2025-09-22 22:25:02.144923,0,2,2,0
4334,2585.32,Japan,Crypto,3068,2025-09-25 05:18:02.144923,0,2,1,1
4335,374.98,USA,Credit Card,6624,2025-09-11 21:05:02.144923,0,6,0,0
4336,306.75,UK,Wire,6523,2025-09-17 03:29:02.144923,0,5,4,0
4337,671.02,India,Crypto,9591,2025-10-02 15:49:02.144923,0,1,1,0
4338,143.2,UK,Debit Card,3607,2025-09-17 00:05:02.144923,0,5,2,0
4339,413.11,Japan,UPI,1287,2025-09-13 04:32:02.144923,0,2,3,0
4340,556.87,Japan,Crypto,2403,2025-10-08 04:58:02.144923,0,2,1,0
4341,707.58,Japan,Credit Card,5532,2025-10-05 12:15:02.144923,0,2,0,0
4342,762.27,Japan,Debit Card,1440,2025-10-03 11:22:02.144923,0,2,2,0
4343,403.17,Japan,Crypto,6612,2025-10-09 20:09:02.144923,0,2,1,0
4344,165.44,UK,UPI,5885,2025-10-09 13:07:02.144923,0,5,3,0
4345,201.41,Japan,Wire,6092,2025-09-16 03:44:02.144923,0,2,4,0
4346,62.6,Germany,Wire,2268,2025-09-25 11:50:02.144923,0,0,4,0
4347,316.04,Germany,Wire,8219,2025-09-12 16:18:02.144923,0,0,4,0
4348,139.85,USA,Debit Card,7864,2025-10-08 14:01:02.144923,0,6,2,0
4349,334.5,India,UPI,8007,2025-09-21 11:07:02.144923,0,1,3,0
4350,666.21,Germany,UPI,1185,2025-09-23 11:23:02.144923,0,0,3,0
4351,169.24,USA,Crypto,5257,2025-09-18 05:02:02.144923,0,6,1,0
4352,533.89,UK,Wire,4543,2025-10-10 07:56:02.144923,0,5,4,0
4353,399.75,India,Debit Card,5886,2025-10-13 08:18:02.144923,0,1,2,0
4354,641.32,Japan,Wire,5640,2025-09-07 08:07:02.144923,0,2,4,0
4355,752.19,Japan,Wire,2144,2025-10-11 02:24:02.144923,0,2,4,0
4356,380.22,UK,Crypto,5164,2025-10-17 16:28:02.144923,0,5,1,0
4357,500.86,India,Crypto,1634,2025-09-25 11:00:02.144923,0,1,1,0
4358,401.0,Germany,Crypto,8577,2025-10-17 22:28:02.144923,0,0,1,0
4359,343.0,India,Credit Card,2303,2025-10-15 23:47:02.144923,0,1,0,0
4360,277.78,USA,Credit Card,1532,2025-09-17 13:35:02.144923,0,6,0,0
4361,703.89,UK,Debit Card,3697,2025-09-09 03:55:02.144923,0,5,2,0
4362,1198.74,Germany,Debit Card,1952,2025-09-08 04:31:02.144923,0,0,2,0
4363,1104.54,India,Crypto,3805,2025-09-28 23:31:02.144923,0,1,1,0
4364,154.15,India,UPI,8586,2025-09-24 05:19:02.144923,0,1,3,0
4365,1183.95,Germany,Debit Card,9761,2025-10-11 00:00:02.144923,0,0,2,0
4366,224.74,USA,Credit Card,7782,2025-10-13 11:40:02.144923,0,6,0,0
4367,557.03,USA,Credit Card,6212,2025-09-08 06:51:02.144923,0,6,0,0
4368,631.61,India,Wire,5130,2025-09-07 21:23:02.144923,0,1,4,0
4369,117.26,Japan,Crypto,8942,2025-09-13 18:02:02.144923,0,2,1,0
4370,435.36,Germany,UPI,4541,2025-09-18 15:19:02.144923,0,0,3,0
4371,1233.45,USA,Crypto,4386,2025-09-21 11:45:02.144923,0,6,1,0
4372,38.97,USA,Credit Card,7090,2025-10-09 02:52:02.144923,0,6,0,0
4373,2143.63,USA,UPI,6495,2025-09-15 09:38:02.144923,0,6,3,1
4374,59.12,UK,Debit Card,8658,2025-09-12 11:02:02.144923,0,5,2,0
4375,620.05,Japan,Wire,3400,2025-09-21 16:56:02.144923,0,2,4,0
4376,123.35,USA,Credit Card,4552,2025-10-10 15:05:02.144923,0,6,0,0
4377,692.84,Japan,Wire,1978,2025-10-12 07:32:02.144923,0,2,4,0
4378,1071.93,India,Crypto,7547,2025-09-25 13:56:02.144923,0,1,1,0
4379,881.39,India,UPI,6513,2025-09-22 14:29:02.144923,0,1,3,0
4380,982.4,UK,Crypto,9594,2025-10-09 02:58:02.144923,0,5,1,0
4381,402.43,Japan,Wire,2514,2025-10-10 02:30:02.144923,0,2,4,0
4382,1227.72,Germany,Credit Card,1393,2025-09-13 08:37:02.144923,0,0,0,0
4383,1833.49,UK,Wire,3630,2025-10-14 02:44:02.144923,0,5,4,1
4384,536.21,USA,Credit Card,6815,2025-09-09 02:41:02.144923,0,6,0,0
4385,1100.0702936636476,India,Wire,9997,2025-09-19 07:16:02.144923,1,1,4,0
4386,254.63,India,Crypto,2743,2025-10-08 00:38:02.144923,0,1,1,0
4387,842.25,Germany,Wire,6436,2025-10-10 00:38:02.144923,0,0,4,0
4388,1014.57,UK,Debit Card,1421,2025-09-22 19:46:02.144923,0,5,2,0
4389,366.78,Japan,Crypto,7416,2025-09-14 19:22:02.144923,0,2,1,0
4390,1408.92,India,Wire,7197,2025-09-11 03:21:02.144923,0,1,4,0
4391,793.56,USA,Wire,6292,2025-09-12 12:20:02.144923,0,6,4,0
4392,531.59,Germany,UPI,7808,2025-09-12 04:25:02.144923,0,0,3,0
4393,634.88,Germany,Crypto,5713,2025-09-15 06:23:02.144923,0,0,1,0
4394,206.69,Germany,UPI,4177,2025-09-07 09:07:02.144923,0,0,3,0
4395,835.56,USA,Crypto,4776,2025-09-09 23:32:02.144923,0,6,1,0
4396,219.62,Germany,Credit Card,5390,2025-09-21 01:21:02.144923,0,0,0,0
4397,329.06,Japan,Crypto,9467,2025-10-13 23:31:02.144923,0,2,1,0
4398,472.31,Japan,Crypto,7728,2025-09-08 02:28:02.144923,0,2,1,0
4399,1646.69,UK,Wire,8210,2025-10-09 01:39:02.144923,0,5,4,0
4400,598.03,UK,Debit Card,9385,2025-10-11 22:58:02.144923,0,5,2,0
4401,239.94,Japan,Crypto,2126,2025-09-09 13:12:02.144923,0,2,1,0
4402,636.62,USA,UPI,1249,2025-09-25 15:09:02.144923,0,6,3,0
4403,760.24,UK,Debit Card,6051,2025-09-24 11:29:02.144923,0,5,2,0
4404,1129.77,Germany,Crypto,7111,2025-10-14 02:23:02.144923,0,0,1,0
4405,490.65,Japan,Debit Card,5391,2025-10-02 07:10:02.144923,0,2,2,0
4406,273.01,India,Credit Card,9429,2025-09-10 06:12:02.144923,0,1,0,0
4407,1937.1,USA,Debit Card,8787,2025-09-07 17:04:02.144923,0,6,2,0
4408,637.64,USA,Credit Card,4720,2025-09-29 01:14:02.144923,0,6,0,0
4409,241.29,Japan,Debit Card,5009,2025-10-06 13:15:02.144923,0,2,2,0
4410,487.32,India,Debit Card,5905,2025-09-28 17:32:02.144923,0,1,2,0
4411,329.2,USA,UPI,3336,2025-09-14 12:16:02.144923,0,6,3,0
4412,1176.16,UK,UPI,3584,2025-10-02 18:22:02.144923,0,5,3,0
4413,755.09,India,Wire,2765,2025-09-22 23:58:02.144923,0,1,4,0
4414,1889.426158296638,Germany,Debit Card,9997,2025-09-13 05:16:02.144923,1,0,2,0
4415,1014.98,UK,Credit Card,2114,2025-10-05 23:31:02.144923,0,5,0,0
4416,457.29,India,Debit Card,7040,2025-10-15 07:17:02.144923,0,1,2,0
4417,478.68,Japan,Crypto,2139,2025-09-18 00:34:02.144923,0,2,1,0
4418,266.47,USA,Credit Card,8967,2025-09-10 20:13:02.144923,0,6,0,0
4419,264.61,UK,Crypto,6653,2025-10-01 03:10:02.144923,0,5,1,0
4420,1853.44,Japan,Wire,7492,2025-10-01 11:04:02.144923,0,2,4,0
4421,982.38,India,Crypto,5662,2025-10-07 00:55:02.144923,0,1,1,0
4422,75.35,Germany,Wire,4516,2025-10-11 20:44:02.144923,0,0,4,0
4423,214.79,USA,Wire,2145,2025-10-17 02:36:02.144923,0,6,4,0
4424,175.31,USA,Wire,2627,2025-10-05 09:58:02.144923,0,6,4,0
4425,523.56,UK,Crypto,2245,2025-10-05 11:59:02.144923,0,5,1,0
4426,355.9,Japan,Wire,6761,2025-09-28 22:27:02.144923,0,2,4,0
4427,1336.45,India,Wire,1369,2025-10-10 06:06:02.144923,0,1,4,0
4428,383.87,India,UPI,5855,2025-09-19 18:08:02.144923,0,1,3,0
4429,1730.46,Japan,Debit Card,6320,2025-10-09 08:35:02.144923,0,2,2,0
4430,468.25,USA,Wire,4232,2025-10-07 08:37:02.144923,0,6,4,0
4431,1979.62,Japan,Credit Card,2785,2025-10-12 03:07:02.144923,0,2,0,1
4432,425.66,India,Credit Card,1574,2025-10-06 03:31:02.144923,0,1,0,0
4433,432.33,Japan,UPI,6504,2025-09-26 21:05:02.144923,0,2,3,0
4434,967.47,USA,Crypto,9020,2025-10-13 16:46:02.144923,0,6,1,0
4435,872.1,UK,Crypto,4703,2025-10-15 05:49:02.144923,0,5,1,0
4436,147.78,USA,Crypto,6477,2025-10-13 02:50:02.144923,0,6,1,0
4437,533.19,Germany,Wire,3572,2025-10-02 08:24:02.144923,0,0,4,0
4438,353.2,Germany,Crypto,6905,2025-09-26 19:10:02.144923,0,0,1,0
4439,333.47,Japan,Crypto,3115,2025-09-10 05:43:02.144923,0,2,1,0
4440,531.24,USA,Debit Card,8437,2025-10-13 09:42:02.144923,0,6,2,0
4441,396.5,USA,Wire,2085,2025-10-06 06:14:02.144923,0,6,4,0
4442,574.28,India,Wire,9352,2025-09-11 18:57:02.144923,0,1,4,0
4443,205.91,UK,Credit Card,8193,2025-09-21 02:00:02.144923,0,5,0,0
4444,114.56,Vietnam,Credit Card,9994,2025-10-10 12:40:02.144923,1,8,0,1
4445,993.27,Japan,Debit Card,3748,2025-09-25 05:55:02.144923,0,2,2,0
4446,1100.15,India,UPI,6405,2025-10-01 11:15:02.144923,0,1,3,0
4447,951.03,India,Wire,8899,2025-10-11 20:10:02.144923,0,1,4,0
4448,513.42,Japan,Credit Card,7981,2025-10-15 20:36:02.144923,0,2,0,0
4449,372.34,Japan,Crypto,5344,2025-10-14 09:54:02.144923,0,2,1,0
4450,296.71,USA,Wire,8203,2025-09-08 21:17:02.144923,0,6,4,0
4451,251.0,USA,Wire,6440,2025-09-10 12:29:02.144923,0,6,4,0
4452,468.65,India,Wire,3892,2025-10-08 06:04:02.144923,0,1,4,0
4453,1081.76,India,Credit Card,4624,2025-10-13 10:19:02.144923,0,1,0,0
4454,275.62,UK,Debit Card,7687,2025-09-11 14:58:02.144923,0,5,2,0
4455,1083.03,India,Credit Card,8423,2025-09-19 06:36:02.144923,0,1,0,0
4456,121.11,Japan,Crypto,7304,2025-09-19 18:52:02.144923,0,2,1,0
4457,596.71,Japan,Crypto,5105,2025-10-10 14:21:02.144923,0,2,1,0
4458,690.67,UK,UPI,5454,2025-09-22 19:01:02.144923,0,5,3,0
4459,324.15,Germany,Credit Card,3171,2025-09-25 05:00:02.144923,0,0,0,0
4460,193.53,Germany,Credit Card,9821,2025-09-10 19:57:02.144923,0,0,0,0
4461,904.51,Japan,UPI,9469,2025-09-18 08:14:02.144923,0,2,3,0
4462,516.4,Germany,UPI,2023,2025-10-02 09:29:02.144923,0,0,3,0
4463,2374.14,Germany,Wire,5621,2025-09-29 19:45:02.144923,0,0,4,1
4464,1093.02,UK,Wire,2717,2025-09-25 01:05:02.144923,0,5,4,0
4465,1098.94,India,Crypto,8203,2025-09-24 22:39:02.144923,0,1,1,0
4466,27.73,India,Debit Card,2980,2025-10-04 07:47:02.144923,0,1,2,0
4467,280.44,Germany,Crypto,2590,2025-10-09 08:12:02.144923,0,0,1,0
4468,172.35,USA,Credit Card,1269,2025-10-07 14:27:02.144923,0,6,0,0
4469,58.3,UK,Debit Card,5097,2025-10-15 13:52:02.144923,0,5,2,0
4470,485.3,Germany,Wire,3620,2025-09-08 16:55:02.144923,0,0,4,0
4471,888.87,USA,UPI,6226,2025-09-10 13:24:02.144923,0,6,3,0
4472,212.0,USA,UPI,6253,2025-09-25 23:43:02.144923,0,6,3,0
4473,62.93,UK,Crypto,9726,2025-10-07 16:05:02.144923,0,5,1,0
4474,228.71,India,Credit Card,3398,2025-09-07 19:38:02.144923,0,1,0,0
4475,440.65,Japan,Credit Card,8195,2025-09-12 00:48:02.144923,0,2,0,0
4476,415.33,USA,UPI,5632,2025-10-14 18:34:02.144923,0,6,3,0
4477,504.1,Japan,Crypto,8232,2025-10-02 05:25:02.144923,0,2,1,0
4478,680.33,Japan,Crypto,9655,2025-09-18 14:36:02.144923,0,2,1,0
4479,494.61,UK,Wire,1022,2025-10-17 09:22:02.144923,0,5,4,0
4480,923.55,India,Wire,9880,2025-09-11 03:18:02.144923,0,1,4,0
4481,215.71,UK,Wire,2286,2025-10-11 21:28:02.144923,0,5,4,0
4482,401.54,USA,Debit Card,4860,2025-09-25 18:54:02.144923,0,6,2,0
4483,762.53,India,Crypto,1736,2025-10-06 12:48:02.144923,0,1,1,0
4484,617.0,Germany,Crypto,7884,2025-09-20 12:02:02.144923,0,0,1,0
4485,1598.54,India,Wire,3377,2025-09-27 20:41:02.144923,0,1,4,0
4486,224.22,UK,UPI,9387,2025-10-05 08:45:02.144923,0,5,3,0
4487,772.36,UK,Wire,6628,2025-09-28 15:27:02.144923,0,5,4,0
4488,293.53,Japan,Debit Card,3115,2025-10-18 03:18:02.144923,0,2,2,0
4489,266.15,Germany,UPI,6392,2025-10-10 03:20:02.144923,0,0,3,0
4490,1048.62,India,Crypto,6418,2025-10-10 06:27:02.144923,0,1,1,0
4491,490.31,Germany,Debit Card,3918,2025-09-20 14:49:02.144923,0,0,2,0
4492,609.27,Japan,Debit Card,9023,2025-10-02 14:03:02.144923,0,2,2,0
4493,313.3,Germany,UPI,9376,2025-09-16 16:18:02.144923,0,0,3,0
4494,328.98,Germany,Wire,2212,2025-09-10 14:32:02.144923,0,0,4,0
4495,112.14,India,Wire,7224,2025-10-16 23:22:02.144923,0,1,4,0
4496,573.89,Germany,Credit Card,9689,2025-10-08 19:47:02.144923,0,0,0,0
4497,196.53,Japan,UPI,2565,2025-09-09 23:45:02.144923,0,2,3,0
4498,447.1,USA,Wire,9409,2025-10-17 03:35:02.144923,0,6,4,0
4499,922.86,USA,Debit Card,5620,2025-09-20 11:27:02.144923,0,6,2,0
4500,80.26,UK,Wire,7612,2025-09-17 05:37:02.144923,0,5,4,0
4501,2785.51,USA,Wire,8539,2025-10-01 03:26:02.144923,0,6,4,1
4502,261.34,India,Debit Card,2505,2025-09-28 00:01:02.144923,0,1,2,0
4503,457.28,UK,UPI,7322,2025-10-18 02:04:02.144923,0,5,3,0
4504,608.71,USA,Credit Card,9988,2025-10-14 06:46:02.144923,0,6,0,0
4505,253.64,USA,Wire,5956,2025-10-15 10:53:02.144923,0,6,4,0
4506,338.94,UK,Wire,7765,2025-10-06 05:01:02.144923,0,5,4,0
4507,1072.07,India,Wire,3251,2025-10-05 18:33:02.144923,0,1,4,0
4508,854.24,UK,UPI,7670,2025-10-13 09:53:02.144923,0,5,3,0
4509,408.4,India,Debit Card,8089,2025-09-29 07:27:02.144923,0,1,2,0
4510,499.29,India,Debit Card,5961,2025-09-16 08:49:02.144923,0,1,2,0
4511,556.2,Japan,Debit Card,4184,2025-10-01 04:32:02.144923,0,2,2,0
4512,748.44,USA,Debit Card,6748,2025-10-05 23:50:02.144923,0,6,2,0
4513,787.0,USA,Debit Card,9531,2025-10-06 11:22:02.144923,0,6,2,0
4514,772.33,Germany,Debit Card,5925,2025-09-15 01:57:02.144923,0,0,2,0
4515,357.42,UK,Wire,1488,2025-09-10 16:08:02.144923,0,5,4,0
4516,542.88,Japan,Wire,9982,2025-09-17 07:46:02.144923,0,2,4,0
4517,994.81,USA,Debit Card,8265,2025-09-23 14:17:02.144923,0,6,2,0
4518,1933.87,Germany,Debit Card,6371,2025-09-25 22:07:02.144923,0,0,2,0
4519,531.49,Japan,UPI,2186,2025-09-07 19:53:02.144923,0,2,3,0
4520,318.56,India,UPI,6277,2025-09-10 19:26:02.144923,0,1,3,0
4521,249.39,USA,Crypto,7722,2025-10-15 09:17:02.144923,0,6,1,0
4522,776.59,UK,Wire,5407,2025-09-19 09:37:02.144923,0,5,4,0
4523,106.58,Japan,Debit Card,7433,2025-09-23 19:33:02.144923,0,2,2,0
4524,782.15,Germany,Wire,8941,2025-09-26 13:54:02.144923,0,0,4,0
4525,791.9,UK,Crypto,4269,2025-10-06 13:06:02.144923,0,5,1,0
4526,328.33,India,UPI,2706,2025-10-08 09:35:02.144923,0,1,3,0
4527,598.78,UK,Crypto,4599,2025-09-14 05:18:02.144923,0,5,1,0
4528,419.29,Germany,Credit Card,1702,2025-10-02 04:14:02.144923,0,0,0,0
4529,141.09,India,UPI,6656,2025-10-04 15:13:02.144923,0,1,3,0
4530,741.98,Germany,Wire,2273,2025-09-25 06:07:02.144923,0,0,4,0
4531,695.05,USA,UPI,1538,2025-10-14 10:30:02.144923,0,6,3,0
4532,350.46,Germany,Crypto,5212,2025-10-07 20:09:02.144923,0,0,1,0
4533,1914.14,UK,Debit Card,3939,2025-09-12 02:57:02.144923,0,5,2,0
4534,502.48,USA,Crypto,1485,2025-10-16 15:54:02.144923,0,6,1,0
4535,71.44,USA,Crypto,2386,2025-10-04 21:19:02.144923,0,6,1,0
4536,1030.7,Japan,Debit Card,2049,2025-09-29 03:44:02.144923,0,2,2,0
4537,871.66,UK,Wire,1783,2025-10-09 21:59:02.144923,0,5,4,0
4538,944.15,UK,Wire,3924,2025-09-12 13:35:02.144923,0,5,4,0
4539,206.87,India,UPI,9811,2025-09-14 01:09:02.144923,0,1,3,0
4540,4670.228398029322,Germany,Crypto,9997,2025-09-11 04:37:02.144923,1,0,1,1
4541,496.0,Vietnam,UPI,9994,2025-10-09 18:56:02.144923,1,8,3,1
4542,435.64,UK,Debit Card,6612,2025-10-04 06:31:02.144923,0,5,2,0
4543,1218.26,Germany,Credit Card,9061,2025-09-13 15:15:02.144923,0,0,0,0
4544,507.78,UK,Wire,8289,2025-10-18 15:20:02.144923,0,5,4,0
4545,360.58,USA,Debit Card,4532,2025-09-09 21:59:02.144923,0,6,2,0
4546,357.63,Germany,Wire,9024,2025-09-15 14:57:02.144923,0,0,4,0
4547,192.37,Germany,UPI,5524,2025-09-11 22:35:02.144923,0,0,3,0
4548,545.85,UK,Credit Card,2804,2025-10-01 09:47:02.144923,0,5,0,0
4549,1281.56,UK,Crypto,7395,2025-09-18 00:39:02.144923,0,5,1,0
4550,384.99,India,Wire,9303,2025-09-26 07:30:02.144923,0,1,4,0
4551,611.5,Germany,Crypto,8830,2025-10-14 01:16:02.144923,0,0,1,0
4552,430.25,Japan,UPI,1969,2025-09-29 13:50:02.144923,0,2,3,0
4553,467.3,UK,Wire,2633,2025-09-13 02:46:02.144923,0,5,4,0
4554,898.98,Japan,UPI,9551,2025-10-16 14:20:02.144923,0,2,3,0
4555,190.0,USA,Crypto,5862,2025-10-16 17:03:02.144923,0,6,1,0
4556,118.43,USA,UPI,1918,2025-10-04 22:27:02.144923,0,6,3,0
4557,1031.77,Japan,UPI,1167,2025-10-08 08:10:02.144923,0,2,3,0
4558,320.92,USA,UPI,4321,2025-09-12 11:29:02.144923,0,6,3,0
4559,364.1,Japan,Debit Card,7189,2025-09-15 17:56:02.144923,0,2,2,0
4560,2185.91,India,Debit Card,6137,2025-10-03 02:45:02.144923,0,1,2,0
4561,867.85,India,Wire,5974,2025-09-16 00:01:02.144923,0,1,4,0
4562,234.41,USA,UPI,9949,2025-09-07 20:13:02.144923,0,6,3,0
4563,1081.39,Japan,UPI,5783,2025-10-10 01:50:02.144923,0,2,3,0
4564,882.01,Japan,UPI,5493,2025-09-08 11:17:02.144923,0,2,3,0
4565,6.92,Japan,Debit Card,2973,2025-09-10 06:00:02.144923,0,2,2,0
4566,561.07,USA,Crypto,1097,2025-09-21 17:21:02.144923,0,6,1,0
4567,199.07,Japan,UPI,4076,2025-09-09 15:15:02.144923,0,2,3,0
4568,466.55,UK,Credit Card,3206,2025-10-01 05:18:02.144923,0,5,0,0
4569,1937.9,Japan,Wire,9130,2025-09-11 17:13:02.144923,0,2,4,1
4570,925.53,UK,Debit Card,1086,2025-09-19 21:49:02.144923,0,5,2,0
4571,1012.85,India,Crypto,7315,2025-09-30 21:16:02.144923,0,1,1,0
4572,430.94,UK,Credit Card,4647,2025-10-06 19:32:02.144923,0,5,0,0
4573,1016.06,India,UPI,4677,2025-09-29 17:17:02.144923,0,1,3,0
4574,873.3958346073942,USA,Debit Card,9997,2025-09-29 10:23:02.144923,1,6,2,0
4575,555.73,India,UPI,8645,2025-09-08 00:12:02.144923,0,1,3,0
4576,896.13,India,Wire,9326,2025-09-07 05:54:02.144923,0,1,4,0
4577,877.17,Japan,Debit Card,7212,2025-09-19 10:48:02.144923,0,2,2,0
4578,126.39,Germany,Credit Card,7960,2025-09-29 03:55:02.144923,0,0,0,0
4579,1665.91,India,Crypto,4789,2025-09-18 15:00:02.144923,0,1,1,0
4580,225.55,UK,Crypto,9926,2025-09-15 12:56:02.144923,0,5,1,0
4581,2442.25,USA,Wire,2133,2025-09-10 15:49:02.144923,0,6,4,1
4582,914.78,UK,Crypto,4098,2025-10-07 02:34:02.144923,0,5,1,0
4583,860.96,USA,Crypto,4471,2025-09-19 09:07:02.144923,0,6,1,0
4584,243.64,UK,Wire,6439,2025-09-09 19:22:02.144923,0,5,4,0
4585,332.36,India,Credit Card,4265,2025-10-13 22:27:02.144923,0,1,0,0
4586,1577.68,Germany,Debit Card,2968,2025-10-05 16:18:02.144923,0,0,2,0
4587,1443.21,India,Debit Card,8513,2025-10-09 00:49:02.144923,0,1,2,0
4588,440.53,Japan,Wire,4144,2025-09-07 14:14:02.144923,0,2,4,0
4589,411.53,UK,UPI,8091,2025-10-15 12:10:02.144923,0,5,3,0
4590,3860.237360260402,Germany,Wire,9995,2025-10-01 20:15:02.144923,1,0,4,1
4591,1086.44,UK,Wire,8812,2025-10-16 09:19:02.144923,0,5,4,0
4592,1015.27,Japan,Wire,2187,2025-09-17 07:06:02.144923,0,2,4,0
4593,665.92,Japan,Wire,1006,2025-09-28 02:22:02.144923,0,2,4,0
4594,559.86,Japan,Crypto,3108,2025-09-24 17:52:02.144923,0,2,1,0
4595,436.56,India,Crypto,6020,2025-10-04 00:17:02.144923,0,1,1,0
4596,2316.52,India,Credit Card,1935,2025-09-15 05:09:02.144923,0,1,0,1
4597,141.5,Germany,Wire,8198,2025-09-21 05:11:02.144923,0,0,4,0
4598,367.92,Japan,Debit Card,9751,2025-09-20 08:23:02.144923,0,2,2,0
4599,632.67,India,UPI,6637,2025-10-12 03:44:02.144923,0,1,3,0
4600,113.96,USA,Crypto,9637,2025-10-09 09:23:02.144923,0,6,1,0
4601,313.89,USA,Debit Card,2308,2025-10-12 17:37:02.144923,0,6,2,0
4602,1921.47,India,Crypto,2416,2025-10-17 00:35:02.144923,0,1,1,0
4603,968.99,Germany,Credit Card,6045,2025-09-08 15:41:02.144923,0,0,0,0
4604,311.75,UK,UPI,2905,2025-09-12 15:20:02.144923,0,5,3,0
4605,303.78,Japan,Crypto,9521,2025-10-01 09:38:02.144923,0,2,1,0
4606,142.6,India,UPI,8300,2025-10-05 18:32:02.144923,0,1,3,0
4607,349.46,Germany,UPI,8782,2025-10-12 23:40:02.144923,0,0,3,0
4608,754.15,UK,Debit Card,7102,2025-09-08 01:30:02.144923,0,5,2,0
4609,663.45,Germany,Crypto,4397,2025-10-09 12:06:02.144923,0,0,1,0
4610,364.9,UK,UPI,4678,2025-09-09 19:12:02.144923,0,5,3,0
4611,222.58,USA,Wire,7030,2025-09-24 05:37:02.144923,0,6,4,0
4612,431.97,UK,UPI,4002,2025-09-07 13:50:02.144923,0,5,3,0
4613,424.44,USA,UPI,7622,2025-09-28 07:13:02.144923,0,6,3,0
4614,883.7,Japan,Crypto,3565,2025-10-08 05:01:02.144923,0,2,1,0
4615,594.78,India,Wire,3583,2025-10-02 14:44:02.144923,0,1,4,0
4616,536.74,USA,UPI,6851,2025-09-15 01:41:02.144923,0,6,3,0
4617,1152.35,Germany,Crypto,8497,2025-09-23 09:33:02.144923,0,0,1,0
4618,1434.36,UK,Crypto,2814,2025-09-13 19:28:02.144923,0,5,1,0
4619,657.58,Germany,UPI,4918,2025-10-09 19:34:02.144923,0,0,3,0
4620,669.55,USA,Credit Card,7511,2025-09-26 05:03:02.144923,0,6,0,0
4621,455.98,Germany,Credit Card,4213,2025-09-26 22:10:02.144923,0,0,0,0
4622,240.75,UK,Debit Card,4887,2025-09-13 13:56:02.144923,0,5,2,0
4623,933.37,India,Credit Card,8757,2025-10-03 12:57:02.144923,0,1,0,0
4624,810.36,Germany,Credit Card,2222,2025-10-17 07:14:02.144923,0,0,0,0
4625,485.55,Japan,Crypto,6746,2025-10-10 08:02:02.144923,0,2,1,0
4626,596.15,UK,Crypto,4107,2025-09-10 12:53:02.144923,0,5,1,0
4627,1100.53,UK,UPI,3513,2025-09-23 23:46:02.144923,0,5,3,0
4628,1227.94,Japan,UPI,5852,2025-09-29 16:30:02.144923,0,2,3,0
4629,29.52,USA,Crypto,5976,2025-09-21 16:20:02.144923,0,6,1,0
4630,294.33,Japan,UPI,5983,2025-09-23 23:26:02.144923,0,2,3,0
4631,484.32,USA,Crypto,5138,2025-09-13 08:42:02.144923,0,6,1,0
4632,192.02,India,Credit Card,2320,2025-09-27 08:35:02.144923,0,1,0,0
4633,607.95,USA,UPI,3366,2025-10-03 01:41:02.144923,0,6,3,0
4634,307.83,India,Credit Card,5313,2025-09-23 07:57:02.144923,0,1,0,0
4635,623.24,India,Debit Card,3535,2025-09-15 19:01:02.144923,0,1,2,0
4636,315.83,Japan,UPI,7289,2025-10-14 00:01:02.144923,0,2,3,0
4637,327.33,India,Crypto,3375,2025-10-04 12:50:02.144923,0,1,1,0
4638,619.72,USA,Crypto,3613,2025-09-16 23:30:02.144923,0,6,1,0
4639,961.79,Germany,Debit Card,5385,2025-09-28 20:45:02.144923,0,0,2,0
4640,777.21,UK,Crypto,1224,2025-10-06 18:45:02.144923,0,5,1,0
4641,487.52,UK,Credit Card,8396,2025-10-12 03:05:02.144923,0,5,0,0
4642,78.97,USA,Crypto,3800,2025-10-01 10:32:02.144923,0,6,1,0
4643,320.67,Germany,Debit Card,2280,2025-09-18 20:56:02.144923,0,0,2,0
4644,291.69,India,Wire,1521,2025-09-27 16:42:02.144923,0,1,4,0
4645,845.41,USA,Wire,2618,2025-09-17 17:38:02.144923,0,6,4,0
4646,563.57,India,Credit Card,8806,2025-09-22 19:46:02.144923,0,1,0,0
4647,579.37,Japan,Wire,2601,2025-09-14 16:38:02.144923,0,2,4,0
4648,250.82,Germany,Crypto,3306,2025-09-18 19:50:02.144923,0,0,1,0
4649,1261.42,UK,Debit Card,8822,2025-10-01 22:07:02.144923,0,5,2,0
4650,576.43,USA,Credit Card,1942,2025-10-17 20:40:02.144923,0,6,0,0
4651,237.48,UK,Wire,4931,2025-10-08 06:59:02.144923,0,5,4,0
4652,253.04,India,Crypto,4749,2025-09-14 10:03:02.144923,0,1,1,0
4653,640.09,India,Crypto,9452,2025-10-10 15:41:02.144923,0,1,1,0
4654,229.43,Japan,UPI,9581,2025-09-07 03:39:02.144923,0,2,3,0
4655,294.94,India,UPI,5740,2025-09-18 09:37:02.144923,0,1,3,0
4656,183.26,India,Debit Card,1407,2025-09-09 03:08:02.144923,0,1,2,0
4657,840.54,UK,Credit Card,3043,2025-09-08 18:19:02.144923,0,5,0,0
4658,234.37,UK,Wire,6272,2025-10-13 22:23:02.144923,0,5,4,0
4659,1402.84,USA,Wire,9758,2025-10-08 08:35:02.144923,0,6,4,0
4660,699.37,USA,Crypto,6757,2025-09-21 00:49:02.144923,0,6,1,0
4661,182.57,India,Wire,2979,2025-09-09 22:21:02.144923,0,1,4,0
4662,772.16,Ukraine,Debit Card,9994,2025-09-22 04:37:02.144923,1,7,2,0
4663,1262.91,USA,UPI,4838,2025-09-14 04:14:02.144923,0,6,3,0
4664,471.26,India,Crypto,8140,2025-09-30 00:25:02.144923,0,1,1,0
4665,1363.18,Nigeria,Credit Card,9992,2025-09-12 02:41:02.144923,1,3,0,0
4666,708.99,Japan,Crypto,9292,2025-09-11 01:22:02.144923,0,2,1,0
4667,308.1,UK,Wire,5756,2025-09-19 10:30:02.144923,0,5,4,0
4668,1941.38,UK,Debit Card,7796,2025-10-05 15:09:02.144923,0,5,2,0
4669,138.6,Japan,Credit Card,1032,2025-10-12 12:55:02.144923,0,2,0,0
4670,385.45,UK,Crypto,5331,2025-10-02 17:36:02.144923,0,5,1,0
4671,487.53,USA,Wire,7890,2025-10-15 06:48:02.144923,0,6,4,0
4672,1728.98,UK,Crypto,9523,2025-09-12 12:31:02.144923,0,5,1,0
4673,854.32,Japan,Credit Card,4516,2025-09-15 19:07:02.144923,0,2,0,0
4674,755.43,India,Wire,5581,2025-10-16 08:27:02.144923,0,1,4,0
4675,268.88,India,UPI,5215,2025-10-07 04:45:02.144923,0,1,3,0
4676,457.44,India,Credit Card,1157,2025-10-09 19:51:02.144923,0,1,0,0
4677,314.3,Japan,UPI,5945,2025-10-14 00:30:02.144923,0,2,3,0
4678,737.38,Japan,UPI,4628,2025-09-08 23:09:02.144923,0,2,3,0
4679,1129.63,USA,Wire,4782,2025-10-13 21:53:02.144923,0,6,4,0
4680,2233.44,Japan,Crypto,4821,2025-09-15 20:15:02.144923,0,2,1,0
4681,344.69,India,Crypto,3688,2025-10-01 19:14:02.144923,0,1,1,0
4682,134.57,Japan,Debit Card,9884,2025-09-10 21:30:02.144923,0,2,2,0
4683,390.72,Germany,Credit Card,6044,2025-10-13 23:33:02.144923,0,0,0,0
4684,1025.75,UK,Credit Card,8846,2025-09-15 22:04:02.144923,0,5,0,0
4685,240.56,USA,Wire,6385,2025-09-10 19:31:02.144923,0,6,4,0
4686,501.19,India,Wire,3098,2025-09-21 00:07:02.144923,0,1,4,0
4687,762.32,India,Debit Card,3156,2025-09-08 22:23:02.144923,0,1,2,0
4688,350.56,Germany,Debit Card,6454,2025-09-11 16:42:02.144923,0,0,2,0
4689,595.23,USA,UPI,9325,2025-10-16 17:42:02.144923,0,6,3,0
4690,219.97,UK,Debit Card,4750,2025-09-10 03:21:02.144923,0,5,2,0
4691,1183.42,USA,Crypto,3127,2025-10-13 14:28:02.144923,0,6,1,0
4692,414.87,USA,UPI,3385,2025-10-04 12:11:02.144923,0,6,3,0
4693,582.39,India,Debit Card,6600,2025-09-15 06:26:02.144923,0,1,2,0
4694,82.96,Japan,Crypto,8031,2025-09-18 07:21:02.144923,0,2,1,0
4695,192.53,UK,Crypto,8456,2025-09-13 02:52:02.144923,0,5,1,0
4696,1002.28,USA,UPI,8762,2025-10-12 00:29:02.144923,0,6,3,0
4697,346.47,Germany,UPI,5197,2025-09-21 01:25:02.144923,0,0,3,0
4698,230.3,India,Crypto,5426,2025-09-14 02:00:02.144923,0,1,1,0
4699,123.54,Japan,Wire,3278,2025-09-23 20:24:02.144923,0,2,4,0
4700,1168.28,Japan,UPI,2474,2025-10-04 15:36:02.144923,0,2,3,0
4701,828.44,India,Credit Card,6989,2025-09-16 22:50:02.144923,0,1,0,0
4702,790.32,USA,Wire,8488,2025-09-13 23:36:02.144923,0,6,4,0
4703,1487.79,India,Credit Card,1415,2025-09-25 00:11:02.144923,0,1,0,1
4704,385.77,Japan,Debit Card,6507,2025-10-18 08:57:02.144923,0,2,2,0
4705,487.0601054612447,Japan,UPI,9990,2025-10-07 08:20:02.144923,1,2,3,0
4706,523.91,Germany,UPI,6782,2025-10-11 09:09:02.144923,0,0,3,0
4707,1678.62,Germany,Crypto,3378,2025-10-08 18:39:02.144923,0,0,1,0
4708,532.14,Japan,UPI,9853,2025-09-15 02:55:02.144923,0,2,3,0
4709,1109.63,Germany,Credit Card,8293,2025-10-13 14:51:02.144923,0,0,0,0
4710,141.7,Germany,Wire,1288,2025-09-07 05:08:02.144923,0,0,4,0
4711,264.08,Germany,Debit Card,3600,2025-09-20 03:58:02.144923,0,0,2,0
4712,961.33,Japan,Wire,2725,2025-09-22 20:08:02.144923,0,2,4,0
4713,573.54,USA,Credit Card,7053,2025-09-27 16:46:02.144923,0,6,0,0
4714,464.51,USA,Debit Card,9766,2025-10-06 16:15:02.144923,0,6,2,0
4715,1099.22,UK,Crypto,1716,2025-10-07 20:47:02.144923,0,5,1,0
4716,952.42,Germany,UPI,4412,2025-09-16 10:23:02.144923,0,0,3,0
4717,585.17,USA,UPI,6323,2025-09-15 18:50:02.144923,0,6,3,0
4718,30.14,UK,Crypto,3393,2025-09-16 03:15:02.144923,0,5,1,0
4719,507.1,India,Credit Card,5080,2025-09-11 03:08:02.144923,0,1,0,0
4720,693.31,Germany,Crypto,2012,2025-09-24 21:11:02.144923,0,0,1,0
4721,85.62,USA,Credit Card,7248,2025-09-17 17:59:02.144923,0,6,0,0
4722,676.38,USA,Debit Card,3360,2025-10-14 03:03:02.144923,0,6,2,0
4723,1133.4,USA,Wire,2946,2025-09-17 04:18:02.144923,0,6,4,0
4724,506.37,UK,Wire,4512,2025-10-12 00:44:02.144923,0,5,4,0
4725,206.89,India,Crypto,9118,2025-09-07 16:15:02.144923,0,1,1,0
4726,36.4,Germany,UPI,6599,2025-09-26 04:32:02.144923,0,0,3,0
4727,686.2,USA,Crypto,2351,2025-10-14 08:05:02.144923,0,6,1,0
4728,98.53,Japan,UPI,4075,2025-10-15 19:36:02.144923,0,2,3,0
4729,785.7,Germany,Crypto,4904,2025-09-11 15:21:02.144923,0,0,1,0
4730,1625.16,Japan,Crypto,8860,2025-10-16 23:15:02.144923,0,2,1,0
4731,275.04,UK,Wire,1527,2025-09-23 16:47:02.144923,0,5,4,0
4732,423.21,USA,UPI,6647,2025-10-04 11:06:02.144923,0,6,3,0
4733,1686.95,Germany,Wire,6160,2025-09-17 15:56:02.144923,0,0,4,0
4734,554.48,Germany,UPI,6485,2025-09-23 13:20:02.144923,0,0,3,0
4735,349.35,USA,Debit Card,4279,2025-09-29 05:16:02.144923,0,6,2,0
4736,1025.7,India,Debit Card,8410,2025-09-11 15:18:02.144923,0,1,2,0
4737,365.48,UK,Debit Card,7732,2025-09-14 07:08:02.144923,0,5,2,0
4738,259.1,USA,Credit Card,5016,2025-09-22 08:21:02.144923,0,6,0,0
4739,777.11,Germany,Wire,4936,2025-10-06 13:24:02.144923,0,0,4,0
4740,1082.79,India,Wire,2044,2025-10-08 11:24:02.144923,0,1,4,0
4741,257.45,Germany,Debit Card,4439,2025-10-09 09:33:02.144923,0,0,2,0
4742,589.58,Vietnam,Crypto,9990,2025-09-26 16:55:02.144923,1,8,1,1
4743,438.14,Germany,Wire,9507,2025-09-27 14:30:02.144923,0,0,4,0
4744,495.37,UK,UPI,2890,2025-09-10 11:45:02.144923,0,5,3,0
4745,208.81,USA,Wire,5221,2025-10-17 18:50:02.144923,0,6,4,0
4746,819.67,Germany,Wire,7978,2025-10-15 11:55:02.144923,0,0,4,0
4747,1398.97,Japan,UPI,9687,2025-09-25 23:14:02.144923,0,2,3,0
4748,252.2,Japan,Debit Card,5839,2025-09-20 18:55:02.144923,0,2,2,0
4749,819.19,USA,Debit Card,5795,2025-09-10 22:35:02.144923,0,6,2,0
4750,1009.43,Japan,UPI,3028,2025-10-15 14:59:02.144923,0,2,3,0
4751,586.34,USA,Wire,3907,2025-10-03 13:07:02.144923,0,6,4,0
4752,794.72,UK,Wire,4143,2025-09-08 16:44:02.144923,0,5,4,0
4753,279.0,USA,Debit Card,9919,2025-09-30 09:11:02.144923,0,6,2,0
4754,1346.52,India,Credit Card,6390,2025-10-01 02:02:02.144923,0,1,0,0
4755,1088.45,Japan,Debit Card,8574,2025-10-09 06:51:02.144923,0,2,2,0
4756,1173.99,Japan,UPI,2677,2025-10-15 10:33:02.144923,0,2,3,0
4757,176.53,Germany,Credit Card,3043,2025-10-12 05:15:02.144923,0,0,0,0
4758,724.32,India,Credit Card,8681,2025-10-14 06:09:02.144923,0,1,0,0
4759,297.34,Germany,UPI,4114,2025-09-26 03:11:02.144923,0,0,3,0
4760,1424.15,USA,Crypto,5166,2025-09-07 14:22:02.144923,0,6,1,0
4761,257.04,UK,Debit Card,5853,2025-10-03 03:27:02.144923,0,5,2,0
4762,604.17,Japan,Wire,9095,2025-09-26 03:01:02.144923,0,2,4,0
4763,59.28,UK,Debit Card,9298,2025-09-18 08:18:02.144923,0,5,2,0
4764,601.85,USA,UPI,7599,2025-10-05 06:08:02.144923,0,6,3,0
4765,178.56,USA,Wire,3341,2025-09-11 07:08:02.144923,0,6,4,0
4766,751.21,India,Crypto,7319,2025-09-23 01:42:02.144923,0,1,1,0
4767,448.53,Germany,UPI,2109,2025-10-18 05:15:02.144923,0,0,3,0
4768,374.43,Japan,Debit Card,2250,2025-10-09 10:08:02.144923,0,2,2,0
4769,1448.28,Japan,Credit Card,7472,2025-09-13 03:58:02.144923,0,2,0,0
4770,2030.36,UK,UPI,8408,2025-10-05 09:26:02.144923,0,5,3,0
4771,130.27,India,UPI,4073,2025-10-12 07:34:02.144923,0,1,3,0
4772,384.44,USA,Debit Card,6370,2025-09-17 05:55:02.144923,0,6,2,0
4773,912.3,India,Crypto,6545,2025-09-25 08:30:02.144923,0,1,1,0
4774,664.41,Japan,Debit Card,9272,2025-09-22 12:31:02.144923,0,2,2,0
4775,4113.679612394586,Germany,Debit Card,9991,2025-10-07 09:35:02.144923,1,0,2,1
4776,474.33,UK,Crypto,1261,2025-09-19 15:31:02.144923,0,5,1,0
4777,1119.39,USA,Crypto,6514,2025-09-30 05:38:02.144923,0,6,1,0
4778,584.74,USA,UPI,4319,2025-09-13 15:31:02.144923,0,6,3,0
4779,693.24,USA,Credit Card,9150,2025-09-09 05:49:02.144923,0,6,0,0
4780,178.77,Germany,Debit Card,4040,2025-10-03 13:01:02.144923,0,0,2,0
4781,540.77,Japan,Credit Card,5903,2025-09-30 13:12:02.144923,0,2,0,0
4782,919.21,Japan,Crypto,3662,2025-09-13 02:05:02.144923,0,2,1,0
4783,637.72,India,Crypto,7958,2025-10-17 06:26:02.144923,0,1,1,0
4784,559.15,India,Debit Card,7241,2025-10-06 12:01:02.144923,0,1,2,0
4785,724.94,Japan,UPI,6264,2025-10-11 07:43:02.144923,0,2,3,0
4786,582.27,USA,Debit Card,7937,2025-10-10 07:12:02.144923,0,6,2,0
4787,486.73,Germany,UPI,2972,2025-09-09 05:44:02.144923,0,0,3,0
4788,939.21,Japan,Wire,3174,2025-09-24 15:47:02.144923,0,2,4,0
4789,460.86,Germany,UPI,2327,2025-10-10 09:56:02.144923,0,0,3,0
4790,168.0,UK,Debit Card,5890,2025-09-26 22:28:02.144923,0,5,2,0
4791,1404.77,USA,Debit Card,7722,2025-09-26 13:51:02.144923,0,6,2,0
4792,305.17,UK,UPI,8314,2025-10-04 19:21:02.144923,0,5,3,0
4793,123.46,Japan,Credit Card,8248,2025-10-18 02:41:02.144923,0,2,0,0
4794,790.13,India,UPI,7726,2025-09-11 22:34:02.144923,0,1,3,0
4795,1525.51,Japan,Wire,1547,2025-10-04 07:13:02.144923,0,2,4,0
4796,803.56,UK,Wire,6729,2025-10-05 18:10:02.144923,0,5,4,0
4797,1272.52,Germany,Credit Card,6552,2025-10-13 05:26:02.144923,0,0,0,0
4798,232.1,Japan,Wire,4876,2025-09-16 23:08:02.144923,0,2,4,0
4799,170.37,India,Debit Card,6881,2025-10-13 04:09:02.144923,0,1,2,0
4800,383.3,UK,Credit Card,4791,2025-10-03 18:43:02.144923,0,5,0,0
4801,1063.42,Japan,Credit Card,3871,2025-10-08 19:20:02.144923,0,2,0,0
4802,753.11,UK,Credit Card,8542,2025-10-02 15:01:02.144923,0,5,0,0
4803,793.36,UK,UPI,1574,2025-09-11 08:48:02.144923,0,5,3,0
4804,558.9,USA,UPI,2101,2025-09-23 06:43:02.144923,0,6,3,0
4805,389.45,Vietnam,Credit Card,9997,2025-09-24 12:42:02.144923,1,8,0,1
4806,578.11,USA,Wire,2375,2025-10-15 21:11:02.144923,0,6,4,0
4807,448.31,UK,Debit Card,6234,2025-09-07 19:30:02.144923,0,5,2,0
4808,367.61,India,Debit Card,4948,2025-09-16 01:01:02.144923,0,1,2,0
4809,677.69,India,UPI,7874,2025-09-13 19:34:02.144923,0,1,3,0
4810,415.01,USA,Crypto,4804,2025-10-04 17:25:02.144923,0,6,1,0
4811,622.2,India,Credit Card,5464,2025-09-10 07:41:02.144923,0,1,0,0
4812,68.09,UK,Crypto,6845,2025-09-08 15:15:02.144923,0,5,1,0
4813,584.59,Japan,Debit Card,4731,2025-09-14 07:09:02.144923,0,2,2,0
4814,412.94,UK,UPI,8525,2025-09-14 20:11:02.144923,0,5,3,0
4815,1318.75,Japan,UPI,5397,2025-09-25 09:36:02.144923,0,2,3,0
4816,117.58,India,UPI,8887,2025-10-02 06:11:02.144923,0,1,3,0
4817,552.52,Germany,UPI,6790,2025-10-05 08:13:02.144923,0,0,3,0
4818,926.96,Germany,UPI,4750,2025-10-15 19:48:02.144923,0,0,3,0
4819,462.51,UK,Credit Card,4134,2025-10-12 14:21:02.144923,0,5,0,0
4820,401.74,UK,Crypto,2299,2025-09-19 10:55:02.144923,0,5,1,0
4821,924.75,India,Debit Card,5606,2025-09-20 23:47:02.144923,0,1,2,0
4822,739.95,Germany,Debit Card,1886,2025-10-18 14:09:02.144923,0,0,2,0
4823,780.14,Germany,UPI,3046,2025-09-11 21:46:02.144923,0,0,3,0
4824,368.21,UK,UPI,5890,2025-09-17 03:38:02.144923,0,5,3,0
4825,331.06,Germany,UPI,8002,2025-09-18 22:45:02.144923,0,0,3,0
4826,622.76,UK,Wire,7601,2025-10-02 10:46:02.144923,0,5,4,0
4827,978.48,USA,Debit Card,6967,2025-10-12 03:02:02.144923,0,6,2,0
4828,147.42,Germany,UPI,6527,2025-09-29 03:46:02.144923,0,0,3,0
4829,475.49,Japan,Crypto,8894,2025-09-19 17:11:02.144923,0,2,1,0
4830,343.62,India,Wire,6896,2025-10-07 12:06:02.144923,0,1,4,0
4831,520.59,UK,Credit Card,4457,2025-09-13 16:48:02.144923,0,5,0,0
4832,866.92,Germany,Wire,8557,2025-09-17 21:29:02.144923,0,0,4,0
4833,252.68,Germany,Wire,4298,2025-09-26 04:40:02.144923,0,0,4,0
4834,800.02,UK,Wire,8502,2025-09-24 20:17:02.144923,0,5,4,0
4835,378.47,Japan,Crypto,6276,2025-09-26 12:57:02.144923,0,2,1,0
4836,1085.66,Germany,Debit Card,2526,2025-10-14 16:22:02.144923,0,0,2,0
4837,266.02,USA,UPI,3150,2025-09-11 10:06:02.144923,0,6,3,0
4838,969.13,India,Crypto,3156,2025-09-08 13:35:02.144923,0,1,1,0
4839,163.65,UK,Crypto,3794,2025-10-15 17:50:02.144923,0,5,1,0
4840,592.41,Germany,UPI,5243,2025-09-08 02:11:02.144923,0,0,3,0
4841,811.93,India,Wire,7826,2025-09-16 17:26:02.144923,0,1,4,0
4842,272.31,UK,Credit Card,4042,2025-10-05 01:28:02.144923,0,5,0,0
4843,353.14,UK,Wire,7695,2025-09-23 03:02:02.144923,0,5,4,0
4844,524.89,UK,Wire,7892,2025-09-10 18:05:02.144923,0,5,4,0
4845,400.6,Japan,Debit Card,5091,2025-09-22 05:55:02.144923,0,2,2,0
4846,326.15,USA,Wire,4234,2025-10-11 13:55:02.144923,0,6,4,0
4847,934.46,UK,Credit Card,1435,2025-09-24 17:05:02.144923,0,5,0,0
4848,1161.39,Japan,Crypto,3372,2025-09-21 13:54:02.144923,0,2,1,0
4849,1115.49,UK,Wire,1111,2025-10-06 08:53:02.144923,0,5,4,0
4850,718.06,UK,Crypto,4034,2025-10-14 06:25:02.144923,0,5,1,0
4851,788.51,Japan,Debit Card,6574,2025-10-04 01:29:02.144923,0,2,2,0
4852,233.8,USA,Credit Card,6888,2025-10-02 23:07:02.144923,0,6,0,0
4853,488.59,India,UPI,9174,2025-10-18 15:41:02.144923,0,1,3,0
4854,557.98,Germany,UPI,6049,2025-10-17 11:15:02.144923,0,0,3,0
4855,639.37,UK,Debit Card,8360,2025-10-07 17:21:02.144923,0,5,2,0
4856,631.22,USA,Credit Card,1957,2025-10-01 05:35:02.144923,0,6,0,0
4857,525.89,Germany,Crypto,5831,2025-09-30 15:48:02.144923,0,0,1,0
4858,712.14,UK,Debit Card,5968,2025-10-06 05:52:02.144923,0,5,2,0
4859,610.91,Germany,Wire,9285,2025-09-29 15:53:02.144923,0,0,4,0
4860,609.89,Japan,Crypto,3766,2025-10-10 03:00:02.144923,0,2,1,0
4861,288.41,USA,Wire,7825,2025-09-27 05:47:02.144923,0,6,4,0
4862,187.23,USA,Wire,1667,2025-09-27 23:44:02.144923,0,6,4,0
4863,641.68,India,Crypto,8923,2025-10-13 04:00:02.144923,0,1,1,0
4864,365.91,India,Wire,1514,2025-09-17 09:59:02.144923,0,1,4,0
4865,300.08,Russia,UPI,9991,2025-10-07 19:03:02.144923,1,4,3,0
4866,826.58,Japan,Crypto,1811,2025-09-22 06:36:02.144923,0,2,1,0
4867,492.63,Germany,Debit Card,6707,2025-10-10 10:47:02.144923,0,0,2,0
4868,1276.38,UK,UPI,6849,2025-10-11 17:24:02.144923,0,5,3,0
4869,766.17,USA,Debit Card,7072,2025-09-21 13:42:02.144923,0,6,2,0
4870,273.21,Germany,Credit Card,2520,2025-10-02 13:45:02.144923,0,0,0,0
4871,833.69,Germany,Debit Card,6749,2025-10-12 11:56:02.144923,0,0,2,0
4872,688.21,Nigeria,Crypto,9992,2025-10-08 12:53:02.144923,1,3,1,0
4873,264.29,USA,Debit Card,3001,2025-10-04 08:58:02.144923,0,6,2,0
4874,330.44,India,Credit Card,6818,2025-09-15 18:04:02.144923,0,1,0,0
4875,5950.582973138141,India,Wire,9994,2025-09-23 02:03:02.144923,1,1,4,1
4876,92.63,USA,Crypto,4069,2025-09-26 01:31:02.144923,0,6,1,0
4877,56.39,Germany,UPI,1350,2025-10-03 23:33:02.144923,0,0,3,0
4878,584.9,UK,UPI,3305,2025-10-17 16:13:02.144923,0,5,3,0
4879,553.13,Germany,Debit Card,8208,2025-09-20 02:23:02.144923,0,0,2,0
4880,623.6,UK,UPI,7870,2025-09-07 11:30:02.144923,0,5,3,0
4881,554.31,USA,Credit Card,5791,2025-10-02 19:52:02.144923,0,6,0,0
4882,705.69,UK,UPI,2264,2025-10-05 13:22:02.144923,0,5,3,0
4883,1172.09,India,Debit Card,2557,2025-09-29 11:27:02.144923,0,1,2,0
4884,517.45,USA,UPI,5960,2025-10-09 03:46:02.144923,0,6,3,0
4885,135.59,Japan,Wire,7388,2025-10-17 17:49:02.144923,0,2,4,0
4886,80.26,UK,Wire,9977,2025-09-20 16:55:02.144923,0,5,4,0
4887,392.36,UK,UPI,7734,2025-09-17 22:06:02.144923,0,5,3,0
4888,400.58,Japan,Crypto,4906,2025-09-30 23:58:02.144923,0,2,1,0
4889,159.91,Japan,UPI,9057,2025-10-06 21:09:02.144923,0,2,3,0
4890,43.53,USA,Wire,4433,2025-09-12 09:36:02.144923,0,6,4,0
4891,369.56,Germany,Wire,1665,2025-09-09 07:02:02.144923,0,0,4,0
4892,1520.36,Japan,Credit Card,9752,2025-10-16 23:02:02.144923,0,2,0,0
4893,685.22,UK,Debit Card,4657,2025-09-16 11:35:02.144923,0,5,2,0
4894,643.01,Japan,Credit Card,5148,2025-10-10 06:18:02.144923,0,2,0,0
4895,451.9,USA,Crypto,7903,2025-10-01 20:39:02.144923,0,6,1,0
4896,391.83,USA,Debit Card,6299,2025-10-12 05:15:02.144923,0,6,2,0
4897,735.07,UK,UPI,2542,2025-09-12 09:36:02.144923,0,5,3,0
4898,178.95,UK,UPI,1717,2025-10-15 01:11:02.144923,0,5,3,0
4899,1784.43,UK,Crypto,4139,2025-10-06 01:22:02.144923,0,5,1,0
4900,192.08,Germany,Wire,3920,2025-10-03 03:30:02.144923,0,0,4,0
4901,782.36,UK,UPI,1654,2025-09-27 01:32:02.144923,0,5,3,0
4902,209.12,USA,Credit Card,7328,2025-09-29 20:38:02.144923,0,6,0,0
4903,564.68,USA,Wire,8890,2025-10-06 02:14:02.144923,0,6,4,0
4904,841.61,Japan,UPI,7733,2025-10-06 02:56:02.144923,0,2,3,0
4905,109.61,UK,Wire,4811,2025-10-04 11:47:02.144923,0,5,4,0
4906,230.83,Germany,Debit Card,2749,2025-09-30 03:16:02.144923,0,0,2,0
4907,244.83,India,UPI,6817,2025-10-09 05:09:02.144923,0,1,3,0
4908,418.5,Japan,UPI,7111,2025-10-01 00:36:02.144923,0,2,3,0
4909,617.38,Germany,Wire,2081,2025-10-08 12:51:02.144923,0,0,4,0
4910,1540.77,UK,Debit Card,7774,2025-10-09 10:34:02.144923,0,5,2,0
4911,328.01,Germany,Credit Card,6363,2025-10-06 14:54:02.144923,0,0,0,0
4912,1476.35,India,Debit Card,4201,2025-10-06 01:33:02.144923,0,1,2,0
4913,668.07,Germany,Credit Card,7998,2025-09-27 10:45:02.144923,0,0,0,0
4914,185.96,India,Crypto,6331,2025-09-14 03:25:02.144923,0,1,1,0
4915,453.54,India,Debit Card,1290,2025-10-01 11:36:02.144923,0,1,2,0
4916,138.01,India,Credit Card,7960,2025-09-27 11:09:02.144923,0,1,0,0
4917,392.54,Germany,Wire,6738,2025-09-08 03:14:02.144923,0,0,4,0
4918,371.11,UK,Credit Card,4423,2025-09-12 16:33:02.144923,0,5,0,0
4919,571.63,USA,Crypto,4499,2025-09-14 13:02:02.144923,0,6,1,0
4920,784.21,USA,Credit Card,9173,2025-10-03 22:53:02.144923,0,6,0,0
4921,481.35,Germany,Debit Card,8804,2025-10-13 00:39:02.144923,0,0,2,0
4922,206.55,UK,Credit Card,6568,2025-09-13 11:31:02.144923,0,5,0,0
4923,1272.78,USA,Debit Card,1843,2025-10-10 10:57:02.144923,0,6,2,0
4924,1606.33,India,Crypto,1913,2025-09-13 02:25:02.144923,0,1,1,0
4925,445.79,Germany,Credit Card,5439,2025-10-09 17:45:02.144923,0,0,0,0
4926,646.98,Germany,Credit Card,6667,2025-10-10 18:12:02.144923,0,0,0,0
4927,426.8,Japan,Crypto,8896,2025-09-19 14:32:02.144923,0,2,1,0
4928,575.05,Japan,Credit Card,4990,2025-10-07 01:22:02.144923,0,2,0,0
4929,597.8,Japan,Debit Card,2200,2025-10-10 03:38:02.144923,0,2,2,0
4930,162.4,UK,UPI,8389,2025-09-27 18:51:02.144923,0,5,3,0
4931,398.46,Germany,UPI,2648,2025-10-10 01:43:02.144923,0,0,3,0
4932,1027.36,Japan,Debit Card,1121,2025-10-14 12:50:02.144923,0,2,2,0
4933,967.37,Germany,Credit Card,5370,2025-10-01 01:59:02.144923,0,0,0,0
4934,392.62,India,Debit Card,4815,2025-09-30 11:59:02.144923,0,1,2,0
4935,606.19,Japan,Crypto,5407,2025-09-27 09:41:02.144923,0,2,1,0
4936,416.63,Germany,Debit Card,2352,2025-10-06 13:47:02.144923,0,0,2,0
4937,805.41,UK,UPI,6222,2025-09-24 23:17:02.144923,0,5,3,0
4938,108.58,UK,Wire,1687,2025-09-29 14:54:02.144923,0,5,4,0
4939,736.49,UK,Crypto,1855,2025-09-07 15:52:02.144923,0,5,1,0
4940,1329.75,Japan,Credit Card,5436,2025-10-16 15:26:02.144923,0,2,0,0
4941,285.73,UK,Debit Card,1021,2025-10-09 10:31:02.144923,0,5,2,0
4942,1211.3,USA,Crypto,8317,2025-09-19 07:23:02.144923,0,6,1,0
4943,628.59,India,UPI,3004,2025-10-09 00:57:02.144923,0,1,3,0
4944,480.42,Germany,Credit Card,7712,2025-09-08 12:56:02.144923,0,0,0,0
4945,390.19,USA,Debit Card,7813,2025-10-17 01:14:02.144923,0,6,2,0
4946,1239.78,Japan,Debit Card,1969,2025-10-09 18:15:02.144923,0,2,2,0
4947,417.7,Germany,Credit Card,4778,2025-09-08 01:39:02.144923,0,0,0,0
4948,1463.12,Germany,Wire,8334,2025-09-10 08:51:02.144923,0,0,4,0
4949,1353.35,UK,Wire,9536,2025-09-27 16:58:02.144923,0,5,4,0
4950,346.71,Germany,Crypto,6580,2025-09-13 01:50:02.144923,0,0,1,0
4951,442.46,Germany,Debit Card,9077,2025-10-09 02:20:02.144923,0,0,2,0
4952,75.2,India,Crypto,4331,2025-09-29 07:45:02.144923,0,1,1,0
4953,492.56,Japan,Credit Card,5295,2025-10-15 09:06:02.144923,0,2,0,0
4954,540.4,USA,Crypto,7148,2025-09-24 21:52:02.144923,0,6,1,0
4955,1101.99,UK,Debit Card,7443,2025-10-10 08:55:02.144923,0,5,2,0
4956,1402.01,India,Wire,4307,2025-09-17 03:47:02.144923,0,1,4,0
4957,858.88,USA,Wire,6866,2025-10-17 01:50:02.144923,0,6,4,0
4958,1041.6,USA,Credit Card,1539,2025-10-10 18:12:02.144923,0,6,0,1
4959,442.19,India,UPI,6271,2025-10-16 08:38:02.144923,0,1,3,0
4960,172.68,UK,Crypto,8172,2025-09-10 04:12:02.144923,0,5,1,0
4961,627.74,Japan,Credit Card,2488,2025-09-11 00:13:02.144923,0,2,0,0
4962,1089.49,India,Wire,1285,2025-09-21 00:51:02.144923,0,1,4,0
4963,21.28,India,Debit Card,6733,2025-09-15 05:15:02.144923,0,1,2,0
4964,559.88,India,Debit Card,7482,2025-10-13 12:21:02.144923,0,1,2,0
4965,88.23,UK,UPI,2237,2025-09-11 11:04:02.144923,0,5,3,0
4966,266.01,India,UPI,1112,2025-09-12 23:20:02.144923,0,1,3,0
4967,576.67,India,Wire,5433,2025-10-06 08:28:02.144923,0,1,4,0
4968,1417.18,Germany,UPI,9281,2025-09-12 09:24:02.144923,0,0,3,0
4969,518.54,Germany,UPI,7926,2025-10-11 11:31:02.144923,0,0,3,0
4970,820.19,Germany,Debit Card,2053,2025-09-12 00:24:02.144923,0,0,2,0
4971,623.28,Germany,Crypto,2563,2025-09-24 16:55:02.144923,0,0,1,0
4972,280.32,India,Debit Card,9548,2025-09-13 16:32:02.144923,0,1,2,0
4973,714.39,Germany,Debit Card,4726,2025-09-29 18:15:02.144923,0,0,2,0
4974,168.13,USA,Wire,7689,2025-10-15 03:10:02.144923,0,6,4,0
4975,512.9,Japan,Wire,5554,2025-09-17 06:39:02.144923,0,2,4,0
4976,1224.13,Germany,Crypto,9662,2025-09-09 20:05:02.144923,0,0,1,0
4977,588.71,UK,Credit Card,3914,2025-10-05 09:15:02.144923,0,5,0,0
4978,623.48,Japan,UPI,3986,2025-09-21 12:01:02.144923,0,2,3,0
4979,392.08,USA,UPI,3620,2025-10-13 08:53:02.144923,0,6,3,0
4980,117.28,Japan,Debit Card,8169,2025-10-03 22:31:02.144923,0,2,2,0
4981,428.8,Japan,Debit Card,5403,2025-09-20 08:50:02.144923,0,2,2,0
4982,933.96,USA,Crypto,5659,2025-10-06 04:01:02.144923,0,6,1,0
4983,682.05,Germany,UPI,2038,2025-10-05 15:46:02.144923,0,0,3,0
4984,177.89,USA,Debit Card,7567,2025-09-10 06:20:02.144923,0,6,2,0
4985,82.99,UK,Debit Card,1054,2025-09-25 01:26:02.144923,0,5,2,0
4986,277.47,USA,Wire,9113,2025-10-17 12:04:02.144923,0,6,4,0
4987,432.23,India,Credit Card,8412,2025-09-29 20:55:02.144923,0,1,0,0
4988,456.79,India,Crypto,8125,2025-10-01 21:18:02.144923,0,1,1,0
4989,461.49,Japan,Credit Card,4467,2025-10-15 23:55:02.144923,0,2,0,0
4990,514.69,Germany,Credit Card,2494,2025-09-20 11:17:02.144923,0,0,0,0
4991,698.39,Germany,Crypto,5133,2025-09-12 04:29:02.144923,0,0,1,0
4992,370.88,India,UPI,4703,2025-09-11 05:02:02.144923,0,1,3,0
4993,226.94,UK,Debit Card,5865,2025-10-14 21:59:02.144923,0,5,2,0
4994,756.6,USA,Crypto,1182,2025-09-29 07:21:02.144923,0,6,1,0
4995,949.42,USA,Debit Card,2236,2025-10-12 17:47:02.144923,0,6,2,0
4996,324.25,USA,Wire,9812,2025-09-29 14:17:02.144923,0,6,4,0
4997,1792.45,UK,Credit Card,5127,2025-09-16 15:06:02.144923,0,5,0,1
4998,1367.16,UK,Wire,1234,2025-09-27 05:39:02.144923,0,5,4,1
4999,190.41,USA,Credit Card,1072,2025-09-29 02:09:02.144923,0,6,0,0
5000,90.31,USA,UPI,6767,2025-09-25 06:34:02.144923,0,6,3,0
5001,447.12,UK,Crypto,2789,2025-09-08 00:58:02.144923,0,5,1,0
5002,626.47,USA,UPI,9819,2025-09-14 20:05:02.144923,0,6,3,0
5003,1775.29,UK,Credit Card,9859,2025-09-17 03:28:02.144923,0,5,0,1
5004,1736.42,Japan,Wire,5023,2025-10-01 06:17:02.144923,0,2,4,0
5005,821.57,India,Credit Card,9785,2025-09-21 22:56:02.144923,0,1,0,0
5006,377.12,India,UPI,3260,2025-10-06 21:40:02.144923,0,1,3,0
5007,1134.59,UK,UPI,5262,2025-10-02 06:53:02.144923,0,5,3,0
5008,4696.849549090372,USA,Wire,9998,2025-09-30 11:01:02.144923,1,6,4,1
5009,153.04,India,Wire,7545,2025-09-23 16:35:02.144923,0,1,4,0
5010,158.98,Germany,UPI,7934,2025-09-20 12:47:02.144923,0,0,3,0
5011,379.19,USA,Credit Card,8456,2025-10-18 08:06:02.144923,0,6,0,0
5012,1009.43,UK,Credit Card,9370,2025-10-13 11:11:02.144923,0,5,0,0
5013,206.1,Germany,Crypto,7314,2025-09-18 13:59:02.144923,0,0,1,0
5014,378.51,UK,UPI,7117,2025-10-09 19:30:02.144923,0,5,3,0
5015,1359.28,USA,Crypto,3051,2025-09-17 13:52:02.144923,0,6,1,0
5016,681.2,Vietnam,UPI,9991,2025-09-25 01:39:02.144923,1,8,3,1
5017,739.67,Japan,Crypto,9386,2025-10-10 08:24:02.144923,0,2,1,0
5018,1034.51,Japan,Debit Card,3940,2025-09-07 19:02:02.144923,0,2,2,0
5019,384.88,USA,Credit Card,4628,2025-10-09 01:33:02.144923,0,6,0,0
5020,1420.99,USA,Credit Card,8634,2025-10-04 07:56:02.144923,0,6,0,0
5021,838.95,Germany,Debit Card,6463,2025-09-18 12:03:02.144923,0,0,2,0
5022,468.47,USA,Wire,4698,2025-09-28 01:30:02.144923,0,6,4,0
5023,1245.63,USA,Debit Card,2959,2025-10-08 23:09:02.144923,0,6,2,0
5024,813.18,Germany,Credit Card,2526,2025-10-03 15:56:02.144923,0,0,0,0
5025,505.48,Germany,UPI,8839,2025-10-04 07:30:02.144923,0,0,3,0
5026,755.33,UK,Crypto,7929,2025-09-09 11:27:02.144923,0,5,1,0
5027,246.26,India,Credit Card,4519,2025-09-22 18:14:02.144923,0,1,0,0
5028,1137.34,India,Debit Card,2695,2025-09-19 10:11:02.144923,0,1,2,0
5029,1755.55,UK,UPI,6896,2025-10-01 10:58:02.144923,0,5,3,0
5030,111.67,Japan,Credit Card,8990,2025-09-20 05:47:02.144923,0,2,0,0
5031,321.13,USA,Debit Card,7466,2025-10-04 02:41:02.144923,0,6,2,0
5032,298.73,Germany,Credit Card,1376,2025-09-17 18:27:02.144923,0,0,0,0
5033,876.18,Germany,Debit Card,1778,2025-09-29 08:44:02.144923,0,0,2,0
5034,602.72,Japan,Debit Card,6275,2025-10-04 13:42:02.144923,0,2,2,0
5035,363.29,Germany,Credit Card,4343,2025-10-13 18:51:02.144923,0,0,0,0
5036,409.98,Japan,UPI,6992,2025-09-19 05:45:02.144923,0,2,3,0
5037,336.19,UK,Credit Card,4595,2025-10-10 02:06:02.144923,0,5,0,0
5038,800.93,Japan,Credit Card,3499,2025-09-08 01:18:02.144923,0,2,0,0
5039,595.43,India,UPI,1586,2025-09-29 15:59:02.144923,0,1,3,0
5040,394.21,Japan,Credit Card,8489,2025-10-09 16:28:02.144923,0,2,0,0
5041,341.31,UK,Crypto,3999,2025-10-07 15:50:02.144923,0,5,1,0
5042,1260.29,Japan,Crypto,7744,2025-09-21 13:47:02.144923,0,2,1,0
5043,1117.78,UK,Crypto,9801,2025-09-10 23:09:02.144923,0,5,1,0
5044,807.51,India,Debit Card,9998,2025-09-16 03:02:02.144923,0,1,2,0
5045,1038.18,USA,Wire,3483,2025-09-24 05:44:02.144923,0,6,4,0
5046,154.6,UK,Credit Card,6795,2025-10-18 00:34:02.144923,0,5,0,0
5047,204.32,USA,Wire,8909,2025-10-15 03:39:02.144923,0,6,4,0
5048,183.78,UK,Crypto,3699,2025-09-23 14:16:02.144923,0,5,1,0
5049,517.46,Japan,UPI,8484,2025-09-12 13:56:02.144923,0,2,3,0
5050,1061.68,USA,Crypto,1108,2025-09-22 05:45:02.144923,0,6,1,0
5051,367.57,UK,Credit Card,9717,2025-09-24 18:59:02.144923,0,5,0,0
5052,1162.35,UK,Wire,2498,2025-09-26 17:11:02.144923,0,5,4,0
5053,320.55,USA,Wire,7097,2025-09-18 16:07:02.144923,0,6,4,0
5054,464.05,UK,Debit Card,2667,2025-09-17 21:49:02.144923,0,5,2,0
5055,364.13,USA,UPI,4184,2025-09-30 13:55:02.144923,0,6,3,0
5056,436.59,India,Crypto,8453,2025-09-15 22:54:02.144923,0,1,1,0
5057,474.83,Germany,UPI,5947,2025-09-27 07:42:02.144923,0,0,3,0
5058,87.19,India,Credit Card,9797,2025-09-13 12:37:02.144923,0,1,0,0
5059,667.56,USA,Debit Card,5917,2025-09-13 16:48:02.144923,0,6,2,0
5060,466.24,Japan,Crypto,8428,2025-09-30 19:56:02.144923,0,2,1,0
5061,1418.91,Japan,Credit Card,7861,2025-10-06 06:32:02.144923,0,2,0,0
5062,779.61,Germany,UPI,5402,2025-09-16 19:18:02.144923,0,0,3,0
5063,646.58,USA,Debit Card,2057,2025-09-28 11:40:02.144923,0,6,2,0
5064,1363.06,UK,Crypto,7312,2025-10-12 08:45:02.144923,0,5,1,0
5065,1271.99,India,UPI,2368,2025-09-27 07:04:02.144923,0,1,3,0
5066,1461.16,India,Crypto,9102,2025-10-14 04:13:02.144923,0,1,1,0
5067,337.36,Nigeria,Debit Card,9993,2025-09-14 13:06:02.144923,1,3,2,0
5068,179.4,Germany,Debit Card,5633,2025-10-18 07:23:02.144923,0,0,2,0
5069,87.73,Germany,UPI,4738,2025-10-12 03:01:02.144923,0,0,3,0
5070,1028.47,Germany,Crypto,4625,2025-09-25 08:45:02.144923,0,0,1,0
5071,72.0,Germany,Wire,6200,2025-10-11 20:39:02.144923,0,0,4,0
5072,602.01,Germany,Credit Card,3736,2025-09-17 07:34:02.144923,0,0,0,0
5073,122.24,UK,Debit Card,9896,2025-10-05 02:09:02.144923,0,5,2,0
5074,1132.41,UK,Crypto,9474,2025-09-11 05:13:02.144923,0,5,1,0
5075,736.09,India,UPI,4683,2025-09-08 09:51:02.144923,0,1,3,0
5076,1127.98,India,UPI,1970,2025-09-17 01:40:02.144923,0,1,3,0
5077,611.61,Germany,Debit Card,1488,2025-09-29 01:52:02.144923,0,0,2,0
5078,226.12,India,Debit Card,8461,2025-09-19 14:46:02.144923,0,1,2,0
5079,356.36,Germany,Wire,9361,2025-09-07 15:17:02.144923,0,0,4,0
5080,958.95,UK,UPI,8150,2025-10-12 16:33:02.144923,0,5,3,0
5081,110.73,Japan,Crypto,9757,2025-09-21 12:04:02.144923,0,2,1,0
5082,332.77,UK,Credit Card,8355,2025-09-22 08:09:02.144923,0,5,0,0
5083,294.34,USA,Credit Card,9576,2025-09-15 16:00:02.144923,0,6,0,0
5084,479.85,UK,Wire,4135,2025-09-16 04:10:02.144923,0,5,4,0
5085,798.2,USA,Crypto,5176,2025-09-13 00:02:02.144923,0,6,1,0
5086,1108.42,India,Credit Card,7923,2025-10-18 15:07:02.144923,0,1,0,0
5087,144.48,UK,Credit Card,4256,2025-10-08 09:42:02.144923,0,5,0,0
5088,240.52,Japan,Crypto,8512,2025-10-17 21:02:02.144923,0,2,1,0
5089,162.05,UK,Crypto,9429,2025-09-21 00:31:02.144923,0,5,1,0
5090,494.79,UK,Debit Card,8463,2025-10-05 13:38:02.144923,0,5,2,0
5091,182.18,UK,Credit Card,7442,2025-10-14 20:45:02.144923,0,5,0,0
5092,663.7,Germany,Credit Card,5832,2025-09-16 05:43:02.144923,0,0,0,0
5093,1212.1,UK,Wire,3576,2025-10-01 23:49:02.144923,0,5,4,0
5094,91.32,UK,Debit Card,3071,2025-09-29 21:11:02.144923,0,5,2,0
5095,248.17,Japan,Debit Card,9523,2025-10-15 02:47:02.144923,0,2,2,0
5096,1471.48,USA,Credit Card,4129,2025-10-18 00:09:02.144923,0,6,0,1
5097,589.74,USA,UPI,5284,2025-09-07 06:11:02.144923,0,6,3,0
5098,337.56,Japan,UPI,4535,2025-10-03 00:08:02.144923,0,2,3,0
5099,2521.18,India,Crypto,7365,2025-09-11 23:08:02.144923,0,1,1,0
5100,408.77,UK,Debit Card,1352,2025-09-24 03:24:02.144923,0,5,2,0
5101,775.97,India,Credit Card,4122,2025-09-22 02:01:02.144923,0,1,0,0
5102,258.02,Japan,Credit Card,6207,2025-09-29 18:51:02.144923,0,2,0,0
5103,218.68,India,Credit Card,3031,2025-10-13 18:54:02.144923,0,1,0,0
5104,808.82,USA,Wire,3926,2025-09-15 04:56:02.144923,0,6,4,0
5105,1560.75,Germany,UPI,6825,2025-10-06 22:31:02.144923,0,0,3,0
5106,350.05,India,Wire,5044,2025-10-09 05:26:02.144923,0,1,4,0
5107,203.88,Germany,Credit Card,8881,2025-09-09 16:11:02.144923,0,0,0,0
5108,1016.39,India,Credit Card,8591,2025-10-12 21:46:02.144923,0,1,0,0
5109,352.92,Japan,Debit Card,5620,2025-10-07 21:24:02.144923,0,2,2,0
5110,670.36,Germany,Debit Card,2170,2025-10-12 19:13:02.144923,0,0,2,0
5111,341.34,India,UPI,6640,2025-10-07 06:32:02.144923,0,1,3,0
5112,390.26,Japan,Crypto,5917,2025-10-17 07:27:02.144923,0,2,1,0
5113,239.35,USA,Credit Card,6245,2025-09-14 20:17:02.144923,0,6,0,0
5114,824.16,UK,Debit Card,8306,2025-09-24 07:06:02.144923,0,5,2,0
5115,684.93,Japan,UPI,6801,2025-09-20 16:28:02.144923,0,2,3,0
5116,667.63,Japan,Wire,7745,2025-09-17 15:42:02.144923,0,2,4,0
5117,282.18,USA,Credit Card,9263,2025-09-29 14:47:02.144923,0,6,0,0
5118,641.98,Germany,Crypto,3292,2025-10-15 17:46:02.144923,0,0,1,0
5119,1701.98,India,UPI,5674,2025-10-15 21:35:02.144923,0,1,3,0
5120,205.19,Germany,Crypto,1193,2025-10-08 06:58:02.144923,0,0,1,0
5121,259.68,Japan,Credit Card,9921,2025-09-15 09:28:02.144923,0,2,0,0
5122,272.34,India,UPI,9227,2025-09-11 19:54:02.144923,0,1,3,0
5123,552.06,UK,Debit Card,6197,2025-10-13 12:46:02.144923,0,5,2,0
5124,190.95,UK,Crypto,8188,2025-10-18 11:45:02.144923,0,5,1,0
5125,736.82,India,Wire,9436,2025-10-08 13:10:02.144923,0,1,4,0
5126,80.23,Japan,Wire,4466,2025-10-14 11:19:02.144923,0,2,4,0
5127,895.36,USA,Crypto,6212,2025-10-16 20:43:02.144923,0,6,1,0
5128,658.75,Germany,Credit Card,9120,2025-10-02 12:21:02.144923,0,0,0,0
5129,1676.22,Germany,Credit Card,6945,2025-10-14 16:06:02.144923,0,0,0,0
5130,214.27,USA,Credit Card,6495,2025-10-13 12:40:02.144923,0,6,0,0
5131,5835.004962636378,USA,Wire,9995,2025-09-22 14:41:02.144923,1,6,4,1
5132,467.35,UK,Wire,2781,2025-10-11 18:50:02.144923,0,5,4,0
5133,397.61,USA,Debit Card,1615,2025-09-17 19:43:02.144923,0,6,2,0
5134,204.68,India,Credit Card,5163,2025-09-14 07:30:02.144923,0,1,0,0
5135,345.51,UK,Wire,6274,2025-10-06 01:41:02.144923,0,5,4,0
5136,358.63,Japan,Wire,9645,2025-10-10 19:38:02.144923,0,2,4,0
5137,123.11,UK,Credit Card,2531,2025-09-26 23:19:02.144923,0,5,0,0
5138,653.67,UK,Credit Card,5561,2025-10-13 03:24:02.144923,0,5,0,0
5139,592.42,Germany,Wire,7571,2025-09-25 23:37:02.144923,0,0,4,0
5140,773.74,USA,Crypto,2775,2025-09-12 02:54:02.144923,0,6,1,0
5141,308.87,India,Wire,8136,2025-10-02 08:42:02.144923,0,1,4,0
5142,919.3,USA,Debit Card,4706,2025-10-06 00:13:02.144923,0,6,2,0
5143,1255.71,Germany,UPI,6155,2025-09-20 18:11:02.144923,0,0,3,0
5144,422.22,USA,Credit Card,8405,2025-09-21 20:41:02.144923,0,6,0,0
5145,218.35,India,Debit Card,6346,2025-09-28 08:01:02.144923,0,1,2,0
5146,530.65,USA,Crypto,1082,2025-09-15 13:07:02.144923,0,6,1,0
5147,512.13,Germany,UPI,7794,2025-09-29 09:41:02.144923,0,0,3,0
5148,439.93,India,Wire,5936,2025-10-17 15:01:02.144923,0,1,4,0
5149,775.02,USA,Credit Card,2107,2025-09-11 21:53:02.144923,0,6,0,0
5150,382.17,Germany,Wire,3074,2025-10-17 17:50:02.144923,0,0,4,0
5151,202.57,Germany,Debit Card,8737,2025-09-12 22:51:02.144923,0,0,2,0
5152,568.03,UK,Credit Card,5474,2025-10-16 12:32:02.144923,0,5,0,0
5153,801.83,Ukraine,Wire,9993,2025-10-06 02:00:02.144923,1,7,4,1
5154,849.0,India,Credit Card,1636,2025-10-02 12:13:02.144923,0,1,0,0
5155,362.07,USA,Debit Card,1799,2025-09-17 12:07:02.144923,0,6,2,0
5156,629.5,UK,Wire,5012,2025-09-10 00:18:02.144923,0,5,4,0
5157,1271.75,India,UPI,1282,2025-09-11 02:20:02.144923,0,1,3,0
5158,1065.47,Germany,Crypto,5309,2025-10-02 17:01:02.144923,0,0,1,0
5159,114.89,India,Wire,3046,2025-09-12 05:22:02.144923,0,1,4,0
5160,385.02,UK,Credit Card,7673,2025-09-22 08:12:02.144923,0,5,0,0
5161,1216.14,Japan,Wire,1854,2025-10-12 06:48:02.144923,0,2,4,0
5162,114.16,Germany,Credit Card,1616,2025-10-03 07:51:02.144923,0,0,0,0
5163,480.92,India,Debit Card,4230,2025-09-16 09:07:02.144923,0,1,2,0
5164,304.56,Germany,Crypto,3088,2025-10-17 17:25:02.144923,0,0,1,0
5165,639.48,USA,Credit Card,4873,2025-10-14 21:51:02.144923,0,6,0,0
5166,50.88,Germany,Wire,8672,2025-09-29 14:14:02.144923,0,0,4,0
5167,1138.18,India,Debit Card,5614,2025-09-20 07:37:02.144923,0,1,2,0
5168,499.13,USA,UPI,2044,2025-10-11 05:41:02.144923,0,6,3,0
5169,190.06,USA,Wire,1645,2025-09-12 22:41:02.144923,0,6,4,0
5170,268.96,USA,Crypto,1940,2025-09-11 07:57:02.144923,0,6,1,0
5171,655.85,Japan,Debit Card,1342,2025-09-25 11:42:02.144923,0,2,2,0
5172,250.8,Japan,Wire,2666,2025-10-07 19:37:02.144923,0,2,4,0
5173,1527.29,USA,Credit Card,3464,2025-09-07 11:14:02.144923,0,6,0,1
5174,455.07,India,Credit Card,1037,2025-10-06 07:44:02.144923,0,1,0,0
5175,1345.67,USA,Credit Card,5431,2025-09-11 11:18:02.144923,0,6,0,0
5176,568.76,USA,Wire,1250,2025-09-18 12:49:02.144923,0,6,4,0
5177,824.05,Germany,Crypto,6007,2025-09-30 12:31:02.144923,0,0,1,0
5178,789.46,Germany,Credit Card,8238,2025-09-30 01:07:02.144923,0,0,0,0
5179,337.64,Germany,Wire,1263,2025-09-11 11:36:02.144923,0,0,4,0
5180,831.32,UK,Wire,7527,2025-10-06 12:29:02.144923,0,5,4,0
5181,362.6,Germany,Crypto,6886,2025-10-08 00:23:02.144923,0,0,1,0
5182,102.79,Germany,Debit Card,6105,2025-10-12 19:26:02.144923,0,0,2,0
5183,423.93,India,Debit Card,2621,2025-09-24 13:10:02.144923,0,1,2,0
5184,164.75,Japan,Wire,2753,2025-09-14 06:33:02.144923,0,2,4,0
5185,352.32,Japan,Debit Card,9753,2025-10-08 13:57:02.144923,0,2,2,0
5186,486.59,Japan,UPI,4582,2025-10-12 08:04:02.144923,0,2,3,0
5187,224.49,UK,Crypto,2157,2025-10-07 08:52:02.144923,0,5,1,0
5188,749.1,USA,Wire,6508,2025-09-30 14:58:02.144923,0,6,4,0
5189,359.09,Germany,Debit Card,5156,2025-09-29 05:55:02.144923,0,0,2,0
5190,159.91,India,Debit Card,4835,2025-09-12 15:05:02.144923,0,1,2,0
5191,227.81,UK,Crypto,6861,2025-10-18 11:21:02.144923,0,5,1,0
5192,542.91,Japan,Credit Card,4103,2025-09-14 12:24:02.144923,0,2,0,0
5193,409.33,UK,Debit Card,5752,2025-09-23 01:46:02.144923,0,5,2,0
5194,621.91,India,Crypto,2045,2025-09-21 21:09:02.144923,0,1,1,0
5195,545.81,UK,Credit Card,9015,2025-10-04 15:42:02.144923,0,5,0,0
5196,208.83,Japan,Wire,3857,2025-10-01 17:40:02.144923,0,2,4,0
5197,298.34,USA,Credit Card,2102,2025-10-02 06:46:02.144923,0,6,0,0
5198,914.11,Japan,Debit Card,8303,2025-09-10 06:48:02.144923,0,2,2,0
5199,242.49,Russia,Wire,9993,2025-10-06 04:35:02.144923,1,4,4,0
5200,1366.96,Japan,Wire,7002,2025-09-25 00:38:02.144923,0,2,4,0
5201,127.05,UK,Credit Card,9578,2025-09-12 13:06:02.144923,0,5,0,0
5202,893.46,India,Wire,2612,2025-09-21 13:18:02.144923,0,1,4,0
5203,460.79,Japan,Credit Card,2565,2025-09-07 22:32:02.144923,0,2,0,0
5204,210.09,UK,Credit Card,4355,2025-09-07 07:26:02.144923,0,5,0,0
5205,531.46,India,Credit Card,3507,2025-10-12 11:47:02.144923,0,1,0,0
5206,249.7,USA,Crypto,3200,2025-10-03 21:26:02.144923,0,6,1,0
5207,315.04,Japan,Debit Card,5004,2025-09-21 15:52:02.144923,0,2,2,0
5208,366.28,Germany,Wire,6810,2025-09-18 20:43:02.144923,0,0,4,0
5209,844.92,UK,UPI,9998,2025-09-29 14:26:02.144923,0,5,3,0
5210,294.69,USA,Debit Card,4783,2025-10-12 09:50:02.144923,0,6,2,0
5211,594.44,USA,UPI,1640,2025-10-11 15:47:02.144923,0,6,3,0
5212,867.78,USA,Credit Card,6925,2025-10-15 21:43:02.144923,0,6,0,0
5213,520.56,UK,Wire,5086,2025-10-11 20:38:02.144923,0,5,4,0
5214,662.67,India,Debit Card,3099,2025-09-29 23:12:02.144923,0,1,2,0
5215,484.44,Germany,UPI,8867,2025-09-15 17:03:02.144923,0,0,3,0
5216,738.05,India,UPI,8898,2025-10-04 13:34:02.144923,0,1,3,0
5217,155.39,Japan,UPI,9433,2025-09-30 00:27:02.144923,0,2,3,0
5218,1286.13,Germany,Debit Card,6789,2025-10-13 10:15:02.144923,0,0,2,0
5219,278.91,India,Crypto,4749,2025-09-11 16:25:02.144923,0,1,1,0
5220,464.37,Japan,Credit Card,5746,2025-10-11 12:52:02.144923,0,2,0,0
5221,70.38,Germany,Wire,8195,2025-09-14 19:50:02.144923,0,0,4,0
5222,328.02,UK,UPI,2433,2025-10-15 06:48:02.144923,0,5,3,0
5223,612.78,Japan,Debit Card,7502,2025-09-10 17:22:02.144923,0,2,2,0
5224,1403.82,India,UPI,5277,2025-09-21 15:22:02.144923,0,1,3,0
5225,761.92,Germany,Debit Card,5887,2025-09-17 11:11:02.144923,0,0,2,0
5226,349.66,Japan,Crypto,9103,2025-10-17 10:43:02.144923,0,2,1,0
5227,116.16,Japan,UPI,6933,2025-10-11 08:32:02.144923,0,2,3,0
5228,1188.09,UK,UPI,8507,2025-10-15 01:46:02.144923,0,5,3,0
5229,336.12,Japan,Wire,5448,2025-09-12 02:16:02.144923,0,2,4,0
5230,611.52,Germany,Debit Card,9668,2025-09-24 01:32:02.144923,0,0,2,0
5231,350.45,USA,Debit Card,6328,2025-10-18 14:22:02.144923,0,6,2,0
5232,667.92,Germany,Crypto,6194,2025-10-08 17:38:02.144923,0,0,1,0
5233,1152.33,Germany,UPI,6350,2025-10-16 23:54:02.144923,0,0,3,0
5234,837.82,UK,Wire,6696,2025-09-25 10:22:02.144923,0,5,4,0
5235,403.3,UK,Credit Card,4657,2025-09-10 02:09:02.144923,0,5,0,0
5236,1207.15,Japan,Wire,1268,2025-10-06 02:21:02.144923,0,2,4,0
5237,1611.59,UK,Wire,3935,2025-10-10 07:35:02.144923,0,5,4,0
5238,990.22,Japan,Wire,1089,2025-09-08 11:09:02.144923,0,2,4,0
5239,359.38,USA,Wire,2925,2025-09-13 23:50:02.144923,0,6,4,0
5240,894.78,India,UPI,4247,2025-09-28 20:14:02.144923,0,1,3,0
5241,983.24,UK,Wire,2148,2025-09-16 06:40:02.144923,0,5,4,0
5242,409.41,UK,Debit Card,6297,2025-09-16 09:27:02.144923,0,5,2,0
5243,1611.44,USA,Debit Card,9196,2025-09-15 23:04:02.144923,0,6,2,0
5244,7034.06906702782,UK,Wire,9990,2025-09-30 05:57:02.144923,1,5,4,1
5245,426.23,USA,Debit Card,4061,2025-09-29 06:54:02.144923,0,6,2,0
5246,359.07,Japan,UPI,1430,2025-09-14 16:12:02.144923,0,2,3,0
5247,967.82,UK,Credit Card,9581,2025-09-09 18:41:02.144923,0,5,0,0
5248,8011.228684041724,UK,Wire,9992,2025-10-18 13:09:02.144923,1,5,4,1
5249,166.42,Japan,Debit Card,4542,2025-10-03 23:46:02.144923,0,2,2,0
5250,691.35,UK,Debit Card,2373,2025-09-29 15:20:02.144923,0,5,2,0
5251,883.48,Germany,UPI,5839,2025-09-29 22:57:02.144923,0,0,3,0
5252,1145.25,USA,UPI,5179,2025-09-24 15:00:02.144923,0,6,3,0
5253,889.65,India,Credit Card,1452,2025-09-24 18:38:02.144923,0,1,0,0
5254,339.84,Germany,Crypto,9514,2025-09-30 20:02:02.144923,0,0,1,0
5255,148.41,India,Crypto,5014,2025-10-13 23:52:02.144923,0,1,1,0
5256,392.06,Germany,Crypto,7049,2025-09-27 20:33:02.144923,0,0,1,0
5257,868.78,Germany,Credit Card,6658,2025-10-10 10:30:02.144923,0,0,0,0
5258,310.45,Germany,Wire,3550,2025-10-04 02:31:02.144923,0,0,4,0
5259,1268.03,USA,Crypto,9697,2025-09-29 17:52:02.144923,0,6,1,0
5260,452.86,India,Crypto,8028,2025-09-10 20:49:02.144923,0,1,1,0
5261,294.21,Japan,Debit Card,1495,2025-09-12 21:57:02.144923,0,2,2,0
5262,747.64,Japan,Debit Card,6036,2025-09-21 06:30:02.144923,0,2,2,0
5263,4024.283065781481,UK,Wire,9993,2025-09-08 19:22:02.144923,1,5,4,1
5264,351.14,USA,UPI,1385,2025-09-07 07:52:02.144923,0,6,3,0
5265,1751.01,USA,Credit Card,4614,2025-09-29 15:01:02.144923,0,6,0,1
5266,308.84,USA,Crypto,5771,2025-10-18 03:47:02.144923,0,6,1,0
5267,380.9,Germany,Credit Card,8280,2025-09-15 19:11:02.144923,0,0,0,0
5268,755.47,USA,Debit Card,2896,2025-10-04 04:17:02.144923,0,6,2,0
5269,1255.13,Japan,Credit Card,8008,2025-09-26 12:25:02.144923,0,2,0,0
5270,705.02,USA,Debit Card,4517,2025-10-09 17:22:02.144923,0,6,2,0
5271,541.12,Germany,Credit Card,1810,2025-09-20 06:57:02.144923,0,0,0,0
5272,1886.43,India,Debit Card,1882,2025-09-14 14:42:02.144923,0,1,2,0
5273,366.58,USA,Credit Card,4794,2025-09-08 12:14:02.144923,0,6,0,0
5274,368.06,India,Crypto,6307,2025-09-26 08:55:02.144923,0,1,1,0
5275,312.65,UK,Crypto,9121,2025-09-16 22:07:02.144923,0,5,1,0
5276,673.85,Germany,Wire,6229,2025-10-17 00:45:02.144923,0,0,4,0
5277,238.81,USA,Credit Card,3955,2025-09-12 12:41:02.144923,0,6,0,0
5278,187.11,UK,UPI,3953,2025-10-06 00:35:02.144923,0,5,3,0
5279,379.97,Ukraine,Wire,9996,2025-10-13 01:48:02.144923,1,7,4,0
5280,110.33,India,Credit Card,6742,2025-10-03 08:07:02.144923,0,1,0,0
5281,611.72,Japan,UPI,6184,2025-09-20 00:45:02.144923,0,2,3,0
5282,675.1,Japan,Crypto,2088,2025-10-10 15:17:02.144923,0,2,1,0
5283,760.46,Japan,Crypto,1316,2025-09-13 20:57:02.144923,0,2,1,0
5284,922.15,Japan,Crypto,7238,2025-09-17 09:52:02.144923,0,2,1,0
5285,388.71,Germany,UPI,8970,2025-09-25 09:52:02.144923,0,0,3,0
5286,1158.77,USA,Debit Card,1394,2025-10-12 05:37:02.144923,0,6,2,0
5287,1081.93,USA,Credit Card,6315,2025-09-23 19:20:02.144923,0,6,0,0
5288,209.94,Germany,Wire,2062,2025-09-25 09:01:02.144923,0,0,4,0
5289,485.59,India,Wire,3423,2025-10-01 06:06:02.144923,0,1,4,0
5290,40.48,USA,Crypto,5551,2025-10-07 23:08:02.144923,0,6,1,0
5291,1169.91,UK,Debit Card,5371,2025-09-23 18:35:02.144923,0,5,2,0
5292,910.87,USA,Credit Card,6674,2025-09-19 01:32:02.144923,0,6,0,0
5293,1353.44,Germany,Credit Card,4581,2025-09-09 02:08:02.144923,0,0,0,0
5294,126.0,India,Wire,7548,2025-10-06 14:33:02.144923,0,1,4,0
5295,719.29,USA,Wire,5258,2025-10-13 01:19:02.144923,0,6,4,0
5296,330.5,Germany,Wire,5895,2025-10-02 12:49:02.144923,0,0,4,0
5297,68.83,UK,Credit Card,7947,2025-09-23 18:00:02.144923,0,5,0,0
5298,1005.37,Japan,Wire,8784,2025-09-09 02:25:02.144923,0,2,4,0
5299,169.62,UK,Credit Card,8236,2025-09-27 13:49:02.144923,0,5,0,0
5300,653.92,UK,Crypto,6228,2025-10-15 05:55:02.144923,0,5,1,0
5301,327.38,India,Debit Card,2542,2025-09-14 15:51:02.144923,0,1,2,0
5302,573.93,USA,Wire,3899,2025-10-13 07:21:02.144923,0,6,4,0
5303,931.07,Japan,Credit Card,2478,2025-09-27 19:14:02.144923,0,2,0,0
5304,575.11,Germany,Crypto,9648,2025-10-07 05:09:02.144923,0,0,1,0
5305,234.66,Nigeria,UPI,9993,2025-09-19 06:55:02.144923,1,3,3,0
5306,1779.44,USA,Crypto,5051,2025-09-23 09:30:02.144923,0,6,1,0
5307,393.19,India,Debit Card,4576,2025-10-18 16:29:02.144923,0,1,2,0
5308,277.01,USA,Crypto,8835,2025-10-14 00:36:02.144923,0,6,1,0
5309,474.05,Germany,Wire,9095,2025-10-02 05:29:02.144923,0,0,4,0
5310,129.11,Japan,Wire,7653,2025-10-06 10:01:02.144923,0,2,4,0
5311,298.71,UK,UPI,3292,2025-09-29 12:09:02.144923,0,5,3,0
5312,412.44,USA,Credit Card,5879,2025-09-30 02:24:02.144923,0,6,0,0
5313,609.59,India,Crypto,8205,2025-10-01 13:04:02.144923,0,1,1,0
5314,525.08,India,UPI,2138,2025-10-05 12:28:02.144923,0,1,3,0
5315,720.66,Japan,Wire,3545,2025-10-07 07:21:02.144923,0,2,4,0
5316,488.92,UK,Credit Card,4190,2025-09-26 07:28:02.144923,0,5,0,0
5317,1073.51,Germany,Credit Card,9247,2025-09-14 05:37:02.144923,0,0,0,0
5318,810.7,UK,Debit Card,5519,2025-10-10 05:07:02.144923,0,5,2,0
5319,681.07,Japan,Wire,5977,2025-10-10 22:42:02.144923,0,2,4,0
5320,1194.83,UK,Credit Card,7704,2025-10-18 03:34:02.144923,0,5,0,0
5321,1194.74,Japan,Debit Card,7191,2025-09-24 13:46:02.144923,0,2,2,0
5322,554.2,UK,Debit Card,6765,2025-10-16 18:10:02.144923,0,5,2,0
5323,377.94,USA,Wire,9429,2025-09-27 20:30:02.144923,0,6,4,0
5324,593.18,India,Credit Card,4039,2025-09-22 09:55:02.144923,0,1,0,0
5325,457.29,Japan,Credit Card,9580,2025-10-10 10:02:02.144923,0,2,0,0
5326,365.98,Japan,Crypto,9876,2025-09-13 19:46:02.144923,0,2,1,0
5327,576.02,India,Credit Card,4983,2025-09-11 17:54:02.144923,0,1,0,0
5328,666.03,Germany,Debit Card,1186,2025-10-16 12:24:02.144923,0,0,2,0
5329,783.53,Japan,UPI,4428,2025-09-10 15:42:02.144923,0,2,3,0
5330,1323.58,USA,Wire,8758,2025-09-12 20:19:02.144923,0,6,4,0
5331,2311.8291030226687,UK,UPI,9998,2025-10-02 08:32:02.144923,1,5,3,1
5332,497.27,USA,Credit Card,4388,2025-10-06 09:05:02.144923,0,6,0,0
5333,988.4,Japan,Debit Card,6069,2025-10-14 10:41:02.144923,0,2,2,0
5334,255.75,Germany,UPI,3934,2025-09-30 23:19:02.144923,0,0,3,0
5335,111.61,Japan,Wire,5371,2025-10-07 00:33:02.144923,0,2,4,0
5336,712.21,Germany,Crypto,7934,2025-10-08 11:30:02.144923,0,0,1,0
5337,391.99,India,UPI,6987,2025-09-23 04:54:02.144923,0,1,3,0
5338,415.84,UK,Crypto,7859,2025-10-03 01:37:02.144923,0,5,1,0
5339,250.49,USA,Credit Card,4969,2025-09-19 14:36:02.144923,0,6,0,0
5340,1126.01,Germany,Credit Card,3751,2025-10-14 20:50:02.144923,0,0,0,0
5341,116.57,USA,Wire,9173,2025-10-14 09:26:02.144923,0,6,4,0
5342,763.57,India,Crypto,2575,2025-09-12 07:46:02.144923,0,1,1,0
5343,502.54,Japan,Crypto,7503,2025-09-17 07:59:02.144923,0,2,1,0
5344,1378.62,Germany,Wire,2259,2025-09-18 17:05:02.144923,0,0,4,0
5345,991.39,UK,UPI,2056,2025-09-23 14:43:02.144923,0,5,3,0
5346,194.26,Germany,Wire,6660,2025-09-22 18:27:02.144923,0,0,4,0
5347,811.22,Japan,Credit Card,9736,2025-10-16 04:22:02.144923,0,2,0,0
5348,697.59,Japan,Crypto,7243,2025-09-11 18:56:02.144923,0,2,1,0
5349,474.81,UK,Debit Card,7800,2025-09-07 01:46:02.144923,0,5,2,0
5350,767.58,UK,Debit Card,1329,2025-09-13 04:00:02.144923,0,5,2,0
5351,298.12,India,Credit Card,3169,2025-10-05 11:20:02.144923,0,1,0,0
5352,540.99,USA,Crypto,4006,2025-09-14 13:55:02.144923,0,6,1,0
5353,509.35,Germany,Crypto,6840,2025-09-30 06:13:02.144923,0,0,1,0
5354,261.99,India,Wire,8145,2025-09-27 03:09:02.144923,0,1,4,0
5355,392.73,USA,UPI,3523,2025-09-30 07:54:02.144923,0,6,3,0
5356,341.4,India,Wire,5222,2025-10-03 17:25:02.144923,0,1,4,0
5357,665.68,UK,Debit Card,3915,2025-09-09 15:21:02.144923,0,5,2,0
5358,1170.52,UK,Crypto,6674,2025-10-10 17:38:02.144923,0,5,1,0
5359,156.18,Japan,UPI,2956,2025-09-07 22:09:02.144923,0,2,3,0
5360,680.24,Germany,Wire,7189,2025-09-28 06:13:02.144923,0,0,4,0
5361,331.26,Germany,UPI,3072,2025-09-24 14:01:02.144923,0,0,3,0
5362,949.46,Germany,Debit Card,1872,2025-09-22 12:12:02.144923,0,0,2,0
5363,674.35,India,UPI,8497,2025-09-25 23:27:02.144923,0,1,3,0
5364,120.87,India,Crypto,7004,2025-10-10 01:17:02.144923,0,1,1,0
5365,576.38,Germany,UPI,7437,2025-09-19 14:51:02.144923,0,0,3,0
5366,455.68,Japan,UPI,8333,2025-10-16 12:14:02.144923,0,2,3,0
5367,172.43,USA,Wire,9448,2025-09-22 00:36:02.144923,0,6,4,0
5368,334.81,India,UPI,5917,2025-09-20 14:16:02.144923,0,1,3,0
5369,557.63,Germany,UPI,5032,2025-10-10 11:09:02.144923,0,0,3,0
5370,342.86,UK,Debit Card,4260,2025-09-09 02:07:02.144923,0,5,2,0
5371,1024.82,India,UPI,8166,2025-10-18 04:30:02.144923,0,1,3,0
5372,452.53,Nigeria,Wire,9993,2025-10-06 09:52:02.144923,1,3,4,0
5373,315.49,India,Wire,8442,2025-09-27 23:03:02.144923,0,1,4,0
5374,580.77,USA,Crypto,5037,2025-10-10 05:51:02.144923,0,6,1,0
5375,636.85,USA,Debit Card,8201,2025-09-25 03:43:02.144923,0,6,2,0
5376,955.43,India,Credit Card,1555,2025-10-06 14:55:02.144923,0,1,0,0
5377,525.02,USA,Crypto,6609,2025-09-17 07:29:02.144923,0,6,1,0
5378,618.16,India,UPI,7642,2025-09-15 06:18:02.144923,0,1,3,0
5379,798.48,India,Debit Card,6228,2025-10-13 08:25:02.144923,0,1,2,0
5380,261.41,Japan,Crypto,5580,2025-10-03 19:43:02.144923,0,2,1,0
5381,915.38,UK,Wire,5373,2025-10-14 17:28:02.144923,0,5,4,0
5382,177.21,USA,Debit Card,1397,2025-09-16 20:55:02.144923,0,6,2,0
5383,552.8,India,Debit Card,1221,2025-09-15 20:34:02.144923,0,1,2,0
5384,560.13,USA,UPI,3365,2025-10-06 21:12:02.144923,0,6,3,0
5385,549.98,India,Debit Card,2777,2025-09-16 19:45:02.144923,0,1,2,0
5386,162.69,India,Debit Card,5060,2025-10-04 03:21:02.144923,0,1,2,0
5387,23.64,India,Credit Card,4954,2025-10-07 05:13:02.144923,0,1,0,0
5388,403.1,UK,UPI,6728,2025-09-15 17:09:02.144923,0,5,3,0
5389,651.23,USA,Debit Card,1774,2025-09-16 08:45:02.144923,0,6,2,0
5390,1281.32,UK,Debit Card,1339,2025-09-22 05:49:02.144923,0,5,2,0
5391,658.08,UK,Credit Card,1006,2025-09-08 16:06:02.144923,0,5,0,0
5392,174.28,UK,Credit Card,2296,2025-09-26 19:25:02.144923,0,5,0,0
5393,421.18,UK,Wire,1287,2025-09-13 21:27:02.144923,0,5,4,0
5394,441.98,Japan,UPI,1892,2025-09-16 20:15:02.144923,0,2,3,0
5395,1161.99,USA,Credit Card,7990,2025-09-10 02:38:02.144923,0,6,0,0
5396,671.09,USA,Debit Card,9908,2025-09-20 02:56:02.144923,0,6,2,0
5397,201.45,India,Credit Card,5279,2025-10-16 22:34:02.144923,0,1,0,0
5398,320.09,USA,Crypto,2853,2025-10-09 05:28:02.144923,0,6,1,0
5399,853.4,UK,Wire,1569,2025-10-15 04:42:02.144923,0,5,4,0
5400,585.47,Germany,Wire,5718,2025-09-30 10:31:02.144923,0,0,4,0
5401,501.36,USA,UPI,9834,2025-09-17 08:05:02.144923,0,6,3,0
5402,419.48,Germany,Wire,4672,2025-09-28 07:53:02.144923,0,0,4,0
5403,839.5,Japan,UPI,7991,2025-09-18 23:09:02.144923,0,2,3,0
5404,369.55,India,Crypto,7773,2025-09-29 09:45:02.144923,0,1,1,0
5405,309.28,India,Debit Card,3551,2025-10-15 07:16:02.144923,0,1,2,0
5406,941.89,India,Crypto,1109,2025-09-11 11:46:02.144923,0,1,1,0
5407,22.98,Japan,UPI,4650,2025-10-14 15:56:02.144923,0,2,3,0
5408,195.79,UK,UPI,4219,2025-10-04 18:57:02.144923,0,5,3,0
5409,269.22,Germany,UPI,1731,2025-09-19 15:52:02.144923,0,0,3,0
5410,8963.934939597342,USA,Debit Card,9997,2025-10-09 00:07:02.144923,1,6,2,1
5411,562.74,UK,UPI,9759,2025-10-10 12:45:02.144923,0,5,3,0
5412,183.18,India,Crypto,6556,2025-09-19 09:44:02.144923,0,1,1,0
5413,170.33,India,Debit Card,8104,2025-09-19 09:17:02.144923,0,1,2,0
5414,1004.31,UK,Crypto,8263,2025-09-27 16:31:02.144923,0,5,1,0
5415,170.88,Germany,Debit Card,2071,2025-10-12 19:28:02.144923,0,0,2,0
5416,298.89,UK,UPI,8973,2025-10-11 18:09:02.144923,0,5,3,0
5417,360.49,Japan,Debit Card,8445,2025-09-27 22:58:02.144923,0,2,2,0
5418,721.78,India,Credit Card,6071,2025-09-13 02:53:02.144923,0,1,0,0
5419,335.24,Germany,Crypto,8370,2025-09-11 07:02:02.144923,0,0,1,0
5420,145.25,USA,Credit Card,3246,2025-09-24 14:00:02.144923,0,6,0,0
5421,765.97,India,Credit Card,2920,2025-09-28 20:46:02.144923,0,1,0,0
5422,754.52,UK,UPI,7012,2025-09-08 07:17:02.144923,0,5,3,0
5423,1377.25,Germany,UPI,9315,2025-10-11 15:04:02.144923,0,0,3,0
5424,601.78,India,Credit Card,7343,2025-09-13 19:00:02.144923,0,1,0,0
5425,163.91,USA,Debit Card,1074,2025-10-07 04:52:02.144923,0,6,2,0
5426,1334.46,USA,UPI,2988,2025-10-18 00:43:02.144923,0,6,3,0
5427,359.44,UK,Crypto,9348,2025-10-06 16:10:02.144923,0,5,1,0
5428,890.73,Japan,Credit Card,8287,2025-09-08 20:18:02.144923,0,2,0,0
5429,1304.25,UK,Crypto,4083,2025-09-27 12:10:02.144923,0,5,1,0
5430,532.18,Germany,Crypto,4818,2025-09-14 21:52:02.144923,0,0,1,0
5431,485.27,UK,Crypto,4691,2025-10-16 21:33:02.144923,0,5,1,0
5432,603.27,Germany,Credit Card,6239,2025-10-14 07:54:02.144923,0,0,0,0
5433,685.88,Japan,Wire,9274,2025-10-08 18:22:02.144923,0,2,4,0
5434,992.19,UK,UPI,4065,2025-09-14 12:17:02.144923,0,5,3,0
5435,433.97,USA,Crypto,8954,2025-09-24 11:46:02.144923,0,6,1,0
5436,513.12,Germany,Credit Card,3233,2025-09-28 02:36:02.144923,0,0,0,0
5437,326.42,Germany,Wire,3090,2025-09-08 07:52:02.144923,0,0,4,0
5438,325.03,USA,Credit Card,6628,2025-09-15 11:56:02.144923,0,6,0,0
5439,238.4,UK,UPI,5168,2025-09-25 15:53:02.144923,0,5,3,0
5440,344.88,Japan,Credit Card,5012,2025-09-09 00:29:02.144923,0,2,0,0
5441,213.38,India,Debit Card,2877,2025-10-02 19:20:02.144923,0,1,2,0
5442,915.22,UK,Debit Card,8186,2025-09-12 10:37:02.144923,0,5,2,0
5443,784.48,UK,Crypto,7308,2025-09-16 18:45:02.144923,0,5,1,0
5444,460.82,Germany,Credit Card,3314,2025-09-14 16:37:02.144923,0,0,0,0
5445,591.8,Germany,Credit Card,6247,2025-10-14 06:08:02.144923,0,0,0,0
5446,238.65,Japan,Crypto,4992,2025-09-12 03:36:02.144923,0,2,1,0
5447,483.6,Japan,Crypto,3914,2025-09-09 13:45:02.144923,0,2,1,0
5448,1083.44,Japan,Wire,4934,2025-10-08 18:07:02.144923,0,2,4,0
5449,1058.66,USA,Credit Card,3701,2025-09-27 20:56:02.144923,0,6,0,0
5450,1395.42,India,UPI,5044,2025-09-14 14:49:02.144923,0,1,3,0
5451,913.73,India,UPI,1033,2025-09-11 07:37:02.144923,0,1,3,0
5452,630.21,Japan,UPI,3145,2025-10-07 02:23:02.144923,0,2,3,0
5453,881.11,Germany,Crypto,7459,2025-09-12 17:04:02.144923,0,0,1,0
5454,176.57,India,Crypto,8487,2025-09-30 13:56:02.144923,0,1,1,0
5455,836.07,UK,Crypto,6673,2025-10-14 11:39:02.144923,0,5,1,0
5456,935.2,USA,UPI,1404,2025-10-01 18:59:02.144923,0,6,3,0
5457,477.52,Germany,Wire,5711,2025-10-03 10:18:02.144923,0,0,4,0
5458,518.44,USA,Debit Card,2924,2025-10-17 15:56:02.144923,0,6,2,0
5459,403.94,UK,Credit Card,8621,2025-10-05 19:42:02.144923,0,5,0,0
5460,466.44,India,Debit Card,1881,2025-09-23 19:45:02.144923,0,1,2,0
5461,566.25,USA,Credit Card,7023,2025-09-27 11:24:02.144923,0,6,0,0
5462,609.96,USA,Crypto,3902,2025-09-12 15:34:02.144923,0,6,1,0
5463,242.05,USA,UPI,2245,2025-09-18 23:43:02.144923,0,6,3,0
5464,281.54,UK,Debit Card,9631,2025-09-11 19:16:02.144923,0,5,2,0
5465,784.97,Germany,Crypto,6367,2025-09-25 18:04:02.144923,0,0,1,0
5466,651.48,Germany,Credit Card,1115,2025-10-07 12:54:02.144923,0,0,0,0
5467,260.01,UK,Debit Card,5500,2025-10-16 13:44:02.144923,0,5,2,0
5468,450.38,USA,Debit Card,1296,2025-10-06 03:45:02.144923,0,6,2,0
5469,1527.53,USA,Debit Card,8692,2025-09-26 10:38:02.144923,0,6,2,0
5470,51.31,Japan,Debit Card,3948,2025-10-01 23:41:02.144923,0,2,2,0
5471,23.34,India,Debit Card,9127,2025-09-07 15:33:02.144923,0,1,2,0
5472,52.7,India,Crypto,3605,2025-10-08 04:18:02.144923,0,1,1,0
5473,1923.98,Germany,Credit Card,7477,2025-09-15 11:57:02.144923,0,0,0,1
5474,196.77,UK,Credit Card,8921,2025-09-08 06:14:02.144923,0,5,0,0
5475,386.52,USA,Wire,2094,2025-09-28 03:54:02.144923,0,6,4,0
5476,739.97,India,UPI,6101,2025-09-09 19:09:02.144923,0,1,3,0
5477,705.76,UK,Debit Card,2074,2025-09-27 12:20:02.144923,0,5,2,0
5478,407.63,UK,Credit Card,1015,2025-10-05 07:36:02.144923,0,5,0,0
5479,1245.31,USA,UPI,2527,2025-10-16 17:46:02.144923,0,6,3,0
5480,857.44,UK,UPI,9242,2025-10-09 08:42:02.144923,0,5,3,0
5481,292.87,India,Crypto,4199,2025-09-21 17:14:02.144923,0,1,1,0
5482,205.85,Japan,Debit Card,8800,2025-10-07 20:23:02.144923,0,2,2,0
5483,559.29,India,Wire,2992,2025-09-18 04:43:02.144923,0,1,4,0
5484,886.04,Japan,UPI,3953,2025-09-18 20:21:02.144923,0,2,3,0
5485,1550.99,UK,Crypto,7471,2025-10-17 04:59:02.144923,0,5,1,0
5486,628.91,India,Debit Card,6822,2025-09-23 02:08:02.144923,0,1,2,0
5487,372.87,USA,Credit Card,1931,2025-10-09 01:03:02.144923,0,6,0,0
5488,1172.34,UK,Wire,3015,2025-09-25 16:06:02.144923,0,5,4,0
5489,1066.53,USA,Debit Card,7444,2025-10-12 19:55:02.144923,0,6,2,0
5490,851.25,Japan,Crypto,8418,2025-10-10 11:24:02.144923,0,2,1,0
5491,169.46,Germany,Crypto,7405,2025-09-13 17:23:02.144923,0,0,1,0
5492,388.64,Germany,Crypto,3138,2025-09-08 01:19:02.144923,0,0,1,0
5493,429.94,Japan,Crypto,5289,2025-09-07 01:41:02.144923,0,2,1,0
5494,851.53,Germany,Crypto,4400,2025-09-30 00:05:02.144923,0,0,1,0
5495,76.58,UK,Wire,9417,2025-09-13 03:33:02.144923,0,5,4,0
5496,364.71,UK,UPI,9636,2025-10-05 14:54:02.144923,0,5,3,0
5497,506.95,India,UPI,2902,2025-09-26 03:28:02.144923,0,1,3,0
5498,418.09,UK,Credit Card,4603,2025-09-15 13:44:02.144923,0,5,0,0
5499,1443.88,Germany,UPI,6452,2025-09-30 17:10:02.144923,0,0,3,0
5500,998.57,USA,Crypto,9436,2025-09-29 22:45:02.144923,0,6,1,0
5501,996.77,India,UPI,5048,2025-10-11 13:46:02.144923,0,1,3,0
5502,342.96,USA,UPI,1804,2025-09-21 05:49:02.144923,0,6,3,0
5503,570.37,Germany,Crypto,9043,2025-09-24 10:00:02.144923,0,0,1,0
5504,237.58,USA,Wire,2760,2025-10-09 18:45:02.144923,0,6,4,0
5505,243.93,Germany,Crypto,7305,2025-09-26 13:04:02.144923,0,0,1,0
5506,1004.87,UK,UPI,8998,2025-10-15 15:04:02.144923,0,5,3,0
5507,892.23,India,UPI,9216,2025-10-03 07:59:02.144923,0,1,3,0
5508,222.52,Japan,Credit Card,5395,2025-09-19 10:58:02.144923,0,2,0,0
5509,543.01,Germany,Crypto,6344,2025-10-13 03:52:02.144923,0,0,1,0
5510,119.35,UK,Credit Card,9265,2025-09-15 04:33:02.144923,0,5,0,0
5511,731.66,USA,Credit Card,8881,2025-09-10 20:14:02.144923,0,6,0,0
5512,217.62,UK,Debit Card,8982,2025-09-07 13:23:02.144923,0,5,2,0
5513,544.19,USA,Credit Card,8456,2025-10-14 12:10:02.144923,0,6,0,0
5514,1519.2,USA,UPI,5187,2025-09-25 03:48:02.144923,0,6,3,0
5515,192.97,USA,UPI,2410,2025-10-16 21:51:02.144923,0,6,3,0
5516,646.81,USA,Debit Card,4612,2025-09-12 15:25:02.144923,0,6,2,0
5517,485.96,India,Debit Card,8339,2025-09-13 05:09:02.144923,0,1,2,0
5518,177.62,USA,Crypto,5780,2025-09-17 11:24:02.144923,0,6,1,0
5519,1862.6949110553078,India,Debit Card,9996,2025-10-14 20:31:02.144923,1,1,2,0
5520,686.95,Japan,Wire,6355,2025-09-19 08:27:02.144923,0,2,4,0
5521,424.91,India,UPI,4995,2025-09-12 09:22:02.144923,0,1,3,0
5522,1271.23,USA,UPI,7868,2025-09-30 10:51:02.144923,0,6,3,0
5523,710.47,Japan,Debit Card,9802,2025-09-21 17:18:02.144923,0,2,2,0
5524,206.68,UK,Debit Card,8645,2025-09-17 06:42:02.144923,0,5,2,0
5525,916.77,India,UPI,5215,2025-10-01 06:28:02.144923,0,1,3,0
5526,994.6,UK,Debit Card,2838,2025-09-07 05:56:02.144923,0,5,2,0
5527,614.54,Japan,Crypto,6648,2025-09-25 00:39:02.144923,0,2,1,0
5528,752.88,India,Debit Card,7684,2025-10-12 13:59:02.144923,0,1,2,0
5529,608.43,USA,Debit Card,7944,2025-09-21 05:17:02.144923,0,6,2,0
5530,1146.49,India,Crypto,8295,2025-09-07 22:15:02.144923,0,1,1,0
5531,1055.52,USA,Crypto,4573,2025-09-08 19:32:02.144923,0,6,1,0
5532,118.97,Germany,Crypto,8614,2025-09-23 20:10:02.144923,0,0,1,0
5533,105.92,India,UPI,6699,2025-09-27 17:56:02.144923,0,1,3,0
5534,430.96,India,Debit Card,9185,2025-10-14 18:44:02.144923,0,1,2,0
5535,878.02,UK,Crypto,8152,2025-09-28 09:57:02.144923,0,5,1,0
5536,1118.29,UK,Crypto,7182,2025-09-19 01:22:02.144923,0,5,1,0
5537,377.8,Japan,UPI,1472,2025-09-10 12:13:02.144923,0,2,3,0
5538,422.12,USA,Wire,5419,2025-10-01 11:16:02.144923,0,6,4,0
5539,395.72,UK,Debit Card,9243,2025-10-13 10:37:02.144923,0,5,2,0
5540,470.06,Japan,Wire,8091,2025-10-13 22:19:02.144923,0,2,4,0
5541,563.84,USA,Wire,6878,2025-09-14 00:27:02.144923,0,6,4,0
5542,345.11,USA,Crypto,7660,2025-09-25 02:09:02.144923,0,6,1,0
5543,394.72,USA,UPI,5455,2025-10-05 09:11:02.144923,0,6,3,0
5544,663.75,Germany,Debit Card,6779,2025-09-28 02:47:02.144923,0,0,2,0
5545,158.44,USA,Debit Card,8404,2025-09-17 08:18:02.144923,0,6,2,0
5546,1617.0,Japan,Debit Card,1067,2025-09-15 12:53:02.144923,0,2,2,0
5547,861.6,USA,Wire,5576,2025-09-11 15:42:02.144923,0,6,4,0
5548,1233.89,USA,Credit Card,7056,2025-09-23 16:39:02.144923,0,6,0,0
5549,230.68,Japan,UPI,9452,2025-09-13 08:24:02.144923,0,2,3,0
5550,305.41,India,Credit Card,2649,2025-09-16 23:35:02.144923,0,1,0,0
5551,36.12,USA,Wire,1676,2025-10-14 09:12:02.144923,0,6,4,0
5552,518.9,Japan,Crypto,8223,2025-09-12 21:58:02.144923,0,2,1,0
5553,530.81,UK,Credit Card,7551,2025-09-08 03:22:02.144923,0,5,0,0
5554,615.64,Japan,Credit Card,4939,2025-10-07 08:18:02.144923,0,2,0,0
5555,97.66,Germany,UPI,5338,2025-10-13 02:32:02.144923,0,0,3,0
5556,488.04,UK,Wire,7657,2025-09-10 22:33:02.144923,0,5,4,0
5557,640.92,India,UPI,1665,2025-09-15 20:56:02.144923,0,1,3,0
5558,714.39,India,Crypto,5862,2025-10-04 20:16:02.144923,0,1,1,0
5559,316.85,Japan,Debit Card,2909,2025-09-19 12:36:02.144923,0,2,2,0
5560,1776.49,Japan,Wire,8452,2025-09-24 05:25:02.144923,0,2,4,0
5561,418.93,USA,Crypto,7597,2025-10-08 05:56:02.144923,0,6,1,0
5562,559.69,USA,Crypto,1187,2025-10-12 10:18:02.144923,0,6,1,0
5563,381.45,Germany,Credit Card,9896,2025-10-08 02:46:02.144923,0,0,0,0
5564,320.83,USA,UPI,8690,2025-10-15 05:46:02.144923,0,6,3,0
5565,800.63,Japan,Credit Card,8390,2025-10-04 05:57:02.144923,0,2,0,0
5566,102.63,Japan,Credit Card,1334,2025-09-08 14:45:02.144923,0,2,0,0
5567,835.01,USA,Debit Card,7600,2025-10-16 15:41:02.144923,0,6,2,0
5568,549.9,Germany,UPI,8615,2025-10-06 09:05:02.144923,0,0,3,0
5569,436.91,Japan,Debit Card,1355,2025-10-03 00:28:02.144923,0,2,2,0
5570,168.56,Germany,Crypto,2922,2025-09-11 18:44:02.144923,0,0,1,0
5571,516.56,Japan,Debit Card,5327,2025-10-02 20:05:02.144923,0,2,2,0
5572,794.5,Germany,Crypto,4338,2025-10-03 13:18:02.144923,0,0,1,0
5573,567.06,Germany,Credit Card,1795,2025-09-29 09:54:02.144923,0,0,0,0
5574,476.3,Germany,Debit Card,1189,2025-09-14 03:15:02.144923,0,0,2,0
5575,413.38,USA,UPI,8451,2025-09-15 05:10:02.144923,0,6,3,0
5576,350.71,India,Debit Card,3166,2025-10-01 21:51:02.144923,0,1,2,0
5577,181.01,Germany,Crypto,3058,2025-09-30 02:45:02.144923,0,0,1,0
5578,783.73,Germany,Wire,7070,2025-09-28 22:52:02.144923,0,0,4,0
5579,596.24,Japan,UPI,5393,2025-09-07 23:34:02.144923,0,2,3,0
5580,819.0,India,Crypto,3380,2025-09-24 00:55:02.144923,0,1,1,0
5581,345.64,Japan,Wire,9325,2025-09-22 13:19:02.144923,0,2,4,0
5582,438.08,Japan,UPI,6051,2025-09-08 11:40:02.144923,0,2,3,0
5583,171.18,Germany,Wire,3709,2025-09-09 00:37:02.144923,0,0,4,0
5584,109.08,UK,Credit Card,2279,2025-09-14 05:51:02.144923,0,5,0,0
5585,537.04,India,Credit Card,1552,2025-09-18 04:06:02.144923,0,1,0,0
5586,51.27,Japan,Debit Card,7331,2025-10-10 00:13:02.144923,0,2,2,0
5587,644.46,UK,Debit Card,7872,2025-10-02 13:07:02.144923,0,5,2,0
5588,307.59,UK,Debit Card,2153,2025-09-22 18:10:02.144923,0,5,2,0
5589,1983.32,Japan,Debit Card,7919,2025-09-09 09:00:02.144923,0,2,2,0
5590,509.79,Germany,Wire,5158,2025-09-25 08:48:02.144923,0,0,4,0
5591,757.31,USA,UPI,1954,2025-09-17 13:42:02.144923,0,6,3,0
5592,285.27,Japan,UPI,6565,2025-10-14 00:35:02.144923,0,2,3,0
5593,1092.62,Germany,Debit Card,7868,2025-10-03 03:48:02.144923,0,0,2,0
5594,1152.05,India,Credit Card,1235,2025-09-23 20:41:02.144923,0,1,0,0
5595,974.54,Germany,Crypto,2108,2025-09-18 17:05:02.144923,0,0,1,0
5596,1743.23,UK,Debit Card,2796,2025-10-15 03:59:02.144923,0,5,2,0
5597,192.72,India,Debit Card,4473,2025-09-20 10:03:02.144923,0,1,2,0
5598,797.96,India,Credit Card,6285,2025-09-16 10:17:02.144923,0,1,0,0
5599,261.04,USA,Crypto,8395,2025-09-10 00:04:02.144923,0,6,1,0
5600,200.75,USA,Wire,6529,2025-09-13 11:17:02.144923,0,6,4,0
5601,488.43,Japan,Wire,3211,2025-09-28 20:38:02.144923,0,2,4,0
5602,599.51,Germany,Crypto,3641,2025-10-01 13:56:02.144923,0,0,1,0
5603,462.0,Japan,Crypto,4228,2025-09-08 08:28:02.144923,0,2,1,0
5604,151.3,USA,Wire,1926,2025-09-09 10:46:02.144923,0,6,4,0
5605,526.61,UK,Debit Card,6822,2025-09-27 14:28:02.144923,0,5,2,0
5606,494.03,USA,Debit Card,3921,2025-09-08 11:23:02.144923,0,6,2,0
5607,208.24,Germany,Credit Card,4827,2025-10-09 11:36:02.144923,0,0,0,0
5608,1301.55,UK,Crypto,8335,2025-09-24 01:37:02.144923,0,5,1,0
5609,1639.4,Japan,Debit Card,9312,2025-10-10 08:30:02.144923,0,2,2,0
5610,552.49,Japan,Debit Card,1965,2025-10-05 05:21:02.144923,0,2,2,0
5611,25.16,USA,Credit Card,5213,2025-10-10 08:41:02.144923,0,6,0,0
5612,498.51,USA,Crypto,4719,2025-09-16 22:26:02.144923,0,6,1,0
5613,1053.78,Japan,Credit Card,4913,2025-10-08 11:32:02.144923,0,2,0,0
5614,507.41,Japan,Credit Card,4179,2025-09-08 19:01:02.144923,0,2,0,0
5615,458.86,India,Wire,4370,2025-10-08 22:32:02.144923,0,1,4,0
5616,808.18,Germany,Credit Card,7818,2025-09-22 11:12:02.144923,0,0,0,0
5617,1999.26,India,Crypto,6906,2025-10-01 22:21:02.144923,0,1,1,0
5618,641.37,India,Debit Card,6138,2025-09-17 04:16:02.144923,0,1,2,0
5619,556.82,Japan,Debit Card,4091,2025-09-23 07:37:02.144923,0,2,2,0
5620,1213.67,Germany,Wire,9963,2025-09-12 17:46:02.144923,0,0,4,0
5621,700.15,Japan,Crypto,5656,2025-09-30 20:21:02.144923,0,2,1,0
5622,1510.06,India,Debit Card,4577,2025-09-07 21:02:02.144923,0,1,2,0
5623,204.38,India,Credit Card,7297,2025-10-07 07:43:02.144923,0,1,0,0
5624,207.01,Japan,UPI,2538,2025-09-13 23:33:02.144923,0,2,3,0
5625,245.58,USA,UPI,3867,2025-10-07 20:04:02.144923,0,6,3,0
5626,930.22,USA,UPI,4549,2025-09-21 05:50:02.144923,0,6,3,0
5627,644.01,Japan,UPI,7527,2025-09-17 03:04:02.144923,0,2,3,0
5628,408.64,UK,Credit Card,9995,2025-10-02 02:49:02.144923,0,5,0,0
5629,647.37,UK,Debit Card,5776,2025-09-16 13:26:02.144923,0,5,2,0
5630,1027.16,USA,Wire,1178,2025-10-12 17:50:02.144923,0,6,4,0
5631,391.55,Germany,Credit Card,9806,2025-09-23 07:02:02.144923,0,0,0,0
5632,853.83,India,Debit Card,2754,2025-10-14 23:44:02.144923,0,1,2,0
5633,354.02,Germany,Crypto,8695,2025-10-02 15:35:02.144923,0,0,1,0
5634,115.36,USA,Debit Card,9238,2025-10-05 22:09:02.144923,0,6,2,0
5635,507.79,Japan,Debit Card,9015,2025-10-12 12:44:02.144923,0,2,2,0
5636,100.3,UK,Debit Card,7701,2025-10-16 00:54:02.144923,0,5,2,0
5637,386.73,USA,Credit Card,7326,2025-10-06 15:57:02.144923,0,6,0,0
5638,561.02,Germany,Debit Card,7497,2025-10-01 00:54:02.144923,0,0,2,0
5639,247.39,Germany,Debit Card,3534,2025-09-18 19:05:02.144923,0,0,2,0
5640,761.68,Ukraine,Crypto,9997,2025-09-19 13:24:02.144923,1,7,1,0
5641,416.68,India,Crypto,3939,2025-10-12 05:44:02.144923,0,1,1,0
5642,778.46,Germany,UPI,6765,2025-10-07 17:26:02.144923,0,0,3,0
5643,494.49,India,Credit Card,3899,2025-09-14 13:52:02.144923,0,1,0,0
5644,427.69,India,Debit Card,3876,2025-09-16 03:22:02.144923,0,1,2,0
5645,249.06,Japan,UPI,2007,2025-10-08 17:59:02.144923,0,2,3,0
5646,513.59,USA,UPI,5829,2025-10-07 03:28:02.144923,0,6,3,0
5647,564.35,USA,Credit Card,7464,2025-09-26 04:35:02.144923,0,6,0,0
5648,654.63,India,UPI,9057,2025-09-25 22:57:02.144923,0,1,3,0
5649,609.36,Japan,UPI,3159,2025-09-18 18:09:02.144923,0,2,3,0
5650,149.38,Germany,Credit Card,4184,2025-09-08 21:12:02.144923,0,0,0,0
5651,997.03,Germany,Wire,9565,2025-10-11 06:01:02.144923,0,0,4,0
5652,671.71,USA,UPI,2286,2025-09-07 22:17:02.144923,0,6,3,0
5653,523.91,India,Crypto,9559,2025-09-09 23:19:02.144923,0,1,1,0
5654,649.66,Japan,UPI,5473,2025-09-18 01:31:02.144923,0,2,3,0
5655,739.85,Japan,Credit Card,5920,2025-09-30 06:33:02.144923,0,2,0,0
5656,1687.31,Germany,Credit Card,4925,2025-09-28 16:51:02.144923,0,0,0,1
5657,316.88,Germany,Wire,5769,2025-09-18 13:55:02.144923,0,0,4,0
5658,324.32,UK,Wire,4116,2025-10-03 12:03:02.144923,0,5,4,0
5659,193.31,UK,Crypto,2294,2025-10-04 15:19:02.144923,0,5,1,0
5660,71.07,Nigeria,Crypto,9991,2025-09-16 05:04:02.144923,1,3,1,0
5661,684.12,UK,UPI,7865,2025-10-08 12:43:02.144923,0,5,3,0
5662,1732.61,Japan,Wire,7390,2025-09-27 18:11:02.144923,0,2,4,0
5663,401.83,UK,Crypto,1173,2025-09-30 18:36:02.144923,0,5,1,0
5664,1145.93,USA,UPI,8325,2025-10-18 00:04:02.144923,0,6,3,0
5665,407.01,USA,Debit Card,8818,2025-09-26 06:42:02.144923,0,6,2,0
5666,1109.27,Germany,UPI,5981,2025-09-17 05:49:02.144923,0,0,3,0
5667,645.84,Germany,Crypto,4834,2025-10-02 23:06:02.144923,0,0,1,0
5668,516.99,India,UPI,3429,2025-09-16 01:56:02.144923,0,1,3,0
5669,320.24,USA,Debit Card,7567,2025-10-11 22:43:02.144923,0,6,2,0
5670,536.69,India,Crypto,9005,2025-10-17 06:12:02.144923,0,1,1,0
5671,917.28,India,UPI,8789,2025-09-08 04:18:02.144923,0,1,3,0
5672,286.37,UK,Crypto,8462,2025-09-23 19:30:02.144923,0,5,1,0
5673,475.99,Germany,UPI,9884,2025-09-13 06:10:02.144923,0,0,3,0
5674,588.36,India,Credit Card,1873,2025-09-22 19:45:02.144923,0,1,0,0
5675,896.15,India,Crypto,4096,2025-09-13 02:29:02.144923,0,1,1,0
5676,548.45,Germany,Crypto,9949,2025-09-12 04:39:02.144923,0,0,1,0
5677,410.09,Germany,Crypto,4624,2025-10-08 23:48:02.144923,0,0,1,0
5678,617.08,USA,Crypto,6553,2025-10-03 04:06:02.144923,0,6,1,0
5679,1091.45,Germany,UPI,2565,2025-09-21 13:59:02.144923,0,0,3,0
5680,697.92,UK,Wire,4116,2025-09-30 22:45:02.144923,0,5,4,0
5681,485.46,USA,UPI,9500,2025-09-28 16:39:02.144923,0,6,3,0
5682,529.29,India,Debit Card,9345,2025-10-02 03:51:02.144923,0,1,2,0
5683,203.92,UK,Credit Card,2163,2025-09-30 01:03:02.144923,0,5,0,0
5684,845.15,UK,UPI,3816,2025-10-04 13:29:02.144923,0,5,3,0
5685,153.66,USA,UPI,9576,2025-10-16 01:53:02.144923,0,6,3,0
5686,359.22,India,Crypto,3795,2025-09-23 17:41:02.144923,0,1,1,0
5687,442.24,USA,Debit Card,2056,2025-10-18 11:03:02.144923,0,6,2,0
5688,358.59,Japan,Crypto,8345,2025-10-05 09:07:02.144923,0,2,1,0
5689,212.98,Japan,Crypto,5076,2025-09-21 13:17:02.144923,0,2,1,0
5690,291.76,USA,Wire,4774,2025-10-17 01:48:02.144923,0,6,4,0
5691,144.74,India,Credit Card,2459,2025-09-26 04:50:02.144923,0,1,0,0
5692,1386.83,India,Wire,9133,2025-09-20 23:00:02.144923,0,1,4,0
5693,327.32,Germany,Crypto,1005,2025-09-16 01:54:02.144923,0,0,1,0
5694,301.48,UK,Credit Card,5786,2025-09-26 09:05:02.144923,0,5,0,0
5695,1727.07,USA,UPI,7938,2025-09-10 02:49:02.144923,0,6,3,0
5696,109.33,UK,Debit Card,9168,2025-10-16 11:21:02.144923,0,5,2,0
5697,754.51,UK,Wire,9109,2025-09-10 13:49:02.144923,0,5,4,0
5698,520.68,Japan,Debit Card,4829,2025-10-02 03:42:02.144923,0,2,2,0
5699,216.07,Japan,Crypto,8034,2025-09-26 10:14:02.144923,0,2,1,0
5700,549.56,USA,Credit Card,6350,2025-09-16 05:58:02.144923,0,6,0,0
5701,1536.75,USA,UPI,6520,2025-10-11 11:38:02.144923,0,6,3,0
5702,750.1,India,Credit Card,7870,2025-09-09 18:24:02.144923,0,1,0,0
5703,682.09,USA,Debit Card,5880,2025-09-25 07:11:02.144923,0,6,2,0
5704,167.68,India,Debit Card,9808,2025-10-02 21:55:02.144923,0,1,2,0
5705,250.61,India,UPI,3070,2025-10-02 10:35:02.144923,0,1,3,0
5706,118.96,USA,UPI,7950,2025-10-05 15:06:02.144923,0,6,3,0
5707,533.98,India,Credit Card,1160,2025-10-09 15:53:02.144923,0,1,0,0
5708,517.15,UK,Wire,5178,2025-10-12 11:16:02.144923,0,5,4,0
5709,252.01,India,Credit Card,1167,2025-10-02 08:36:02.144923,0,1,0,0
5710,920.28,UK,Debit Card,4912,2025-09-14 13:22:02.144923,0,5,2,0
5711,156.47,UK,Credit Card,3702,2025-10-06 11:22:02.144923,0,5,0,0
5712,270.2,UK,Crypto,3602,2025-09-15 03:49:02.144923,0,5,1,0
5713,547.3,Germany,Credit Card,5439,2025-09-22 08:10:02.144923,0,0,0,0
5714,177.26,Germany,Credit Card,5107,2025-09-08 16:22:02.144923,0,0,0,0
5715,394.39,India,Crypto,4605,2025-10-13 01:57:02.144923,0,1,1,0
5716,287.69,USA,Debit Card,1449,2025-10-06 22:57:02.144923,0,6,2,0
5717,608.37,India,UPI,5669,2025-09-29 20:47:02.144923,0,1,3,0
5718,142.81,Germany,Credit Card,5027,2025-10-04 10:52:02.144923,0,0,0,0
5719,56.36,Japan,Wire,7734,2025-10-14 22:29:02.144923,0,2,4,0
5720,170.22,Japan,UPI,3537,2025-09-11 22:33:02.144923,0,2,3,0
5721,930.2,India,Wire,3709,2025-10-17 20:00:02.144923,0,1,4,0
5722,883.86,Germany,Credit Card,3957,2025-10-01 20:04:02.144923,0,0,0,0
5723,226.08,UK,Wire,3664,2025-10-03 14:38:02.144923,0,5,4,0
5724,475.17,Germany,UPI,2789,2025-09-11 00:38:02.144923,0,0,3,0
5725,507.11,India,Wire,5102,2025-09-29 22:28:02.144923,0,1,4,0
5726,135.09,Germany,Wire,4234,2025-09-27 18:16:02.144923,0,0,4,0
5727,293.99,Japan,UPI,1318,2025-10-05 15:42:02.144923,0,2,3,0
5728,426.39,UK,UPI,3177,2025-10-16 16:59:02.144923,0,5,3,0
5729,43.16,India,UPI,1428,2025-09-20 02:17:02.144923,0,1,3,0
5730,545.42,India,UPI,1900,2025-09-29 23:18:02.144923,0,1,3,0
5731,709.33,USA,Crypto,8422,2025-10-06 15:18:02.144923,0,6,1,0
5732,589.31,UK,Credit Card,1748,2025-10-18 13:14:02.144923,0,5,0,0
5733,828.0,India,UPI,7144,2025-09-10 22:38:02.144923,0,1,3,0
5734,684.1,Germany,Debit Card,5872,2025-09-28 02:07:02.144923,0,0,2,0
5735,915.73,Germany,Wire,5289,2025-10-03 02:56:02.144923,0,0,4,0
5736,63.38,Germany,UPI,8531,2025-09-24 21:23:02.144923,0,0,3,0
5737,364.55,Germany,UPI,2027,2025-09-15 06:17:02.144923,0,0,3,0
5738,204.79,India,Credit Card,2140,2025-09-22 07:31:02.144923,0,1,0,0
5739,65.71,Japan,UPI,9100,2025-09-07 08:38:02.144923,0,2,3,0
5740,446.84,UK,Crypto,9429,2025-10-16 16:39:02.144923,0,5,1,0
5741,949.9,Germany,Debit Card,5825,2025-10-13 15:54:02.144923,0,0,2,0
5742,304.67,India,Debit Card,5553,2025-10-09 22:30:02.144923,0,1,2,0
5743,637.26,India,UPI,2754,2025-10-12 13:21:02.144923,0,1,3,0
5744,1152.07,Germany,Credit Card,7992,2025-09-17 04:45:02.144923,0,0,0,0
5745,407.03,USA,UPI,2610,2025-10-17 20:22:02.144923,0,6,3,0
5746,1029.94,India,Wire,5439,2025-09-20 12:39:02.144923,0,1,4,0
5747,961.99,UK,Debit Card,5758,2025-09-25 18:30:02.144923,0,5,2,0
5748,623.23,UK,Wire,7519,2025-10-06 20:40:02.144923,0,5,4,0
5749,163.14,USA,Crypto,1245,2025-09-30 03:38:02.144923,0,6,1,0
5750,61.83,India,Debit Card,7842,2025-09-15 14:21:02.144923,0,1,2,0
5751,273.31,USA,Debit Card,8058,2025-10-07 08:39:02.144923,0,6,2,0
5752,346.64,India,Crypto,2556,2025-10-13 18:57:02.144923,0,1,1,0
5753,406.79,India,Wire,2557,2025-10-02 00:29:02.144923,0,1,4,0
5754,763.74,USA,UPI,3222,2025-09-20 06:12:02.144923,0,6,3,0
5755,263.04,Japan,Credit Card,3332,2025-10-05 07:34:02.144923,0,2,0,0
5756,778.07,Germany,Wire,9496,2025-10-14 22:38:02.144923,0,0,4,0
5757,1444.66,Germany,Crypto,9984,2025-10-11 00:20:02.144923,0,0,1,0
5758,434.41,Germany,Crypto,9598,2025-09-28 00:40:02.144923,0,0,1,0
5759,578.73,USA,Crypto,3966,2025-10-10 04:33:02.144923,0,6,1,0
5760,1386.08,India,Debit Card,5002,2025-10-15 10:03:02.144923,0,1,2,0
5761,849.52,India,UPI,2360,2025-09-13 13:25:02.144923,0,1,3,0
5762,270.68,UK,Debit Card,1439,2025-09-11 01:45:02.144923,0,5,2,0
5763,1521.18,India,Debit Card,5353,2025-09-13 04:50:02.144923,0,1,2,0
5764,569.01,Japan,Debit Card,1782,2025-10-06 23:21:02.144923,0,2,2,0
5765,2103.6858296827745,Germany,Crypto,9998,2025-10-15 04:38:02.144923,1,0,1,1
5766,100.34,Japan,Wire,1233,2025-10-15 10:48:02.144923,0,2,4,0
5767,265.87,Germany,Credit Card,7666,2025-09-13 13:49:02.144923,0,0,0,0
5768,550.84,USA,Credit Card,5488,2025-09-14 08:27:02.144923,0,6,0,0
5769,205.26,Japan,UPI,9653,2025-09-07 20:39:02.144923,0,2,3,0
5770,235.45,India,UPI,2751,2025-10-17 12:44:02.144923,0,1,3,0
5771,1191.11,Germany,Crypto,1838,2025-10-17 13:32:02.144923,0,0,1,0
5772,575.91,UK,Credit Card,4209,2025-09-26 03:36:02.144923,0,5,0,0
5773,119.48,Japan,Wire,3784,2025-10-11 14:38:02.144923,0,2,4,0
5774,802.57,USA,Crypto,6594,2025-09-21 19:10:02.144923,0,6,1,0
5775,62.32,UK,UPI,2351,2025-09-25 15:39:02.144923,0,5,3,0
5776,550.8,USA,Crypto,1205,2025-10-16 14:25:02.144923,0,6,1,0
5777,500.6,Germany,UPI,2094,2025-10-06 15:28:02.144923,0,0,3,0
5778,2004.74,Japan,Credit Card,1184,2025-09-29 06:23:02.144923,0,2,0,1
5779,999.07,USA,Crypto,7745,2025-09-14 12:39:02.144923,0,6,1,0
5780,479.82,UK,Debit Card,7902,2025-09-27 02:47:02.144923,0,5,2,0
5781,894.41,UK,UPI,6502,2025-10-04 13:42:02.144923,0,5,3,0
5782,69.41,India,Debit Card,7688,2025-10-13 01:25:02.144923,0,1,2,0
5783,496.24,USA,UPI,6778,2025-10-14 00:47:02.144923,0,6,3,0
5784,287.42,Japan,Debit Card,3729,2025-10-09 12:58:02.144923,0,2,2,0
5785,541.06,Japan,Credit Card,8893,2025-10-18 08:11:02.144923,0,2,0,0
5786,59.32,India,Credit Card,1313,2025-09-24 07:45:02.144923,0,1,0,0
5787,786.86,UK,Wire,9419,2025-09-12 20:55:02.144923,0,5,4,0
5788,686.88,USA,Wire,7801,2025-09-13 19:12:02.144923,0,6,4,0
5789,1021.75,UK,Wire,4093,2025-10-06 18:55:02.144923,0,5,4,0
5790,345.5,USA,Crypto,5095,2025-09-14 05:52:02.144923,0,6,1,0
5791,808.24,USA,UPI,3739,2025-09-15 21:49:02.144923,0,6,3,0
5792,1607.6,USA,Crypto,1926,2025-09-09 23:21:02.144923,0,6,1,1
5793,389.77,UK,Wire,4336,2025-09-17 10:55:02.144923,0,5,4,0
5794,138.76,UK,UPI,4121,2025-09-23 15:59:02.144923,0,5,3,0
5795,773.42,UK,Crypto,7885,2025-09-14 12:12:02.144923,0,5,1,0
5796,362.36,Germany,Credit Card,8542,2025-09-15 15:45:02.144923,0,0,0,0
5797,195.82,UK,UPI,3355,2025-09-07 18:40:02.144923,0,5,3,0
5798,233.47,India,Wire,9728,2025-10-07 21:02:02.144923,0,1,4,0
5799,118.78,Germany,Credit Card,8374,2025-10-04 02:21:02.144923,0,0,0,0
5800,196.58,USA,UPI,5170,2025-09-25 10:24:02.144923,0,6,3,0
5801,650.41,Japan,Crypto,6772,2025-10-15 02:57:02.144923,0,2,1,0
5802,668.18,Germany,Wire,4399,2025-10-14 12:21:02.144923,0,0,4,0
5803,254.46,Germany,Crypto,6695,2025-09-07 02:39:02.144923,0,0,1,0
5804,1938.58,USA,Credit Card,7737,2025-09-08 08:04:02.144923,0,6,0,1
5805,532.79,UK,Credit Card,8929,2025-09-07 01:02:02.144923,0,5,0,0
5806,620.78,UK,Credit Card,1608,2025-09-24 08:15:02.144923,0,5,0,0
5807,5931.92797161684,Germany,UPI,9992,2025-09-25 10:55:02.144923,1,0,3,1
5808,268.1,UK,Wire,2020,2025-10-16 21:12:02.144923,0,5,4,0
5809,928.74,Germany,Credit Card,1240,2025-10-09 13:45:02.144923,0,0,0,0
5810,103.36,Japan,Crypto,3052,2025-09-18 04:07:02.144923,0,2,1,0
5811,176.03,Japan,Wire,6334,2025-10-14 17:06:02.144923,0,2,4,0
5812,1354.7219997628692,USA,Crypto,9995,2025-09-10 05:39:02.144923,1,6,1,0
5813,579.02,India,Crypto,5489,2025-09-14 00:52:02.144923,0,1,1,0
5814,148.56,India,Credit Card,1368,2025-09-15 20:56:02.144923,0,1,0,0
5815,162.48,UK,Wire,3076,2025-09-30 13:02:02.144923,0,5,4,0
5816,1282.21,India,Debit Card,8109,2025-09-16 09:56:02.144923,0,1,2,0
5817,1172.52,Japan,UPI,9200,2025-10-04 09:43:02.144923,0,2,3,0
5818,142.46,USA,Debit Card,4516,2025-10-16 01:17:02.144923,0,6,2,0
5819,248.11,Japan,UPI,5429,2025-10-16 02:36:02.144923,0,2,3,0
5820,470.59,Germany,Wire,6045,2025-09-13 22:43:02.144923,0,0,4,0
5821,750.49,UK,Credit Card,9584,2025-09-15 05:24:02.144923,0,5,0,0
5822,340.02,UK,Wire,2851,2025-09-16 16:41:02.144923,0,5,4,0
5823,306.52,India,Debit Card,6427,2025-09-29 04:57:02.144923,0,1,2,0
5824,1076.11,Germany,Crypto,9970,2025-10-08 22:02:02.144923,0,0,1,0
5825,269.0,India,UPI,4431,2025-09-24 22:38:02.144923,0,1,3,0
5826,387.3,India,UPI,5482,2025-09-14 21:35:02.144923,0,1,3,0
5827,699.19,India,Debit Card,7252,2025-10-06 17:58:02.144923,0,1,2,0
5828,720.95,Germany,Credit Card,7482,2025-10-04 01:45:02.144923,0,0,0,0
5829,668.56,India,Wire,4271,2025-10-16 22:53:02.144923,0,1,4,0
5830,640.29,UK,Debit Card,4508,2025-09-11 05:10:02.144923,0,5,2,0
5831,581.4,India,Wire,7976,2025-09-24 08:27:02.144923,0,1,4,0
5832,407.12,Germany,Credit Card,4892,2025-10-17 02:50:02.144923,0,0,0,0
5833,927.47,Germany,Crypto,4111,2025-10-05 00:30:02.144923,0,0,1,0
5834,747.5,Vietnam,Wire,9998,2025-10-08 02:20:02.144923,1,8,4,1
5835,299.43,India,Credit Card,2866,2025-10-16 11:50:02.144923,0,1,0,0
5836,394.32,Germany,Debit Card,1926,2025-10-17 18:51:02.144923,0,0,2,0
5837,160.92,India,Crypto,4772,2025-09-10 12:03:02.144923,0,1,1,0
5838,334.57,USA,Crypto,6927,2025-09-12 20:45:02.144923,0,6,1,0
5839,181.64,UK,Crypto,3095,2025-10-14 20:06:02.144923,0,5,1,0
5840,945.45,UK,UPI,5695,2025-10-05 18:20:02.144923,0,5,3,0
5841,2213.1,India,Credit Card,1769,2025-09-13 11:49:02.144923,0,1,0,1
5842,167.83,UK,Wire,7714,2025-09-19 00:01:02.144923,0,5,4,0
5843,427.43,UK,Debit Card,9648,2025-09-22 10:05:02.144923,0,5,2,0
5844,374.57,USA,Crypto,3775,2025-09-30 12:37:02.144923,0,6,1,0
5845,51.75,UK,Crypto,6367,2025-09-16 01:36:02.144923,0,5,1,0
5846,278.85,UK,Crypto,7433,2025-10-08 13:24:02.144923,0,5,1,0
5847,1565.62,Germany,Credit Card,5630,2025-10-11 09:47:02.144923,0,0,0,0
5848,550.22,UK,Debit Card,8698,2025-10-13 12:10:02.144923,0,5,2,0
5849,432.93,India,Credit Card,6502,2025-10-18 07:43:02.144923,0,1,0,0
5850,184.18,UK,Debit Card,3971,2025-09-10 20:24:02.144923,0,5,2,0
5851,4709.022371751915,India,Wire,9995,2025-10-15 20:11:02.144923,1,1,4,1
5852,323.55,UK,UPI,2642,2025-10-07 02:13:02.144923,0,5,3,0
5853,264.19,India,Debit Card,2017,2025-09-26 13:24:02.144923,0,1,2,0
5854,798.11,UK,Credit Card,5042,2025-09-09 19:59:02.144923,0,5,0,0
5855,430.11,India,Credit Card,2511,2025-10-12 16:02:02.144923,0,1,0,0
5856,210.49,UK,Credit Card,6617,2025-10-08 10:00:02.144923,0,5,0,0
5857,844.8,USA,UPI,7275,2025-09-24 13:19:02.144923,0,6,3,0
5858,535.91,Germany,Debit Card,5471,2025-09-29 00:20:02.144923,0,0,2,0
5859,851.81,Germany,Debit Card,2721,2025-10-03 20:39:02.144923,0,0,2,0
5860,447.29,Germany,Debit Card,1686,2025-09-12 05:26:02.144923,0,0,2,0
5861,2325.27,Germany,Debit Card,5466,2025-09-20 18:33:02.144923,0,0,2,1
5862,99.19,USA,Crypto,5250,2025-09-28 23:08:02.144923,0,6,1,0
5863,2154.03,USA,Crypto,7388,2025-09-07 01:08:02.144923,0,6,1,1
5864,300.58,UK,Credit Card,4277,2025-10-10 23:45:02.144923,0,5,0,0
5865,105.28,USA,Crypto,6955,2025-09-21 09:15:02.144923,0,6,1,0
5866,574.19,Germany,Debit Card,4499,2025-09-28 09:32:02.144923,0,0,2,0
5867,1072.04,Japan,Debit Card,2444,2025-09-29 14:36:02.144923,0,2,2,0
5868,664.13,UK,Crypto,9279,2025-09-25 02:37:02.144923,0,5,1,0
5869,81.78,India,Wire,2529,2025-10-07 10:10:02.144923,0,1,4,0
5870,92.96,Germany,Credit Card,4185,2025-10-06 14:19:02.144923,0,0,0,0
5871,115.44,Germany,UPI,1012,2025-09-21 16:04:02.144923,0,0,3,0
5872,277.6,Germany,Credit Card,6276,2025-09-27 05:27:02.144923,0,0,0,0
5873,135.24,USA,Credit Card,9511,2025-09-11 13:46:02.144923,0,6,0,0
5874,392.37,India,Credit Card,5387,2025-10-09 10:12:02.144923,0,1,0,0
5875,66.1,UK,Crypto,5868,2025-10-17 17:32:02.144923,0,5,1,0
5876,413.66,Germany,Credit Card,6596,2025-10-10 22:17:02.144923,0,0,0,0
5877,638.38,India,Debit Card,6770,2025-09-12 00:51:02.144923,0,1,2,0
5878,1070.34,Japan,Credit Card,5253,2025-09-14 02:52:02.144923,0,2,0,0
5879,566.57,USA,Debit Card,9575,2025-10-06 23:45:02.144923,0,6,2,0
5880,1230.27,Germany,Crypto,7199,2025-09-27 11:46:02.144923,0,0,1,0
5881,567.34,India,Crypto,2096,2025-09-16 17:12:02.144923,0,1,1,0
5882,156.94,India,Credit Card,1969,2025-09-12 17:50:02.144923,0,1,0,0
5883,360.42,Germany,Debit Card,7903,2025-10-10 06:50:02.144923,0,0,2,0
5884,265.32,India,Debit Card,3520,2025-10-07 04:14:02.144923,0,1,2,0
5885,509.73,India,Debit Card,4251,2025-09-13 08:52:02.144923,0,1,2,0
5886,46.61,UK,Debit Card,1193,2025-09-27 18:42:02.144923,0,5,2,0
5887,1154.42,USA,UPI,8551,2025-10-14 23:37:02.144923,0,6,3,0
5888,774.63,UK,Crypto,2252,2025-09-14 07:39:02.144923,0,5,1,0
5889,477.41,USA,Debit Card,1794,2025-09-27 14:49:02.144923,0,6,2,0
5890,2247.41,USA,UPI,2626,2025-09-07 06:56:02.144923,0,6,3,1
5891,1555.29,UK,UPI,6190,2025-09-13 02:16:02.144923,0,5,3,0
5892,722.45,Germany,Crypto,9282,2025-09-13 07:59:02.144923,0,0,1,0
5893,492.48,Vietnam,Wire,9997,2025-10-09 03:15:02.144923,1,8,4,1
5894,390.59,Japan,Credit Card,8364,2025-10-10 11:20:02.144923,0,2,0,0
5895,366.93,UK,Crypto,5172,2025-09-23 22:59:02.144923,0,5,1,0
5896,257.7,UK,Wire,2320,2025-10-11 18:33:02.144923,0,5,4,0
5897,259.22,Germany,Credit Card,4459,2025-09-10 08:44:02.144923,0,0,0,0
5898,455.89,India,Credit Card,3369,2025-10-13 00:27:02.144923,0,1,0,0
5899,1016.21,UK,Credit Card,3468,2025-10-16 20:57:02.144923,0,5,0,0
5900,451.77,Japan,UPI,5037,2025-10-02 21:23:02.144923,0,2,3,0
5901,128.55,India,Debit Card,1345,2025-10-10 13:08:02.144923,0,1,2,0
5902,374.77,UK,Credit Card,2664,2025-10-17 07:04:02.144923,0,5,0,0
5903,198.76,UK,Debit Card,4873,2025-09-14 23:23:02.144923,0,5,2,0
5904,1361.11,USA,Credit Card,1649,2025-10-06 17:29:02.144923,0,6,0,1
5905,51.25,USA,UPI,6380,2025-09-27 05:08:02.144923,0,6,3,0
5906,487.48,UK,Credit Card,8851,2025-09-16 16:41:02.144923,0,5,0,0
5907,180.81,Germany,Crypto,7292,2025-10-11 00:37:02.144923,0,0,1,0
5908,390.21,USA,Wire,2912,2025-09-17 22:45:02.144923,0,6,4,0
5909,481.65,UK,Credit Card,8196,2025-09-22 06:24:02.144923,0,5,0,0
5910,887.62,India,Wire,7095,2025-09-24 22:51:02.144923,0,1,4,0
5911,336.93,Japan,Wire,9050,2025-09-12 23:45:02.144923,0,2,4,0
5912,470.47,USA,UPI,9058,2025-09-22 12:25:02.144923,0,6,3,0
5913,1160.4,UK,Wire,6680,2025-09-24 18:50:02.144923,0,5,4,0
5914,1158.22,USA,UPI,4260,2025-09-07 07:31:02.144923,0,6,3,0
5915,1889.62,India,Credit Card,3112,2025-09-21 15:59:02.144923,0,1,0,1
5916,212.13,Germany,Debit Card,9867,2025-10-08 11:08:02.144923,0,0,2,0
5917,1910.2,UK,UPI,1475,2025-09-30 14:04:02.144923,0,5,3,1
5918,371.19,India,Wire,1325,2025-09-29 00:43:02.144923,0,1,4,0
5919,1331.43,Japan,Wire,8686,2025-09-25 01:08:02.144923,0,2,4,0
5920,861.34,UK,Credit Card,4263,2025-09-08 08:34:02.144923,0,5,0,0
5921,321.94,Japan,UPI,9039,2025-09-20 22:36:02.144923,0,2,3,0
5922,1657.87,Germany,Credit Card,3135,2025-10-10 05:47:02.144923,0,0,0,1
5923,1235.49,UK,UPI,5253,2025-10-09 16:59:02.144923,0,5,3,0
5924,150.95,UK,Debit Card,6035,2025-10-12 16:09:02.144923,0,5,2,0
5925,344.4,India,Crypto,9135,2025-10-16 06:16:02.144923,0,1,1,0
5926,780.99,USA,Credit Card,1281,2025-09-26 20:07:02.144923,0,6,0,0
5927,125.99,UK,Wire,1656,2025-10-12 07:09:02.144923,0,5,4,0
5928,442.57,Germany,Credit Card,3210,2025-10-05 22:59:02.144923,0,0,0,0
5929,1016.67,UK,UPI,8468,2025-09-28 04:21:02.144923,0,5,3,0
5930,442.32,UK,Credit Card,1143,2025-09-12 07:07:02.144923,0,5,0,0
5931,567.45,UK,Debit Card,4369,2025-10-06 05:54:02.144923,0,5,2,0
5932,963.75,UK,UPI,4933,2025-09-14 15:57:02.144923,0,5,3,0
5933,665.92,Germany,Wire,8355,2025-09-13 22:54:02.144923,0,0,4,0
5934,439.65,India,Wire,3535,2025-09-28 21:29:02.144923,0,1,4,0
5935,1317.33,USA,UPI,1649,2025-09-19 01:27:02.144923,0,6,3,0
5936,524.66,Germany,Debit Card,5760,2025-09-26 12:32:02.144923,0,0,2,0
5937,482.0,Germany,Credit Card,4291,2025-09-23 23:07:02.144923,0,0,0,0
5938,1301.23,Japan,Crypto,8121,2025-09-10 18:02:02.144923,0,2,1,0
5939,685.15,USA,Wire,9364,2025-09-12 17:13:02.144923,0,6,4,0
5940,187.31,India,Debit Card,4021,2025-10-05 11:03:02.144923,0,1,2,0
5941,209.72,India,Debit Card,3048,2025-09-11 19:26:02.144923,0,1,2,0
5942,264.29,Japan,Debit Card,6323,2025-09-12 11:36:02.144923,0,2,2,0
5943,995.68,Japan,Credit Card,2894,2025-10-01 12:11:02.144923,0,2,0,0
5944,922.11,Germany,Debit Card,6320,2025-09-26 13:11:02.144923,0,0,2,0
5945,559.39,India,Debit Card,4976,2025-09-16 23:13:02.144923,0,1,2,0
5946,212.27,India,UPI,1408,2025-09-27 12:00:02.144923,0,1,3,0
5947,363.5,India,UPI,4375,2025-10-06 11:34:02.144923,0,1,3,0
5948,1212.94,Germany,Debit Card,7887,2025-10-08 06:55:02.144923,0,0,2,0
5949,430.91,India,Debit Card,8899,2025-09-11 06:32:02.144923,0,1,2,0
5950,416.84,UK,UPI,1577,2025-09-08 13:31:02.144923,0,5,3,0
5951,282.88,Japan,Credit Card,9145,2025-10-17 15:13:02.144923,0,2,0,0
5952,1017.77,Japan,UPI,5177,2025-09-28 20:43:02.144923,0,2,3,0
5953,247.65,Japan,UPI,1602,2025-09-25 03:46:02.144923,0,2,3,0
5954,834.37,Japan,UPI,4755,2025-10-13 17:01:02.144923,0,2,3,0
5955,325.07,UK,UPI,7690,2025-09-09 12:08:02.144923,0,5,3,0
5956,725.12,USA,Crypto,5069,2025-10-17 12:59:02.144923,0,6,1,0
5957,3407.119532895024,India,Wire,9994,2025-09-15 19:57:02.144923,1,1,4,1
5958,463.22,Japan,Credit Card,6334,2025-09-14 20:34:02.144923,0,2,0,0
5959,373.78,India,Credit Card,5236,2025-10-14 09:11:02.144923,0,1,0,0
5960,647.68,India,Debit Card,5234,2025-09-28 13:01:02.144923,0,1,2,0
5961,595.96,UK,Crypto,4118,2025-10-02 09:35:02.144923,0,5,1,0
5962,295.22,India,Debit Card,2083,2025-09-26 03:43:02.144923,0,1,2,0
5963,1098.69,Japan,Credit Card,2084,2025-09-13 23:04:02.144923,0,2,0,0
5964,936.61,India,Credit Card,2749,2025-10-06 13:36:02.144923,0,1,0,0
5965,216.48,UK,Debit Card,4166,2025-09-24 06:20:02.144923,0,5,2,0
5966,240.64,Japan,Wire,4546,2025-10-14 05:50:02.144923,0,2,4,0
5967,74.84,UK,Debit Card,9231,2025-09-07 15:49:02.144923,0,5,2,0
5968,872.64,Nigeria,Wire,9998,2025-10-17 12:34:02.144923,1,3,4,0
5969,387.41,USA,Wire,2994,2025-10-08 23:20:02.144923,0,6,4,0
5970,491.16,India,UPI,7580,2025-10-04 06:48:02.144923,0,1,3,0
5971,232.78,India,Credit Card,1743,2025-09-09 16:37:02.144923,0,1,0,0
5972,491.97,India,UPI,4282,2025-09-15 02:31:02.144923,0,1,3,0
5973,621.41,Germany,Credit Card,5133,2025-09-19 00:21:02.144923,0,0,0,0
5974,143.25,USA,UPI,7611,2025-10-16 21:29:02.144923,0,6,3,0
5975,611.26,UK,Wire,4427,2025-10-16 20:27:02.144923,0,5,4,0
5976,587.67,Germany,UPI,9821,2025-10-07 01:33:02.144923,0,0,3,0
5977,1259.69,Germany,Crypto,5910,2025-09-28 18:01:02.144923,0,0,1,0
5978,639.25,Japan,UPI,4985,2025-09-28 04:22:02.144923,0,2,3,0
5979,210.18,Germany,UPI,6756,2025-10-08 08:11:02.144923,0,0,3,0
5980,227.25,Germany,UPI,8443,2025-10-09 18:53:02.144923,0,0,3,0
5981,581.98,Ukraine,Crypto,9990,2025-10-07 16:12:02.144923,1,7,1,0
5982,377.76,Vietnam,Credit Card,9997,2025-10-16 21:14:02.144923,1,8,0,1
5983,826.72,UK,UPI,8976,2025-09-21 22:54:02.144923,0,5,3,0
5984,137.3,USA,Credit Card,5153,2025-09-09 19:40:02.144923,0,6,0,0
5985,899.53,UK,Debit Card,2949,2025-09-13 15:01:02.144923,0,5,2,0
5986,567.42,Japan,Wire,6493,2025-09-21 19:56:02.144923,0,2,4,0
5987,1281.2,India,Debit Card,4133,2025-10-04 20:11:02.144923,0,1,2,0
5988,452.53,USA,Crypto,3134,2025-09-29 10:29:02.144923,0,6,1,0
5989,218.5,UK,Crypto,1610,2025-10-12 22:56:02.144923,0,5,1,0
5990,198.92,USA,Credit Card,8566,2025-10-01 23:39:02.144923,0,6,0,0
5991,639.32,USA,Credit Card,7117,2025-10-10 01:12:02.144923,0,6,0,0
5992,162.67,Russia,UPI,9998,2025-10-06 11:55:02.144923,1,4,3,0
5993,1898.59,Germany,Debit Card,3561,2025-10-16 21:24:02.144923,0,0,2,0
5994,438.54,Japan,Credit Card,8045,2025-10-08 12:00:02.144923,0,2,0,0
5995,1374.76,Japan,Credit Card,1828,2025-10-16 17:28:02.144923,0,2,0,0
5996,99.3,India,Credit Card,2695,2025-10-05 20:44:02.144923,0,1,0,0
5997,28.65,UK,Wire,6774,2025-09-28 21:07:02.144923,0,5,4,0
5998,266.13,India,Credit Card,4465,2025-09-27 09:32:02.144923,0,1,0,0
5999,669.48,UK,Wire,1265,2025-09-21 02:21:02.144923,0,5,4,0
6000,542.38,USA,Crypto,2289,2025-10-13 18:44:02.144923,0,6,1,0
6001,302.86,UK,UPI,6411,2025-10-05 13:47:02.144923,0,5,3,0
6002,662.39,UK,Debit Card,1472,2025-10-03 14:35:02.144923,0,5,2,0
6003,406.85,USA,Credit Card,7542,2025-09-30 11:38:02.144923,0,6,0,0
6004,167.67,India,Wire,6192,2025-09-12 09:50:02.144923,0,1,4,0
6005,1515.65,UK,Credit Card,2896,2025-09-25 20:54:02.144923,0,5,0,1
6006,25.65,India,Credit Card,4154,2025-10-09 10:42:02.144923,0,1,0,0
6007,602.45,India,Wire,7317,2025-09-18 14:14:02.144923,0,1,4,0
6008,516.72,Japan,Credit Card,2611,2025-10-17 14:18:02.144923,0,2,0,0
6009,527.05,USA,Debit Card,7434,2025-10-11 12:21:02.144923,0,6,2,0
6010,1034.52,USA,Crypto,5476,2025-09-20 22:42:02.144923,0,6,1,0
6011,193.56,Germany,UPI,9377,2025-09-07 19:34:02.144923,0,0,3,0
6012,184.05,India,Credit Card,4333,2025-09-20 06:42:02.144923,0,1,0,0
6013,1036.36,Germany,Wire,3226,2025-09-21 21:28:02.144923,0,0,4,0
6014,772.87,USA,Debit Card,4213,2025-10-03 13:35:02.144923,0,6,2,0
6015,1322.78,USA,Credit Card,5015,2025-10-08 21:50:02.144923,0,6,0,0
6016,423.08,Germany,Crypto,2291,2025-10-14 17:14:02.144923,0,0,1,0
6017,412.21,USA,Crypto,3517,2025-09-12 05:06:02.144923,0,6,1,0
6018,961.37,USA,Wire,9049,2025-09-12 03:26:02.144923,0,6,4,0
6019,1198.19,Japan,Credit Card,3154,2025-09-15 13:12:02.144923,0,2,0,0
6020,169.7,UK,Credit Card,8604,2025-10-12 07:07:02.144923,0,5,0,0
6021,1830.07,Japan,Credit Card,4102,2025-09-20 09:08:02.144923,0,2,0,1
6022,342.66,UK,Crypto,4618,2025-09-17 12:25:02.144923,0,5,1,0
6023,2002.27247064566,Japan,Credit Card,9997,2025-09-24 17:01:02.144923,1,2,0,1
6024,764.02,Japan,Credit Card,1520,2025-10-04 16:15:02.144923,0,2,0,0
6025,1054.22,India,Credit Card,2644,2025-09-25 07:17:02.144923,0,1,0,0
6026,853.7,Germany,Credit Card,1654,2025-09-27 04:50:02.144923,0,0,0,0
6027,536.3,Japan,Wire,1041,2025-09-19 18:10:02.144923,0,2,4,0
6028,847.74,India,Crypto,4784,2025-09-08 05:14:02.144923,0,1,1,0
6029,374.86,Japan,UPI,4951,2025-09-12 15:32:02.144923,0,2,3,0
6030,317.07,Germany,Wire,6420,2025-09-09 07:30:02.144923,0,0,4,0
6031,522.83,India,Credit Card,2513,2025-09-17 18:33:02.144923,0,1,0,0
6032,1155.63,UK,UPI,5766,2025-10-14 16:11:02.144923,0,5,3,0
6033,751.45,Germany,Debit Card,4736,2025-10-14 00:13:02.144923,0,0,2,0
6034,349.79,USA,UPI,5924,2025-09-27 00:52:02.144923,0,6,3,0
6035,474.06,India,Wire,8892,2025-10-06 09:26:02.144923,0,1,4,0
6036,995.71,USA,Crypto,9411,2025-10-13 00:52:02.144923,0,6,1,0
6037,619.81,India,Wire,5009,2025-10-01 13:35:02.144923,0,1,4,0
6038,564.5,UK,Crypto,5959,2025-10-09 19:38:02.144923,0,5,1,0
6039,574.11,India,Crypto,2629,2025-09-16 14:58:02.144923,0,1,1,0
6040,178.71,Japan,Crypto,8226,2025-09-20 02:42:02.144923,0,2,1,0
6041,82.15,USA,Debit Card,4249,2025-10-12 14:16:02.144923,0,6,2,0
6042,1077.0,USA,UPI,1460,2025-09-11 18:31:02.144923,0,6,3,0
6043,519.95,India,Wire,1289,2025-09-17 11:52:02.144923,0,1,4,0
6044,585.81,Japan,Wire,1223,2025-09-21 13:01:02.144923,0,2,4,0
6045,359.44,Japan,Crypto,3445,2025-10-14 07:56:02.144923,0,2,1,0
6046,1338.03,India,Debit Card,8327,2025-09-24 14:03:02.144923,0,1,2,0
6047,333.62,Germany,Debit Card,1453,2025-10-03 15:58:02.144923,0,0,2,0
6048,403.94,UK,Credit Card,3046,2025-09-26 01:58:02.144923,0,5,0,0
6049,1061.99,India,Debit Card,6911,2025-10-04 07:48:02.144923,0,1,2,0
6050,343.06,Japan,Crypto,9882,2025-09-14 21:17:02.144923,0,2,1,0
6051,592.48,UK,Crypto,6479,2025-09-25 12:31:02.144923,0,5,1,0
6052,145.64,India,UPI,4386,2025-09-14 12:33:02.144923,0,1,3,0
6053,235.39,UK,Crypto,5701,2025-10-04 20:47:02.144923,0,5,1,0
6054,123.55,Germany,UPI,5824,2025-09-27 16:49:02.144923,0,0,3,0
6055,539.56,Japan,Debit Card,7165,2025-09-14 00:07:02.144923,0,2,2,0
6056,566.48,Germany,Credit Card,3468,2025-10-16 22:18:02.144923,0,0,0,0
6057,592.19,Germany,Wire,7090,2025-09-18 12:37:02.144923,0,0,4,0
6058,415.45,Japan,Crypto,6774,2025-10-07 19:26:02.144923,0,2,1,0
6059,433.56,Germany,Debit Card,3315,2025-09-20 19:58:02.144923,0,0,2,0
6060,292.46,India,Crypto,4925,2025-09-10 15:43:02.144923,0,1,1,0
6061,2816.447081897872,India,UPI,9995,2025-09-28 06:12:02.144923,1,1,3,1
6062,944.8766570359244,UK,Debit Card,9997,2025-09-26 13:07:02.144923,1,5,2,0
6063,661.3,India,Wire,5751,2025-10-10 11:42:02.144923,0,1,4,0
6064,882.42,India,UPI,8796,2025-09-23 05:49:02.144923,0,1,3,0
6065,445.22,UK,Debit Card,3218,2025-10-09 09:13:02.144923,0,5,2,0
6066,435.04,USA,Wire,8915,2025-10-11 17:34:02.144923,0,6,4,0
6067,540.96,Japan,UPI,7543,2025-09-24 00:13:02.144923,0,2,3,0
6068,1313.73,India,Wire,8106,2025-10-05 10:18:02.144923,0,1,4,0
6069,474.81,UK,Debit Card,1874,2025-10-15 03:13:02.144923,0,5,2,0
6070,4280.070915137106,Germany,UPI,9996,2025-10-03 00:58:02.144923,1,0,3,1
6071,2297.49,Germany,Credit Card,6987,2025-09-17 09:42:02.144923,0,0,0,1
6072,423.03,India,Crypto,2178,2025-10-10 13:04:02.144923,0,1,1,0
6073,649.01,Japan,Credit Card,1629,2025-09-24 09:18:02.144923,0,2,0,0
6074,629.35,UK,Wire,7519,2025-10-10 03:46:02.144923,0,5,4,0
6075,379.87,UK,Debit Card,7014,2025-09-18 03:32:02.144923,0,5,2,0
6076,680.33,UK,Crypto,1080,2025-10-10 09:27:02.144923,0,5,1,0
6077,132.25,UK,Debit Card,1909,2025-09-23 00:46:02.144923,0,5,2,0
6078,434.05,UK,Wire,9641,2025-09-22 03:44:02.144923,0,5,4,0
6079,230.4,Japan,Debit Card,4070,2025-10-09 01:47:02.144923,0,2,2,0
6080,692.81,UK,UPI,6429,2025-10-13 00:41:02.144923,0,5,3,0
6081,111.23,Japan,UPI,5078,2025-09-24 10:31:02.144923,0,2,3,0
6082,800.88,Japan,Wire,2979,2025-10-10 09:02:02.144923,0,2,4,0
6083,22.3,Japan,Debit Card,5775,2025-10-05 21:55:02.144923,0,2,2,0
6084,660.79,Germany,Wire,7828,2025-10-17 07:11:02.144923,0,0,4,0
6085,197.25,USA,Crypto,1729,2025-09-13 22:50:02.144923,0,6,1,0
6086,304.03,India,Debit Card,8905,2025-09-09 10:34:02.144923,0,1,2,0
6087,417.02,Germany,UPI,4020,2025-10-09 02:09:02.144923,0,0,3,0
6088,1378.23,USA,Credit Card,5775,2025-10-02 01:23:02.144923,0,6,0,0
6089,195.13,Germany,UPI,2320,2025-09-29 14:48:02.144923,0,0,3,0
6090,489.23,Japan,Debit Card,7332,2025-09-21 07:32:02.144923,0,2,2,0
6091,1128.29,Japan,Debit Card,4264,2025-10-16 21:24:02.144923,0,2,2,0
6092,506.33,UK,Debit Card,5608,2025-10-17 23:47:02.144923,0,5,2,0
6093,734.2,Japan,Debit Card,3908,2025-10-17 10:17:02.144923,0,2,2,0
6094,1023.54,Germany,Crypto,4043,2025-10-13 11:43:02.144923,0,0,1,0
6095,298.02,India,Credit Card,3190,2025-09-21 00:06:02.144923,0,1,0,0
6096,329.01,Japan,UPI,6946,2025-10-06 01:02:02.144923,0,2,3,0
6097,191.97,USA,Crypto,4504,2025-09-26 11:11:02.144923,0,6,1,0
6098,1137.48,Germany,Wire,8306,2025-09-07 12:37:02.144923,0,0,4,0
6099,1521.02,USA,Debit Card,9981,2025-09-19 10:48:02.144923,0,6,2,0
6100,144.23,UK,UPI,9114,2025-10-17 05:29:02.144923,0,5,3,0
6101,609.61,UK,Wire,8964,2025-10-03 04:38:02.144923,0,5,4,0
6102,301.13,India,Credit Card,2964,2025-09-13 23:40:02.144923,0,1,0,0
6103,316.17,Germany,UPI,9608,2025-10-01 18:16:02.144923,0,0,3,0
6104,763.36,India,Crypto,2344,2025-09-26 00:17:02.144923,0,1,1,0
6105,520.79,USA,Wire,3737,2025-10-06 05:22:02.144923,0,6,4,0
6106,713.58,India,UPI,3645,2025-09-28 19:30:02.144923,0,1,3,0
6107,1492.99,USA,Crypto,1804,2025-10-17 05:35:02.144923,0,6,1,0
6108,632.18,India,Debit Card,9021,2025-09-28 23:36:02.144923,0,1,2,0
6109,782.75,UK,UPI,7021,2025-09-16 01:47:02.144923,0,5,3,0
6110,997.44,Germany,Debit Card,5918,2025-09-25 09:22:02.144923,0,0,2,0
6111,275.93,India,Wire,5405,2025-09-14 05:07:02.144923,0,1,4,0
6112,836.04,USA,Wire,5798,2025-09-09 10:34:02.144923,0,6,4,0
6113,309.46,Germany,Wire,3575,2025-10-15 01:30:02.144923,0,0,4,0
6114,159.42,UK,Debit Card,7783,2025-10-15 11:35:02.144923,0,5,2,0
6115,672.72,UK,Debit Card,5792,2025-10-06 13:16:02.144923,0,5,2,0
6116,177.18,Japan,Crypto,4713,2025-10-17 08:55:02.144923,0,2,1,0
6117,523.54,Germany,UPI,9796,2025-10-11 23:00:02.144923,0,0,3,0
6118,436.1,India,Crypto,5416,2025-10-07 04:50:02.144923,0,1,1,0
6119,1244.01,UK,Debit Card,1303,2025-09-24 08:13:02.144923,0,5,2,0
6120,176.14,India,UPI,1518,2025-10-10 09:30:02.144923,0,1,3,0
6121,635.12,India,Wire,5030,2025-10-17 14:33:02.144923,0,1,4,0
6122,251.97,USA,Crypto,7335,2025-10-11 04:48:02.144923,0,6,1,0
6123,111.7,India,Crypto,7165,2025-10-06 00:07:02.144923,0,1,1,0
6124,61.03,Japan,Crypto,1079,2025-09-07 21:17:02.144923,0,2,1,0
6125,182.59,Germany,Debit Card,9294,2025-10-18 04:05:02.144923,0,0,2,0
6126,175.08,Germany,UPI,9920,2025-10-07 14:38:02.144923,0,0,3,0
6127,64.18,USA,Wire,3450,2025-10-16 23:21:02.144923,0,6,4,0
6128,915.14,Japan,Debit Card,5914,2025-10-16 08:49:02.144923,0,2,2,0
6129,1084.74,Japan,Wire,9931,2025-09-20 03:08:02.144923,0,2,4,0
6130,265.59,Germany,Credit Card,6709,2025-10-06 03:44:02.144923,0,0,0,0
6131,350.48,Japan,Credit Card,9785,2025-10-04 07:33:02.144923,0,2,0,0
6132,411.76,UK,Wire,4549,2025-09-15 15:32:02.144923,0,5,4,0
6133,995.93,India,Credit Card,1562,2025-09-30 09:09:02.144923,0,1,0,0
6134,1009.93,India,UPI,6010,2025-10-07 20:02:02.144923,0,1,3,0
6135,626.72,Germany,UPI,2699,2025-09-20 11:49:02.144923,0,0,3,0
6136,611.46,Germany,Debit Card,7394,2025-09-15 09:22:02.144923,0,0,2,0
6137,325.91,Japan,Wire,9916,2025-09-14 09:55:02.144923,0,2,4,0
6138,62.11,USA,Debit Card,2342,2025-10-12 16:33:02.144923,0,6,2,0
6139,399.28,Germany,UPI,2895,2025-09-23 18:47:02.144923,0,0,3,0
6140,1131.73,Germany,UPI,7228,2025-09-12 04:37:02.144923,0,0,3,0
6141,287.53,Germany,UPI,5100,2025-09-07 15:02:02.144923,0,0,3,0
6142,370.67,Japan,Crypto,3282,2025-09-25 11:05:02.144923,0,2,1,0
6143,859.31,UK,Credit Card,1374,2025-09-25 09:10:02.144923,0,5,0,0
6144,357.96,Germany,Debit Card,3322,2025-10-14 16:37:02.144923,0,0,2,0
6145,411.46,UK,Debit Card,5723,2025-10-08 23:36:02.144923,0,5,2,0
6146,873.04,Japan,UPI,3051,2025-09-30 12:03:02.144923,0,2,3,0
6147,60.97,USA,Crypto,2547,2025-10-17 03:37:02.144923,0,6,1,0
6148,170.77,India,Debit Card,3453,2025-10-01 12:37:02.144923,0,1,2,0
6149,1619.04,India,Debit Card,3364,2025-09-22 04:28:02.144923,0,1,2,0
6150,868.59,India,Crypto,8598,2025-10-10 14:55:02.144923,0,1,1,0
6151,950.04,India,UPI,7483,2025-10-10 21:07:02.144923,0,1,3,0
6152,614.84,Japan,Crypto,8821,2025-10-15 23:03:02.144923,0,2,1,0
6153,672.58,India,Credit Card,5614,2025-09-07 08:29:02.144923,0,1,0,0
6154,295.86,Japan,Debit Card,7030,2025-09-13 16:47:02.144923,0,2,2,0
6155,397.48,USA,Credit Card,1923,2025-09-30 22:13:02.144923,0,6,0,0
6156,970.08,Germany,Debit Card,5786,2025-10-13 20:47:02.144923,0,0,2,0
6157,337.69,Germany,Credit Card,7758,2025-10-15 09:47:02.144923,0,0,0,0
6158,287.54,Germany,Debit Card,8467,2025-09-27 11:29:02.144923,0,0,2,0
6159,486.91,Japan,UPI,8221,2025-09-19 11:41:02.144923,0,2,3,0
6160,618.08,Japan,Wire,3258,2025-10-09 18:27:02.144923,0,2,4,0
6161,1180.23,Japan,Crypto,5542,2025-09-18 23:40:02.144923,0,2,1,0
6162,2619.52,USA,Debit Card,1069,2025-09-24 21:00:02.144923,0,6,2,1
6163,216.14,UK,Crypto,6913,2025-10-17 05:22:02.144923,0,5,1,0
6164,799.47,Japan,Debit Card,9125,2025-09-16 22:08:02.144923,0,2,2,0
6165,529.94,Japan,Wire,8391,2025-10-03 06:51:02.144923,0,2,4,0
6166,80.15,Germany,UPI,1367,2025-10-02 15:12:02.144923,0,0,3,0
6167,1360.12,India,UPI,2883,2025-09-23 17:34:02.144923,0,1,3,0
6168,362.08,India,Crypto,6308,2025-09-17 14:56:02.144923,0,1,1,0
6169,344.61,USA,Wire,7529,2025-09-24 22:16:02.144923,0,6,4,0
6170,1359.8,India,Crypto,9876,2025-09-20 17:55:02.144923,0,1,1,0
6171,475.08,UK,UPI,6076,2025-09-15 22:13:02.144923,0,5,3,0
6172,1099.14,Germany,Credit Card,7925,2025-09-20 22:47:02.144923,0,0,0,0
6173,411.31,USA,Crypto,7820,2025-09-20 21:02:02.144923,0,6,1,0
6174,720.82,India,Debit Card,4713,2025-09-19 23:18:02.144923,0,1,2,0
6175,450.78,India,UPI,4201,2025-09-13 02:48:02.144923,0,1,3,0
6176,248.83,Germany,Debit Card,2920,2025-09-27 10:17:02.144923,0,0,2,0
6177,737.65,USA,Wire,9879,2025-09-16 17:55:02.144923,0,6,4,0
6178,860.57,Germany,UPI,1152,2025-09-28 13:44:02.144923,0,0,3,0
6179,500.57,USA,UPI,5653,2025-09-30 19:11:02.144923,0,6,3,0
6180,62.37,India,Crypto,8517,2025-09-22 14:29:02.144923,0,1,1,0
6181,176.64,Germany,Crypto,8176,2025-10-18 12:32:02.144923,0,0,1,0
6182,323.17,Germany,Debit Card,7473,2025-10-17 15:52:02.144923,0,0,2,0
6183,1288.71,UK,Crypto,4790,2025-09-29 16:26:02.144923,0,5,1,0
6184,479.76,Germany,Credit Card,7896,2025-10-04 04:42:02.144923,0,0,0,0
6185,1273.17,USA,UPI,5098,2025-09-18 09:47:02.144923,0,6,3,0
6186,1008.82,UK,Wire,8576,2025-09-18 12:52:02.144923,0,5,4,0
6187,343.82,Germany,UPI,2059,2025-09-28 01:16:02.144923,0,0,3,0
6188,581.53,Germany,Debit Card,3858,2025-09-20 15:25:02.144923,0,0,2,0
6189,876.09,UK,Crypto,8601,2025-10-06 19:43:02.144923,0,5,1,0
6190,260.44,India,UPI,6950,2025-10-17 11:54:02.144923,0,1,3,0
6191,829.74,Germany,Crypto,9148,2025-10-16 19:00:02.144923,0,0,1,0
6192,760.54,Japan,Debit Card,3266,2025-09-11 13:05:02.144923,0,2,2,0
6193,247.78,India,Crypto,3248,2025-10-01 11:16:02.144923,0,1,1,0
6194,710.07,Germany,Wire,5489,2025-10-14 12:38:02.144923,0,0,4,0
6195,461.77,India,Debit Card,8706,2025-10-09 12:25:02.144923,0,1,2,0
6196,140.84,USA,UPI,9792,2025-10-11 14:24:02.144923,0,6,3,0
6197,323.18,India,UPI,8986,2025-09-07 02:07:02.144923,0,1,3,0
6198,313.41,UK,Wire,1835,2025-09-07 13:40:02.144923,0,5,4,0
6199,1444.19,Germany,Credit Card,9591,2025-09-19 14:00:02.144923,0,0,0,0
6200,179.59,India,Crypto,2007,2025-09-15 22:27:02.144923,0,1,1,0
6201,287.14,Japan,UPI,9958,2025-10-15 12:30:02.144923,0,2,3,0
6202,663.87,USA,Wire,1432,2025-09-20 06:33:02.144923,0,6,4,0
6203,520.83,USA,Crypto,9591,2025-09-13 17:38:02.144923,0,6,1,0
6204,427.34,India,Debit Card,6121,2025-10-12 03:41:02.144923,0,1,2,0
6205,421.06,UK,Wire,1328,2025-09-25 12:17:02.144923,0,5,4,0
6206,5237.427352491736,USA,Debit Card,9992,2025-09-19 20:37:02.144923,1,6,2,1
6207,252.64,India,Debit Card,2612,2025-09-18 17:42:02.144923,0,1,2,0
6208,192.0,India,Debit Card,5245,2025-09-09 09:56:02.144923,0,1,2,0
6209,60.01,USA,Crypto,3004,2025-09-13 22:17:02.144923,0,6,1,0
6210,337.96,India,Credit Card,7703,2025-10-14 01:25:02.144923,0,1,0,0
6211,149.17,India,Debit Card,7769,2025-10-11 21:15:02.144923,0,1,2,0
6212,3730.34808489783,Japan,UPI,9998,2025-09-13 14:40:02.144923,1,2,3,1
6213,85.94,India,Crypto,7719,2025-09-15 10:44:02.144923,0,1,1,0
6214,383.56,India,Crypto,4010,2025-09-09 22:57:02.144923,0,1,1,0
6215,625.78,UK,Debit Card,5245,2025-10-17 10:04:02.144923,0,5,2,0
6216,482.87,USA,UPI,4118,2025-10-13 19:03:02.144923,0,6,3,0
6217,780.04,UK,Wire,1361,2025-09-25 00:59:02.144923,0,5,4,0
6218,1074.52,Germany,Crypto,2716,2025-09-26 20:28:02.144923,0,0,1,0
6219,613.7,UK,Debit Card,3421,2025-09-23 04:13:02.144923,0,5,2,0
6220,491.99,Vietnam,Debit Card,9994,2025-10-07 17:52:02.144923,1,8,2,1
6221,678.26,Germany,Credit Card,8268,2025-09-12 03:18:02.144923,0,0,0,0
6222,629.51,UK,Credit Card,4461,2025-09-18 22:19:02.144923,0,5,0,0
6223,881.53,Japan,Wire,4981,2025-09-26 12:20:02.144923,0,2,4,0
6224,517.25,UK,Wire,5728,2025-10-08 20:29:02.144923,0,5,4,0
6225,163.01,USA,Wire,3050,2025-09-10 06:39:02.144923,0,6,4,0
6226,1038.76,UK,Wire,5259,2025-09-13 21:36:02.144923,0,5,4,0
6227,92.11,Japan,Debit Card,5712,2025-10-09 17:38:02.144923,0,2,2,0
6228,829.66,UK,Debit Card,9027,2025-10-13 12:44:02.144923,0,5,2,0
6229,667.33,Japan,Debit Card,5261,2025-10-12 14:58:02.144923,0,2,2,0
6230,680.26,USA,UPI,7203,2025-09-20 18:35:02.144923,0,6,3,0
6231,528.46,India,Wire,6864,2025-09-29 07:09:02.144923,0,1,4,0
6232,2152.9574795681583,Japan,UPI,9992,2025-09-28 23:00:02.144923,1,2,3,1
6233,458.29,Japan,Crypto,9852,2025-10-12 18:13:02.144923,0,2,1,0
6234,1141.44,Japan,Crypto,6242,2025-09-26 10:39:02.144923,0,2,1,0
6235,696.04,USA,Debit Card,5562,2025-09-13 14:58:02.144923,0,6,2,0
6236,701.51,Germany,Crypto,8456,2025-10-09 05:13:02.144923,0,0,1,0
6237,1161.02,Japan,Debit Card,9707,2025-09-22 19:15:02.144923,0,2,2,0
6238,1254.27,USA,Wire,7380,2025-09-12 10:12:02.144923,0,6,4,0
6239,856.63,India,UPI,9911,2025-10-17 01:25:02.144923,0,1,3,0
6240,1737.85,Japan,Debit Card,9363,2025-09-13 08:26:02.144923,0,2,2,0
6241,692.68,Germany,Credit Card,2469,2025-10-15 06:39:02.144923,0,0,0,0
6242,854.52,USA,Credit Card,2173,2025-10-13 04:01:02.144923,0,6,0,0
6243,987.49,India,Wire,5666,2025-09-23 21:03:02.144923,0,1,4,0
6244,1212.28,Germany,UPI,5900,2025-09-28 02:11:02.144923,0,0,3,0
6245,229.04,India,Debit Card,2174,2025-09-07 19:43:02.144923,0,1,2,0
6246,150.34,Germany,Wire,4744,2025-09-24 13:34:02.144923,0,0,4,0
6247,173.7,UK,UPI,5208,2025-10-16 13:08:02.144923,0,5,3,0
6248,339.71,UK,Credit Card,5031,2025-10-17 05:39:02.144923,0,5,0,0
6249,1011.09,UK,Debit Card,7631,2025-10-08 08:29:02.144923,0,5,2,0
6250,413.79,India,UPI,8101,2025-09-22 20:31:02.144923,0,1,3,0
6251,460.97,UK,Crypto,5021,2025-09-11 06:37:02.144923,0,5,1,0
6252,150.5,USA,Debit Card,9889,2025-10-01 07:45:02.144923,0,6,2,0
6253,167.3,USA,Crypto,2774,2025-10-04 07:54:02.144923,0,6,1,0
6254,330.66,UK,Wire,6366,2025-09-18 21:58:02.144923,0,5,4,0
6255,266.15,Germany,UPI,4473,2025-09-24 20:44:02.144923,0,0,3,0
6256,868.21,Germany,UPI,5063,2025-10-14 05:24:02.144923,0,0,3,0
6257,149.68,India,UPI,9123,2025-09-11 16:49:02.144923,0,1,3,0
6258,185.92,Germany,UPI,7268,2025-09-14 07:23:02.144923,0,0,3,0
6259,627.91,Japan,Debit Card,5608,2025-10-02 17:43:02.144923,0,2,2,0
6260,418.2,Germany,Crypto,3680,2025-09-18 17:51:02.144923,0,0,1,0
6261,390.8,USA,Crypto,7744,2025-10-10 19:11:02.144923,0,6,1,0
6262,1002.32,Germany,Wire,4603,2025-10-16 06:25:02.144923,0,0,4,0
6263,400.0,India,Wire,4344,2025-10-05 09:00:02.144923,0,1,4,0
6264,513.79,Germany,UPI,6913,2025-10-14 00:00:02.144923,0,0,3,0
6265,333.36,India,Credit Card,9218,2025-09-24 02:39:02.144923,0,1,0,0
6266,461.95,Japan,Credit Card,4771,2025-09-28 01:51:02.144923,0,2,0,0
6267,888.66,UK,UPI,7742,2025-09-12 16:11:02.144923,0,5,3,0
6268,366.88,Japan,Crypto,9758,2025-09-10 09:24:02.144923,0,2,1,0
6269,575.02,USA,Wire,9438,2025-10-04 18:07:02.144923,0,6,4,0
6270,370.99,Japan,Debit Card,2523,2025-10-17 03:02:02.144923,0,2,2,0
6271,57.19,Japan,Credit Card,3364,2025-09-12 00:38:02.144923,0,2,0,0
6272,272.88,USA,Wire,8601,2025-09-14 14:57:02.144923,0,6,4,0
6273,325.76,USA,Credit Card,6352,2025-09-11 08:47:02.144923,0,6,0,0
6274,510.37,UK,Crypto,6054,2025-10-09 23:16:02.144923,0,5,1,0
6275,765.78,UK,Crypto,7925,2025-10-07 14:41:02.144923,0,5,1,0
6276,430.22,Germany,UPI,4965,2025-09-30 22:39:02.144923,0,0,3,0
6277,361.16,India,UPI,4692,2025-10-15 00:34:02.144923,0,1,3,0
6278,606.77,USA,Credit Card,6081,2025-09-07 04:12:02.144923,0,6,0,0
6279,492.34,Japan,Credit Card,2773,2025-09-07 11:39:02.144923,0,2,0,0
6280,148.43,Japan,Wire,3937,2025-09-20 02:21:02.144923,0,2,4,0
6281,1278.63,UK,UPI,4890,2025-09-11 14:48:02.144923,0,5,3,0
6282,382.7,India,Crypto,8536,2025-09-13 16:13:02.144923,0,1,1,0
6283,492.28,USA,Wire,8335,2025-10-07 17:15:02.144923,0,6,4,0
6284,119.48,UK,Wire,2091,2025-09-18 10:02:02.144923,0,5,4,0
6285,1044.18,India,Debit Card,9119,2025-10-01 18:32:02.144923,0,1,2,0
6286,342.3,USA,Crypto,7106,2025-09-20 13:39:02.144923,0,6,1,0
6287,1371.15,Japan,Wire,9938,2025-09-18 16:18:02.144923,0,2,4,0
6288,474.11,Japan,Debit Card,5440,2025-09-11 04:48:02.144923,0,2,2,0
6289,733.28,UK,UPI,4601,2025-09-08 07:20:02.144923,0,5,3,0
6290,368.71,India,Crypto,4516,2025-10-11 06:26:02.144923,0,1,1,0
6291,159.74,Japan,UPI,3852,2025-10-02 20:12:02.144923,0,2,3,0
6292,662.2,India,Debit Card,1591,2025-09-08 01:27:02.144923,0,1,2,0
6293,657.1,UK,Crypto,1692,2025-09-20 10:10:02.144923,0,5,1,0
6294,42.3,Germany,Credit Card,2163,2025-09-30 12:43:02.144923,0,0,0,0
6295,144.49,India,Credit Card,9600,2025-09-19 03:41:02.144923,0,1,0,0
6296,1028.41,India,Credit Card,3382,2025-09-24 05:17:02.144923,0,1,0,0
6297,344.16,UK,Wire,6400,2025-09-08 19:43:02.144923,0,5,4,0
6298,798.73,Germany,Credit Card,9596,2025-09-21 11:02:02.144923,0,0,0,0
6299,1809.29,Japan,Wire,6842,2025-09-15 13:22:02.144923,0,2,4,0
6300,687.23,USA,Wire,6975,2025-09-10 04:01:02.144923,0,6,4,0
6301,480.13,UK,Debit Card,5742,2025-10-07 05:34:02.144923,0,5,2,0
6302,270.18,USA,Credit Card,2483,2025-10-17 06:44:02.144923,0,6,0,0
6303,608.32,Germany,Crypto,6158,2025-10-06 12:15:02.144923,0,0,1,0
6304,659.93,Germany,Wire,2584,2025-09-25 17:02:02.144923,0,0,4,0
6305,520.03,India,Debit Card,9408,2025-09-27 20:25:02.144923,0,1,2,0
6306,821.21,USA,Wire,8413,2025-10-13 17:01:02.144923,0,6,4,0
6307,174.85,USA,Crypto,1742,2025-09-21 17:40:02.144923,0,6,1,0
6308,527.42,Germany,Crypto,5513,2025-09-08 03:58:02.144923,0,0,1,0
6309,481.75,USA,Credit Card,4982,2025-09-14 21:04:02.144923,0,6,0,0
6310,306.6,Japan,Wire,3855,2025-09-27 04:35:02.144923,0,2,4,0
6311,648.57,Germany,Crypto,5046,2025-10-03 23:22:02.144923,0,0,1,0
6312,158.71,India,UPI,4684,2025-09-11 18:50:02.144923,0,1,3,0
6313,255.58,India,Crypto,9641,2025-09-17 14:01:02.144923,0,1,1,0
6314,375.22,India,Crypto,2115,2025-09-29 18:51:02.144923,0,1,1,0
6315,422.32,USA,Wire,3837,2025-09-08 03:45:02.144923,0,6,4,0
6316,673.01,Germany,Crypto,4428,2025-09-27 03:51:02.144923,0,0,1,0
6317,724.83,India,Debit Card,8044,2025-09-23 01:29:02.144923,0,1,2,0
6318,248.72,Germany,Crypto,3193,2025-09-15 07:42:02.144923,0,0,1,0
6319,1363.22,USA,UPI,4338,2025-10-13 05:48:02.144923,0,6,3,0
6320,644.15,Japan,Crypto,3166,2025-09-11 17:33:02.144923,0,2,1,0
6321,1637.28,Japan,Credit Card,2526,2025-09-22 05:02:02.144923,0,2,0,0
6322,1195.18,Japan,Wire,9455,2025-09-11 00:46:02.144923,0,2,4,0
6323,313.29,USA,UPI,4418,2025-09-22 22:12:02.144923,0,6,3,0
6324,158.02,India,Debit Card,3712,2025-09-21 05:45:02.144923,0,1,2,0
6325,122.19,USA,Crypto,1786,2025-09-09 21:55:02.144923,0,6,1,0
6326,49.69,Germany,Crypto,5988,2025-10-10 01:19:02.144923,0,0,1,0
6327,581.72,Japan,Debit Card,1235,2025-10-17 07:26:02.144923,0,2,2,0
6328,292.46,Germany,Crypto,4334,2025-09-09 17:41:02.144923,0,0,1,0
6329,756.05,USA,Credit Card,2074,2025-10-01 08:18:02.144923,0,6,0,0
6330,305.56,UK,UPI,1743,2025-10-02 19:28:02.144923,0,5,3,0
6331,245.98,UK,Crypto,2005,2025-10-10 19:54:02.144923,0,5,1,0
6332,723.33,USA,Debit Card,9204,2025-10-05 03:39:02.144923,0,6,2,0
6333,1911.67,India,Debit Card,8024,2025-10-17 04:52:02.144923,0,1,2,0
6334,1176.31,Germany,UPI,2850,2025-10-10 00:47:02.144923,0,0,3,0
6335,732.07,USA,Credit Card,5901,2025-09-14 17:05:02.144923,0,6,0,0
6336,1097.24,USA,UPI,4603,2025-10-10 16:29:02.144923,0,6,3,0
6337,677.85,UK,Crypto,3260,2025-09-12 12:56:02.144923,0,5,1,0
6338,42.53,Japan,Credit Card,8814,2025-09-20 04:59:02.144923,0,2,0,0
6339,830.6,Japan,Credit Card,2288,2025-10-13 13:18:02.144923,0,2,0,0
6340,714.62,India,Debit Card,3153,2025-10-06 11:13:02.144923,0,1,2,0
6341,950.14,India,Credit Card,5582,2025-10-15 13:55:02.144923,0,1,0,0
6342,290.66,India,Crypto,5499,2025-09-13 20:17:02.144923,0,1,1,0
6343,1052.44,UK,Crypto,5485,2025-10-18 01:04:02.144923,0,5,1,0
6344,172.26,USA,Crypto,1607,2025-09-15 20:14:02.144923,0,6,1,0
6345,550.33,India,Wire,5044,2025-10-09 11:07:02.144923,0,1,4,0
6346,487.47,UK,Credit Card,8143,2025-09-20 10:18:02.144923,0,5,0,0
6347,24.17,Germany,Credit Card,3836,2025-10-14 07:20:02.144923,0,0,0,0
6348,319.9,USA,Crypto,9901,2025-09-09 10:35:02.144923,0,6,1,0
6349,707.28,Vietnam,Debit Card,9992,2025-09-17 00:19:02.144923,1,8,2,1
6350,327.1,Japan,Credit Card,4598,2025-09-20 15:16:02.144923,0,2,0,0
6351,1281.43,Japan,Wire,1091,2025-10-04 21:41:02.144923,0,2,4,0
6352,583.63,USA,Credit Card,1099,2025-09-12 02:13:02.144923,0,6,0,0
6353,400.55,India,UPI,9877,2025-10-15 12:44:02.144923,0,1,3,0
6354,1056.32,USA,Wire,8622,2025-09-30 10:53:02.144923,0,6,4,0
6355,351.88,India,Debit Card,2750,2025-09-15 11:11:02.144923,0,1,2,0
6356,186.91,Japan,Wire,4669,2025-09-11 18:30:02.144923,0,2,4,0
6357,747.3,USA,Wire,1393,2025-09-10 05:26:02.144923,0,6,4,0
6358,155.55,USA,Credit Card,9785,2025-10-18 15:54:02.144923,0,6,0,0
6359,332.3,India,Wire,9139,2025-10-13 10:25:02.144923,0,1,4,0
6360,509.39,Japan,Crypto,4052,2025-09-30 12:29:02.144923,0,2,1,0
6361,396.72,Japan,Wire,9696,2025-09-13 01:58:02.144923,0,2,4,0
6362,2902.13,India,Credit Card,6236,2025-09-23 04:48:02.144923,0,1,0,1
6363,682.97,India,Crypto,4750,2025-09-23 00:03:02.144923,0,1,1,0
6364,452.68,India,Debit Card,2777,2025-09-22 14:14:02.144923,0,1,2,0
6365,298.01,Japan,UPI,7933,2025-09-16 16:47:02.144923,0,2,3,0
6366,640.29,Japan,Wire,9325,2025-09-25 08:50:02.144923,0,2,4,0
6367,1086.93,Russia,Crypto,9997,2025-10-11 03:09:02.144923,1,4,1,0
6368,103.99,Japan,Crypto,8347,2025-09-09 02:14:02.144923,0,2,1,0
6369,628.09,Germany,Debit Card,7820,2025-09-17 11:09:02.144923,0,0,2,0
6370,432.34,Germany,Debit Card,1584,2025-10-04 19:49:02.144923,0,0,2,0
6371,860.67,India,UPI,9548,2025-09-16 15:19:02.144923,0,1,3,0
6372,514.19,India,UPI,8602,2025-09-22 08:23:02.144923,0,1,3,0
6373,699.92,India,Credit Card,6196,2025-09-15 23:15:02.144923,0,1,0,0
6374,1708.08,USA,UPI,2700,2025-09-26 23:40:02.144923,0,6,3,0
6375,880.64,Germany,UPI,4681,2025-10-18 04:38:02.144923,0,0,3,0
6376,394.71,Germany,Crypto,9728,2025-09-17 22:25:02.144923,0,0,1,0
6377,212.13,Japan,Wire,3468,2025-09-17 15:04:02.144923,0,2,4,0
6378,433.22,Germany,Wire,9342,2025-09-12 02:02:02.144923,0,0,4,0
6379,215.15,Japan,UPI,3550,2025-09-09 10:28:02.144923,0,2,3,0
6380,548.99,USA,Credit Card,1887,2025-09-16 18:35:02.144923,0,6,0,0
6381,550.2,India,Credit Card,5838,2025-09-17 18:51:02.144923,0,1,0,0
6382,128.35,India,Wire,3562,2025-10-06 23:36:02.144923,0,1,4,0
6383,537.82,Japan,Debit Card,8790,2025-10-08 19:37:02.144923,0,2,2,0
6384,1376.95,UK,Crypto,7727,2025-10-16 19:03:02.144923,0,5,1,0
6385,523.26,Japan,UPI,6531,2025-09-19 07:14:02.144923,0,2,3,0
6386,361.26,USA,Crypto,1207,2025-10-13 05:27:02.144923,0,6,1,0
6387,833.14,Germany,UPI,4832,2025-09-12 13:24:02.144923,0,0,3,0
6388,440.61,Japan,UPI,4361,2025-09-08 15:54:02.144923,0,2,3,0
6389,468.5,USA,Wire,3899,2025-09-28 09:13:02.144923,0,6,4,0
6390,1056.36,India,Crypto,9151,2025-10-06 12:30:02.144923,0,1,1,0
6391,228.74,UK,Crypto,6750,2025-10-10 11:29:02.144923,0,5,1,0
6392,937.46,UK,Debit Card,5034,2025-10-14 05:24:02.144923,0,5,2,0
6393,121.53,Japan,Debit Card,3279,2025-10-11 03:46:02.144923,0,2,2,0
6394,1837.5,Germany,Crypto,6761,2025-09-09 07:49:02.144923,0,0,1,0
6395,234.75,Japan,Debit Card,7747,2025-09-30 07:52:02.144923,0,2,2,0
6396,531.53,Russia,Debit Card,9996,2025-09-23 03:55:02.144923,1,4,2,0
6397,1233.14,UK,UPI,8804,2025-09-23 23:44:02.144923,0,5,3,0
6398,124.84,India,Wire,2649,2025-09-09 12:58:02.144923,0,1,4,0
6399,327.92,Germany,UPI,3408,2025-09-22 19:04:02.144923,0,0,3,0
6400,886.66,Germany,Debit Card,9720,2025-10-09 00:31:02.144923,0,0,2,0
6401,81.27,UK,UPI,6596,2025-10-14 19:14:02.144923,0,5,3,0
6402,711.92,UK,UPI,8542,2025-10-11 18:55:02.144923,0,5,3,0
6403,638.04,Japan,Credit Card,2419,2025-10-12 02:39:02.144923,0,2,0,0
6404,69.4,Japan,UPI,6695,2025-09-10 15:30:02.144923,0,2,3,0
6405,57.63,India,UPI,9126,2025-09-30 11:41:02.144923,0,1,3,0
6406,49.59,UK,Wire,5173,2025-10-13 06:51:02.144923,0,5,4,0
6407,616.02,Japan,Crypto,2735,2025-09-11 09:59:02.144923,0,2,1,0
6408,266.91,India,Credit Card,5385,2025-10-01 12:54:02.144923,0,1,0,0
6409,112.25,Germany,Credit Card,2148,2025-09-11 01:45:02.144923,0,0,0,0
6410,984.34,UK,Credit Card,9023,2025-10-14 21:56:02.144923,0,5,0,0
6411,1298.23,USA,Credit Card,6587,2025-10-07 06:21:02.144923,0,6,0,0
6412,1244.39,UK,Wire,7695,2025-10-17 15:20:02.144923,0,5,4,0
6413,533.49,Japan,Crypto,9902,2025-09-23 00:11:02.144923,0,2,1,0
6414,60.7,UK,Wire,8858,2025-09-24 21:01:02.144923,0,5,4,0
6415,107.28,USA,Credit Card,1004,2025-09-13 20:46:02.144923,0,6,0,1
6416,172.85,UK,Crypto,5919,2025-09-09 05:19:02.144923,0,5,1,0
6417,281.28,Japan,Wire,9309,2025-10-02 18:13:02.144923,0,2,4,0
6418,1221.15,Germany,Crypto,3791,2025-09-22 21:39:02.144923,0,0,1,0
6419,5296.780302930097,Japan,Wire,9992,2025-10-04 14:04:02.144923,1,2,4,1
6420,510.01,India,Crypto,7573,2025-10-02 12:10:02.144923,0,1,1,0
6421,553.57,Japan,Wire,6829,2025-09-26 02:48:02.144923,0,2,4,0
6422,945.43,India,Credit Card,7824,2025-10-07 00:35:02.144923,0,1,0,0
6423,903.82,UK,Credit Card,4372,2025-09-14 21:23:02.144923,0,5,0,0
6424,504.93,India,Credit Card,6539,2025-09-20 23:12:02.144923,0,1,0,0
6425,1082.45,UK,Wire,6181,2025-10-07 10:12:02.144923,0,5,4,0
6426,333.1,India,Crypto,8253,2025-09-27 22:35:02.144923,0,1,1,0
6427,866.63,Japan,Crypto,6132,2025-10-08 17:13:02.144923,0,2,1,0
6428,1061.94,USA,Debit Card,5512,2025-10-06 21:05:02.144923,0,6,2,0
6429,6156.20390941261,UK,UPI,9991,2025-10-13 23:58:02.144923,1,5,3,1
6430,205.2,India,Credit Card,4066,2025-10-01 20:11:02.144923,0,1,0,0
6431,417.56,USA,Credit Card,9807,2025-10-14 16:23:02.144923,0,6,0,0
6432,75.98,India,Credit Card,4120,2025-09-09 23:02:02.144923,0,1,0,0
6433,143.44,India,Debit Card,2026,2025-09-17 09:53:02.144923,0,1,2,0
6434,396.27,India,Debit Card,4070,2025-09-12 09:19:02.144923,0,1,2,0
6435,525.51,Japan,Debit Card,9953,2025-10-05 18:50:02.144923,0,2,2,0
6436,649.7,India,Credit Card,6842,2025-09-07 18:49:02.144923,0,1,0,0
6437,140.41,USA,Crypto,6669,2025-09-15 01:09:02.144923,0,6,1,0
6438,442.58,India,Credit Card,8320,2025-09-07 11:12:02.144923,0,1,0,0
6439,971.69,Germany,Debit Card,8484,2025-10-16 17:03:02.144923,0,0,2,0
6440,596.37,UK,Debit Card,5822,2025-10-01 06:02:02.144923,0,5,2,0
6441,736.83,Japan,UPI,9625,2025-10-01 10:02:02.144923,0,2,3,0
6442,525.79,Germany,Wire,2222,2025-09-10 21:26:02.144923,0,0,4,0
6443,260.72,Germany,UPI,7183,2025-10-03 17:49:02.144923,0,0,3,0
6444,189.63,USA,UPI,5793,2025-10-14 17:52:02.144923,0,6,3,0
6445,417.25,USA,Credit Card,6608,2025-10-08 05:28:02.144923,0,6,0,0
6446,802.31,Japan,Wire,9983,2025-09-24 17:30:02.144923,0,2,4,0
6447,225.03,Japan,Wire,8748,2025-09-23 16:03:02.144923,0,2,4,0
6448,324.63,UK,Credit Card,7547,2025-10-04 13:05:02.144923,0,5,0,0
6449,502.83,India,Crypto,3084,2025-10-05 17:33:02.144923,0,1,1,0
6450,1464.56,Japan,Credit Card,3554,2025-10-16 18:14:02.144923,0,2,0,0
6451,628.01,Japan,Crypto,2681,2025-09-27 23:36:02.144923,0,2,1,0
6452,614.17,India,Crypto,4722,2025-09-23 11:14:02.144923,0,1,1,0
6453,368.82,UK,Wire,3036,2025-10-13 09:59:02.144923,0,5,4,0
6454,1502.32,USA,Credit Card,8103,2025-09-14 06:22:02.144923,0,6,0,0
6455,537.01,UK,Credit Card,4157,2025-10-02 00:37:02.144923,0,5,0,0
6456,999.32,India,Wire,8555,2025-09-16 03:32:02.144923,0,1,4,0
6457,190.14,USA,UPI,8567,2025-09-10 05:33:02.144923,0,6,3,0
6458,454.74,USA,Credit Card,9613,2025-09-22 12:37:02.151255,0,6,0,0
6459,2667.78,USA,Debit Card,1958,2025-10-03 09:00:02.151255,0,6,2,1
6460,547.77,UK,Debit Card,6452,2025-10-03 16:36:02.151255,0,5,2,0
6461,356.85,India,Credit Card,9786,2025-09-15 10:17:02.151255,0,1,0,0
6462,1025.88,UK,Crypto,3217,2025-09-13 21:02:02.151255,0,5,1,0
6463,387.3,UK,Wire,3829,2025-10-11 01:41:02.151255,0,5,4,0
6464,408.76,Germany,Crypto,1227,2025-09-27 07:41:02.151255,0,0,1,0
6465,84.28,Japan,Debit Card,8493,2025-10-01 16:58:02.151255,0,2,2,0
6466,45.59,UK,Debit Card,1004,2025-09-11 02:17:02.151255,0,5,2,0
6467,674.29,Germany,Wire,1151,2025-09-21 03:14:02.151255,0,0,4,0
6468,330.13,India,Debit Card,4077,2025-09-22 17:31:02.151255,0,1,2,0
6469,769.33,Germany,UPI,7433,2025-09-14 12:36:02.151255,0,0,3,0
6470,639.74,UK,Debit Card,4971,2025-09-30 20:08:02.151255,0,5,2,0
6471,527.72,India,Crypto,2004,2025-09-28 22:20:02.151255,0,1,1,0
6472,411.12,Germany,Crypto,8301,2025-09-18 01:09:02.151255,0,0,1,0
6473,239.71,UK,UPI,9002,2025-09-26 23:08:02.151255,0,5,3,0
6474,221.64,India,Crypto,4660,2025-10-12 09:18:02.151255,0,1,1,0
6475,119.68,India,Crypto,4518,2025-10-15 00:48:02.151255,0,1,1,0
6476,486.45,Japan,Crypto,7489,2025-09-21 14:28:02.151255,0,2,1,0
6477,1466.44,UK,Credit Card,3627,2025-09-22 09:36:02.151255,0,5,0,0
6478,1932.32,Japan,UPI,5708,2025-10-06 12:55:02.151255,0,2,3,0
6479,231.89,India,UPI,7087,2025-10-17 10:11:02.151255,0,1,3,0
6480,921.7,India,Debit Card,7817,2025-10-14 07:11:02.151255,0,1,2,0
6481,1213.39,Germany,UPI,7456,2025-09-22 15:13:02.151255,0,0,3,0
6482,290.29,Japan,Wire,2925,2025-09-25 21:47:02.151255,0,2,4,0
6483,830.8,USA,UPI,6702,2025-10-12 16:56:02.151255,0,6,3,0
6484,1087.78,UK,Wire,9364,2025-10-16 11:28:02.151255,0,5,4,0
6485,117.68,Japan,Crypto,1227,2025-09-07 14:15:02.151255,0,2,1,0
6486,696.01,India,Wire,8300,2025-09-30 18:21:02.151255,0,1,4,0
6487,192.27,Germany,Credit Card,4643,2025-09-28 05:44:02.151255,0,0,0,0
6488,717.15,UK,Crypto,4728,2025-09-10 19:44:02.151255,0,5,1,0
6489,499.14,UK,Wire,6228,2025-09-19 01:34:02.151255,0,5,4,0
6490,91.98,Germany,Crypto,5616,2025-09-18 03:21:02.151255,0,0,1,0
6491,271.14,India,Credit Card,4715,2025-09-16 09:02:02.151255,0,1,0,0
6492,242.89,USA,Crypto,5521,2025-10-08 18:50:02.151255,0,6,1,0
6493,1058.41,Germany,Crypto,3121,2025-09-09 13:14:02.151255,0,0,1,0
6494,464.41,USA,UPI,8263,2025-09-26 16:07:02.151255,0,6,3,0
6495,224.02,Japan,Debit Card,8296,2025-09-11 16:02:02.151255,0,2,2,0
6496,776.32,UK,Wire,1342,2025-09-23 03:47:02.151255,0,5,4,0
6497,394.57,India,Debit Card,7544,2025-09-15 22:31:02.151255,0,1,2,0
6498,581.83,USA,Credit Card,5317,2025-10-03 06:27:02.151255,0,6,0,0
6499,435.35,India,Credit Card,5832,2025-09-10 20:07:02.151255,0,1,0,0
6500,1887.95,Japan,Crypto,4174,2025-09-08 02:39:02.151255,0,2,1,0
6501,577.88,USA,Debit Card,9929,2025-10-07 20:37:02.151255,0,6,2,0
6502,842.19,India,Wire,9054,2025-10-05 09:41:02.151255,0,1,4,0
6503,1055.07,India,Wire,2026,2025-09-07 07:44:02.151255,0,1,4,0
6504,468.33,Japan,Crypto,6949,2025-09-28 21:44:02.151255,0,2,1,0
6505,1231.63,Germany,Wire,5639,2025-09-08 05:47:02.151255,0,0,4,0
6506,927.93,Japan,UPI,2103,2025-09-18 07:23:02.151255,0,2,3,0
6507,54.2,USA,Debit Card,3683,2025-10-09 07:30:02.151255,0,6,2,0
6508,258.78,USA,Credit Card,5944,2025-10-11 07:59:02.151255,0,6,0,0
6509,474.05,UK,Wire,7964,2025-09-26 11:35:02.151255,0,5,4,0
6510,517.72,India,Wire,9587,2025-10-17 19:05:02.151255,0,1,4,0
6511,296.54,USA,Wire,8503,2025-10-17 21:21:02.151255,0,6,4,0
6512,680.63,Germany,Crypto,8377,2025-09-15 18:55:02.151255,0,0,1,0
6513,385.58,Germany,Credit Card,9236,2025-09-13 07:08:02.151255,0,0,0,0
6514,484.29,Japan,Debit Card,2979,2025-10-10 12:55:02.151255,0,2,2,0
6515,372.44,USA,Wire,2864,2025-09-08 07:28:02.151255,0,6,4,0
6516,414.17,USA,UPI,5444,2025-10-11 01:33:02.151255,0,6,3,0
6517,1710.3838192213982,UK,Crypto,9992,2025-10-12 10:06:02.151255,1,5,1,0
6518,638.67,UK,Debit Card,4433,2025-10-07 13:35:02.151255,0,5,2,0
6519,747.05,UK,Wire,9995,2025-09-30 01:58:02.151255,0,5,4,0
6520,141.43,USA,Debit Card,3069,2025-09-09 09:04:02.151255,0,6,2,0
6521,302.76,Japan,Crypto,6140,2025-10-01 16:47:02.151255,0,2,1,0
6522,511.71,Japan,UPI,9682,2025-09-25 11:47:02.151255,0,2,3,0
6523,1423.42,Japan,Wire,2479,2025-10-07 16:38:02.151255,0,2,4,0
6524,200.25,Japan,UPI,2703,2025-10-07 11:15:02.151255,0,2,3,0
6525,383.37,Germany,Crypto,5316,2025-10-07 13:53:02.151255,0,0,1,0
6526,333.22,Vietnam,UPI,9995,2025-10-12 21:06:02.151255,1,8,3,1
6527,611.5,India,Crypto,6617,2025-09-22 17:01:02.151255,0,1,1,0
6528,198.17,USA,UPI,5908,2025-10-09 01:07:02.151255,0,6,3,0
6529,287.11,Japan,Debit Card,4230,2025-10-03 07:07:02.151255,0,2,2,0
6530,1853.3,Germany,Debit Card,9334,2025-09-23 03:03:02.151255,0,0,2,0
6531,63.15,Germany,Crypto,2849,2025-10-10 02:36:02.151255,0,0,1,0
6532,467.52,USA,Debit Card,5020,2025-10-12 20:37:02.151255,0,6,2,0
6533,487.37,India,UPI,9236,2025-10-14 00:47:02.151255,0,1,3,0
6534,343.35,Japan,UPI,1450,2025-10-04 04:27:02.151255,0,2,3,0
6535,1043.97,Germany,Wire,2259,2025-09-22 00:20:02.151255,0,0,4,0
6536,572.15,Japan,Crypto,5777,2025-09-23 19:05:02.151255,0,2,1,0
6537,1515.3,Japan,Debit Card,8392,2025-10-16 14:09:02.151255,0,2,2,0
6538,89.82,Japan,Crypto,8575,2025-09-07 12:06:02.151255,0,2,1,0
6539,678.22,UK,Debit Card,8986,2025-09-13 20:08:02.151255,0,5,2,0
6540,603.58,Japan,Wire,2996,2025-09-08 12:02:02.151255,0,2,4,0
6541,724.51,Japan,UPI,5888,2025-09-29 05:22:02.151255,0,2,3,0
6542,982.22,India,UPI,8136,2025-09-18 22:03:02.151255,0,1,3,0
6543,1254.52,India,Credit Card,2494,2025-10-01 11:58:02.151255,0,1,0,0
6544,1700.81,UK,Crypto,2578,2025-09-07 20:53:02.151255,0,5,1,0
6545,159.65,UK,Debit Card,2235,2025-10-11 17:48:02.151255,0,5,2,0
6546,688.05,Japan,Credit Card,7993,2025-09-14 13:30:02.151255,0,2,0,0
6547,1087.26,Germany,Crypto,2559,2025-10-08 22:22:02.151255,0,0,1,0
6548,461.77,Germany,Debit Card,8888,2025-09-21 21:50:02.151255,0,0,2,0
6549,216.43,USA,Wire,5575,2025-09-12 05:51:02.151255,0,6,4,0
6550,220.4,Germany,Crypto,4856,2025-09-10 02:28:02.151255,0,0,1,0
6551,275.4,Germany,Debit Card,5139,2025-10-09 10:35:02.151255,0,0,2,0
6552,644.94,India,UPI,8832,2025-10-11 02:02:02.151255,0,1,3,0
6553,288.94,USA,Crypto,4527,2025-09-18 10:48:02.151255,0,6,1,0
6554,507.83,USA,Debit Card,7498,2025-10-13 18:52:02.151255,0,6,2,0
6555,117.88,India,UPI,6819,2025-09-30 07:58:02.151255,0,1,3,0
6556,117.43,Germany,UPI,4868,2025-10-09 21:54:02.151255,0,0,3,0
6557,777.93,Germany,Credit Card,5451,2025-10-02 20:59:02.151255,0,0,0,0
6558,20.45,USA,Debit Card,8304,2025-09-07 10:43:02.151255,0,6,2,0
6559,1307.94,Germany,Credit Card,9094,2025-09-11 17:24:02.151255,0,0,0,0
6560,649.99,USA,Credit Card,6739,2025-09-23 12:05:02.151255,0,6,0,0
6561,144.36,Germany,Wire,1814,2025-10-04 01:04:02.151255,0,0,4,0
6562,622.42,Japan,Credit Card,8584,2025-09-27 04:01:02.151255,0,2,0,0
6563,341.99,India,Credit Card,5065,2025-09-15 10:51:02.151255,0,1,0,0
6564,210.46,UK,Wire,2323,2025-09-15 20:12:02.151255,0,5,4,0
6565,1123.96,Japan,Wire,9196,2025-09-15 05:33:02.151255,0,2,4,0
6566,730.48,Germany,Crypto,3034,2025-10-04 12:07:02.151255,0,0,1,0
6567,297.49,UK,Credit Card,7590,2025-09-08 01:14:02.151255,0,5,0,0
6568,251.48,Japan,UPI,6966,2025-10-12 20:34:02.151255,0,2,3,0
6569,1573.86,India,Wire,1199,2025-10-13 13:11:02.151255,0,1,4,1
6570,662.72,UK,Debit Card,2705,2025-10-05 16:48:02.151255,0,5,2,0
6571,516.13,UK,Crypto,4931,2025-10-13 21:52:02.151255,0,5,1,0
6572,248.98,India,Crypto,3068,2025-09-10 08:17:02.151255,0,1,1,0
6573,244.69,Japan,Credit Card,4758,2025-10-18 07:17:02.151255,0,2,0,0
6574,1863.84,UK,UPI,3843,2025-09-24 08:04:02.151255,0,5,3,0
6575,806.4,India,Wire,3196,2025-09-08 14:49:02.151255,0,1,4,0
6576,479.69,Japan,Debit Card,9816,2025-09-24 21:16:02.151255,0,2,2,0
6577,131.76,Germany,Credit Card,3133,2025-09-08 00:06:02.151255,0,0,0,0
6578,324.16,USA,UPI,3578,2025-10-05 04:54:02.151255,0,6,3,0
6579,659.84,Germany,Credit Card,7206,2025-09-15 02:29:02.151255,0,0,0,0
6580,1086.07,Vietnam,Credit Card,9991,2025-09-18 07:07:02.151255,1,8,0,1
6581,545.22,USA,Crypto,3597,2025-09-17 07:53:02.151255,0,6,1,0
6582,1075.02,Germany,Debit Card,1813,2025-09-23 10:49:02.151255,0,0,2,0
6583,549.19,Germany,Debit Card,7551,2025-09-16 03:23:02.151255,0,0,2,0
6584,1012.44,India,Debit Card,2627,2025-10-08 01:07:02.151255,0,1,2,0
6585,405.13,India,Debit Card,5616,2025-10-15 08:06:02.151255,0,1,2,0
6586,1014.04,Japan,Wire,4592,2025-09-24 02:04:02.151255,0,2,4,0
6587,338.7,UK,Wire,3580,2025-09-20 16:06:02.151255,0,5,4,0
6588,6715.795624848513,Japan,Debit Card,9994,2025-09-17 05:30:02.151255,1,2,2,1
6589,584.57,India,UPI,4932,2025-09-08 10:23:02.151255,0,1,3,0
6590,40.98,India,Wire,9487,2025-09-16 11:05:02.151255,0,1,4,0
6591,263.65,USA,Wire,8113,2025-09-29 14:35:02.151255,0,6,4,0
6592,2318.91,USA,UPI,4251,2025-09-14 06:01:02.151255,0,6,3,1
6593,6790.675762230002,India,Debit Card,9990,2025-09-09 01:13:02.151255,1,1,2,1
6594,324.76,Germany,Credit Card,1532,2025-09-13 22:39:02.151255,0,0,0,0
6595,128.66,Japan,Wire,6127,2025-10-06 22:01:02.151255,0,2,4,0
6596,531.25,India,Credit Card,1887,2025-10-09 12:32:02.151255,0,1,0,0
6597,718.6,India,Credit Card,4272,2025-10-06 02:48:02.151255,0,1,0,0
6598,321.73,USA,UPI,3925,2025-10-08 08:42:02.151255,0,6,3,0
6599,611.59,Japan,Debit Card,3432,2025-09-08 20:21:02.151255,0,2,2,0
6600,1130.81,Japan,Credit Card,4597,2025-10-04 01:04:02.151255,0,2,0,0
6601,226.23,UK,Debit Card,9011,2025-09-13 08:07:02.151255,0,5,2,0
6602,309.38,India,Crypto,6525,2025-10-13 14:40:02.151255,0,1,1,0
6603,99.75,UK,Debit Card,5618,2025-09-11 02:47:02.151255,0,5,2,0
6604,1167.39,USA,UPI,4480,2025-10-10 19:34:02.151255,0,6,3,0
6605,365.16,UK,UPI,5606,2025-10-14 04:06:02.151255,0,5,3,0
6606,1472.93,Germany,Crypto,9403,2025-10-08 16:07:02.151255,0,0,1,0
6607,30.76,India,UPI,3672,2025-10-03 15:55:02.151255,0,1,3,0
6608,637.04,India,Debit Card,5032,2025-10-13 00:43:02.151255,0,1,2,0
6609,764.14,Japan,Debit Card,9536,2025-09-30 02:32:02.151255,0,2,2,0
6610,727.68,UK,Debit Card,6993,2025-10-13 19:17:02.151255,0,5,2,0
6611,918.02,Japan,UPI,7003,2025-09-27 11:10:02.151255,0,2,3,0
6612,585.54,UK,Debit Card,8425,2025-10-15 17:32:02.151255,0,5,2,0
6613,560.1,UK,Wire,4846,2025-10-05 12:55:02.151255,0,5,4,0
6614,107.41,USA,Crypto,5016,2025-10-15 17:34:02.151255,0,6,1,0
6615,454.57,UK,Wire,1295,2025-09-20 22:02:02.151255,0,5,4,0
6616,570.95,Japan,Debit Card,8724,2025-10-12 00:08:02.151255,0,2,2,0
6617,270.62,UK,UPI,8384,2025-10-11 17:20:02.151255,0,5,3,0
6618,237.53,UK,Crypto,5483,2025-10-08 16:35:02.151255,0,5,1,0
6619,720.09,India,Wire,2496,2025-10-16 21:26:02.151255,0,1,4,0
6620,855.54,India,Debit Card,2567,2025-09-19 14:31:02.151255,0,1,2,0
6621,252.8,India,UPI,7033,2025-09-29 14:26:02.151255,0,1,3,0
6622,412.12,Germany,Debit Card,6450,2025-09-15 01:15:02.151255,0,0,2,0
6623,647.03,India,Wire,2975,2025-10-18 05:10:02.151255,0,1,4,0
6624,275.28,Germany,Wire,5132,2025-09-15 13:27:02.151255,0,0,4,0
6625,4255.242538858793,Germany,Crypto,9993,2025-10-15 09:29:02.151255,1,0,1,1
6626,598.63,Japan,UPI,5278,2025-10-11 17:29:02.151255,0,2,3,0
6627,1651.88,India,Credit Card,8925,2025-10-03 13:49:02.151255,0,1,0,0
6628,417.24,UK,Debit Card,5165,2025-10-15 02:07:02.151255,0,5,2,0
6629,84.71,USA,UPI,9428,2025-09-13 03:20:02.151255,0,6,3,0
6630,114.42,UK,Credit Card,1463,2025-10-09 10:27:02.151255,0,5,0,0
6631,274.02,India,UPI,6237,2025-09-07 05:33:02.151255,0,1,3,0
6632,373.64,UK,Debit Card,1929,2025-09-22 10:24:02.151255,0,5,2,0
6633,1084.1,India,Debit Card,2886,2025-10-18 07:11:02.151255,0,1,2,0
6634,435.29,India,Crypto,8673,2025-09-08 23:40:02.151255,0,1,1,0
6635,730.73,UK,Wire,8671,2025-09-10 16:34:02.151255,0,5,4,0
6636,1274.48,Germany,Wire,8918,2025-09-17 02:22:02.151255,0,0,4,0
6637,832.87,Japan,Wire,4911,2025-09-22 23:59:02.151255,0,2,4,0
6638,380.97,Japan,Crypto,7544,2025-09-22 02:50:02.151255,0,2,1,0
6639,457.14,Japan,Wire,5412,2025-10-12 07:27:02.151255,0,2,4,0
6640,495.68,Japan,UPI,1717,2025-09-11 10:46:02.151255,0,2,3,0
6641,1332.14,USA,Wire,7365,2025-10-09 10:26:02.151255,0,6,4,0
6642,1019.21,India,Wire,1657,2025-09-26 16:58:02.151255,0,1,4,0
6643,978.47,USA,Debit Card,2212,2025-09-16 09:40:02.151255,0,6,2,0
6644,692.14,Japan,Crypto,7435,2025-09-24 00:14:02.151255,0,2,1,0
6645,588.15,Japan,Crypto,1757,2025-10-01 02:58:02.151255,0,2,1,0
6646,438.46,UK,Wire,7902,2025-09-29 07:54:02.151255,0,5,4,0
6647,165.27,Japan,Credit Card,6536,2025-10-18 16:07:02.151255,0,2,0,0
6648,818.88,India,Debit Card,4478,2025-09-18 06:12:02.151255,0,1,2,0
6649,317.04,Japan,Wire,6572,2025-10-07 03:15:02.151255,0,2,4,0
6650,908.06,Japan,Credit Card,7069,2025-10-11 08:23:02.151255,0,2,0,0
6651,64.49,USA,UPI,6479,2025-10-05 20:13:02.151255,0,6,3,0
6652,197.87,India,Debit Card,6125,2025-09-23 09:20:02.151255,0,1,2,0
6653,995.89,Germany,Crypto,6093,2025-10-06 03:17:02.151255,0,0,1,0
6654,1336.21,UK,Credit Card,6592,2025-10-03 13:49:02.151255,0,5,0,0
6655,902.89,Germany,Wire,1082,2025-10-07 23:31:02.151255,0,0,4,0
6656,226.3,USA,Credit Card,8966,2025-10-13 12:26:02.151255,0,6,0,0
6657,1051.4,Japan,Crypto,4762,2025-10-05 00:10:02.151255,0,2,1,0
6658,2385.513350589962,UK,UPI,9992,2025-09-27 14:38:02.151255,1,5,3,1
6659,1059.59,India,Credit Card,1658,2025-09-11 09:17:02.151255,0,1,0,0
6660,182.45,UK,Wire,7245,2025-10-13 11:12:02.151255,0,5,4,0
6661,350.97,USA,Credit Card,6150,2025-09-15 20:05:02.151255,0,6,0,0
6662,22.6,Japan,UPI,2337,2025-09-23 00:12:02.151255,0,2,3,0
6663,195.87,USA,Credit Card,8140,2025-09-07 03:44:02.151255,0,6,0,0
6664,813.26,India,UPI,9885,2025-09-07 03:30:02.151255,0,1,3,0
6665,1751.18,Germany,UPI,5327,2025-10-01 14:00:02.151255,0,0,3,0
6666,1107.25,Japan,Debit Card,4256,2025-10-02 19:04:02.151255,0,2,2,0
6667,879.27,Japan,Debit Card,1863,2025-10-04 02:39:02.151255,0,2,2,0
6668,115.69,USA,Wire,2249,2025-10-02 03:09:02.151255,0,6,4,0
6669,355.81,USA,Wire,5904,2025-09-21 23:40:02.151255,0,6,4,0
6670,1494.81,USA,Wire,8361,2025-09-27 09:45:02.151255,0,6,4,0
6671,520.09,Japan,UPI,3902,2025-09-28 14:03:02.151255,0,2,3,0
6672,159.2,USA,UPI,5806,2025-10-09 11:39:02.151255,0,6,3,0
6673,354.3,UK,Debit Card,6383,2025-09-19 08:42:02.151255,0,5,2,0
6674,49.73,UK,UPI,3336,2025-10-12 19:02:02.151255,0,5,3,0
6675,946.06,UK,Debit Card,1367,2025-10-05 12:06:02.151255,0,5,2,0
6676,129.82,Japan,Credit Card,1411,2025-09-30 15:25:02.151255,0,2,0,0
6677,501.55,USA,Wire,4093,2025-10-11 11:24:02.151255,0,6,4,0
6678,153.96,India,Wire,9034,2025-09-28 04:25:02.151255,0,1,4,0
6679,574.09,Nigeria,Crypto,9994,2025-09-10 15:10:02.151255,1,3,1,0
6680,909.5,Japan,Debit Card,6678,2025-09-13 21:21:02.151255,0,2,2,0
6681,319.48,UK,Crypto,2338,2025-09-10 07:11:02.151255,0,5,1,0
6682,1238.16,Vietnam,Wire,9996,2025-09-08 05:45:02.151255,1,8,4,1
6683,843.3,USA,Crypto,1328,2025-09-08 22:16:02.151255,0,6,1,0
6684,743.18,Japan,Credit Card,9155,2025-09-12 17:02:02.151255,0,2,0,0
6685,1210.82,India,Crypto,8016,2025-10-08 14:23:02.151255,0,1,1,0
6686,581.89,Japan,Credit Card,2486,2025-09-20 13:26:02.151255,0,2,0,0
6687,374.59,Germany,Wire,8607,2025-09-14 17:51:02.151255,0,0,4,0
6688,672.86,Japan,UPI,4735,2025-10-03 05:23:02.151255,0,2,3,0
6689,163.61,USA,Debit Card,1737,2025-10-10 08:18:02.151255,0,6,2,0
6690,972.64,Germany,Crypto,6367,2025-09-11 08:21:02.151255,0,0,1,0
6691,973.55,UK,Credit Card,4888,2025-10-18 05:49:02.151255,0,5,0,0
6692,418.28,USA,Wire,7892,2025-09-25 06:36:02.151255,0,6,4,0
6693,300.87,India,Wire,5843,2025-09-27 01:07:02.151255,0,1,4,0
6694,594.18,Japan,UPI,7291,2025-10-12 06:11:02.151255,0,2,3,0
6695,138.92,Japan,Wire,3668,2025-10-07 18:31:02.151255,0,2,4,0
6696,367.55,USA,Wire,5238,2025-09-12 22:40:02.151255,0,6,4,0
6697,1167.92,Japan,UPI,6071,2025-10-13 02:39:02.151255,0,2,3,0
6698,199.13,Japan,Wire,5166,2025-09-22 18:27:02.151255,0,2,4,0
6699,1277.51,UK,Credit Card,1637,2025-10-02 16:12:02.151255,0,5,0,1
6700,698.24,Japan,Crypto,5562,2025-09-27 10:55:02.151255,0,2,1,0
6701,765.43,Japan,Crypto,3641,2025-09-13 20:18:02.151255,0,2,1,0
6702,304.99,UK,Credit Card,9232,2025-10-11 13:36:02.151255,0,5,0,0
6703,228.93,Japan,Crypto,9962,2025-09-16 09:41:02.151255,0,2,1,0
6704,401.75,UK,Wire,6802,2025-10-11 08:14:02.151255,0,5,4,0
6705,1534.66,India,Crypto,5374,2025-10-06 20:46:02.151255,0,1,1,0
6706,290.64,Japan,Crypto,8638,2025-10-16 11:43:02.151255,0,2,1,0
6707,38.47,USA,Wire,4016,2025-10-09 21:06:02.151255,0,6,4,0
6708,547.71,Germany,Crypto,4710,2025-09-15 21:47:02.151255,0,0,1,0
6709,1116.47,India,Wire,1057,2025-09-28 14:44:02.151255,0,1,4,0
6710,599.03,Japan,UPI,4237,2025-10-13 11:55:02.151255,0,2,3,0
6711,1603.88,USA,UPI,7516,2025-09-15 12:11:02.151255,0,6,3,0
6712,806.94,Germany,Crypto,1081,2025-09-30 11:25:02.151255,0,0,1,0
6713,604.92,UK,UPI,6989,2025-09-27 05:49:02.151255,0,5,3,0
6714,397.48,Japan,Crypto,7507,2025-10-07 22:39:02.151255,0,2,1,0
6715,735.66,UK,UPI,2508,2025-09-08 00:02:02.151255,0,5,3,0
6716,109.74,India,Crypto,6165,2025-10-14 23:41:02.151255,0,1,1,0
6717,1536.61,Nigeria,Debit Card,9998,2025-10-14 09:41:02.151255,1,3,2,0
6718,911.78,Germany,Credit Card,4706,2025-09-20 07:04:02.151255,0,0,0,0
6719,908.13,UK,UPI,7235,2025-09-16 16:27:02.151255,0,5,3,0
6720,484.73,UK,Wire,5114,2025-10-01 16:54:02.151255,0,5,4,0
6721,1252.98,India,Credit Card,3317,2025-09-08 04:42:02.151255,0,1,0,0
6722,432.77,USA,Crypto,5672,2025-09-30 07:27:02.151255,0,6,1,0
6723,322.51,Japan,Credit Card,9860,2025-09-25 17:48:02.151255,0,2,0,0
6724,523.54,Ukraine,Wire,9995,2025-10-10 09:55:02.151255,1,7,4,0
6725,933.74,Germany,Wire,4814,2025-09-10 12:42:02.151255,0,0,4,0
6726,276.11,Japan,Crypto,5019,2025-10-11 15:40:02.151783,0,2,1,0
6727,236.5,India,UPI,5715,2025-10-13 12:15:02.151783,0,1,3,0
6728,228.31,USA,UPI,7646,2025-10-06 02:28:02.151783,0,6,3,0
6729,342.52,USA,Debit Card,7839,2025-09-24 09:36:02.151783,0,6,2,0
6730,999.5,Japan,Wire,3231,2025-09-15 22:59:02.151783,0,2,4,0
6731,576.22,India,Debit Card,9632,2025-10-11 14:28:02.151783,0,1,2,0
6732,170.71,India,Wire,1580,2025-10-12 21:10:02.151783,0,1,4,0
6733,2127.73,USA,Debit Card,4321,2025-09-08 19:44:02.151783,0,6,2,1
6734,146.04,USA,UPI,1375,2025-10-01 03:35:02.151783,0,6,3,0
6735,344.69,UK,Wire,7081,2025-10-13 23:05:02.151783,0,5,4,0
6736,219.98,Japan,UPI,6577,2025-09-25 00:17:02.151783,0,2,3,0
6737,2646.928930925281,India,Credit Card,9998,2025-10-10 14:34:02.151783,1,1,0,1
6738,528.18,Germany,UPI,7489,2025-10-07 17:48:02.151783,0,0,3,0
6739,421.87,Japan,Wire,1728,2025-10-05 20:23:02.151783,0,2,4,0
6740,253.91,UK,Credit Card,5275,2025-10-18 07:40:02.151783,0,5,0,0
6741,637.01,Japan,Debit Card,7780,2025-10-10 16:22:02.151783,0,2,2,0
6742,709.5,USA,Crypto,3423,2025-10-17 18:14:02.151783,0,6,1,0
6743,804.65,Japan,Wire,7326,2025-10-17 01:47:02.151783,0,2,4,0
6744,534.74,Japan,Crypto,3376,2025-10-18 00:36:02.151783,0,2,1,0
6745,687.92,Japan,Crypto,7633,2025-09-07 17:42:02.151783,0,2,1,0
6746,790.72,Germany,Credit Card,3247,2025-10-17 02:27:02.151783,0,0,0,0
6747,287.37,UK,Debit Card,7622,2025-09-11 06:40:02.151783,0,5,2,0
6748,1804.41,Japan,UPI,6574,2025-10-17 00:32:02.151783,0,2,3,0
6749,1499.14,Japan,Credit Card,8160,2025-09-28 16:02:02.151783,0,2,0,0
6750,923.91,Ukraine,Debit Card,9997,2025-09-13 13:01:02.151783,1,7,2,0
6751,376.81,India,UPI,6559,2025-09-27 07:56:02.151783,0,1,3,0
6752,65.56,Japan,UPI,2912,2025-10-18 14:00:02.151783,0,2,3,0
6753,86.54,Japan,Debit Card,4808,2025-09-15 04:52:02.151783,0,2,2,0
6754,401.25,India,UPI,3677,2025-09-18 17:17:02.151783,0,1,3,0
6755,1506.73,Japan,Wire,6578,2025-09-21 23:04:02.151783,0,2,4,0
6756,436.31,Japan,Wire,5531,2025-09-13 03:35:02.151783,0,2,4,0
6757,217.22,Japan,Credit Card,2737,2025-09-14 05:52:02.151783,0,2,0,0
6758,230.06,UK,UPI,6697,2025-09-25 16:33:02.151783,0,5,3,0
6759,1485.26,USA,UPI,1045,2025-10-07 20:54:02.151783,0,6,3,0
6760,408.23,UK,Debit Card,8019,2025-10-05 12:53:02.151783,0,5,2,0
6761,1425.42,India,Wire,6891,2025-09-07 15:04:02.151783,0,1,4,0
6762,205.79,UK,Crypto,2941,2025-10-12 16:30:02.151783,0,5,1,0
6763,241.03,UK,Credit Card,7060,2025-09-10 11:14:02.151783,0,5,0,0
6764,335.55,Germany,Wire,9347,2025-10-09 05:29:02.151783,0,0,4,0
6765,723.27,India,Debit Card,1961,2025-10-16 05:42:02.151783,0,1,2,0
6766,853.96,India,Credit Card,1944,2025-10-07 04:01:02.151783,0,1,0,0
6767,268.35,India,Crypto,8774,2025-10-12 19:13:02.151783,0,1,1,0
6768,298.52,UK,Credit Card,4919,2025-10-02 05:53:02.151783,0,5,0,0
6769,122.5,Ukraine,Wire,9993,2025-09-25 09:26:02.151783,1,7,4,1
6770,118.04,Germany,Crypto,4838,2025-09-24 13:06:02.151783,0,0,1,0
6771,221.75,Japan,Debit Card,6559,2025-09-14 18:15:02.151783,0,2,2,0
6772,1333.57,UK,Credit Card,3650,2025-09-09 02:37:02.151783,0,5,0,0
6773,218.82,Japan,Wire,9431,2025-10-01 14:22:02.151783,0,2,4,0
6774,536.69,Japan,Debit Card,4254,2025-09-12 11:00:02.151783,0,2,2,0
6775,371.88,UK,Crypto,7402,2025-09-24 18:09:02.151783,0,5,1,0
6776,203.92,UK,Credit Card,8627,2025-10-02 14:37:02.151783,0,5,0,0
6777,776.82,India,UPI,9691,2025-10-07 11:38:02.151783,0,1,3,0
6778,306.46,Germany,Wire,7219,2025-10-12 10:19:02.151783,0,0,4,0
6779,957.63,UK,Wire,5392,2025-10-08 03:24:02.151783,0,5,4,0
6780,978.16,Japan,UPI,8719,2025-10-16 05:27:02.151783,0,2,3,0
6781,317.5,UK,Debit Card,9718,2025-09-18 14:10:02.151783,0,5,2,0
6782,869.13,Germany,Wire,6851,2025-09-21 01:22:02.151783,0,0,4,0
6783,866.22,USA,Debit Card,2808,2025-09-15 02:39:02.151783,0,6,2,0
6784,392.11,Japan,Crypto,9175,2025-10-17 10:08:02.151783,0,2,1,0
6785,351.35,USA,UPI,5394,2025-10-07 19:51:02.151783,0,6,3,0
6786,638.56,USA,Debit Card,5668,2025-10-01 14:41:02.151783,0,6,2,0
6787,1715.32,Vietnam,Crypto,9991,2025-09-18 22:24:02.151783,1,8,1,1
6788,1109.34,UK,Credit Card,1675,2025-09-21 23:30:02.151783,0,5,0,0
6789,526.85,USA,Wire,4278,2025-09-29 04:00:02.151783,0,6,4,0
6790,65.4,India,UPI,3239,2025-09-21 01:18:02.151783,0,1,3,0
6791,485.59,UK,Credit Card,1428,2025-10-06 04:21:02.151783,0,5,0,0
6792,64.25,Japan,Credit Card,3131,2025-10-04 22:04:02.151783,0,2,0,0
6793,102.21,UK,Credit Card,9689,2025-09-28 13:43:02.151783,0,5,0,0
6794,249.31,Germany,Debit Card,4866,2025-09-21 22:33:02.151783,0,0,2,0
6795,537.47,Germany,Wire,1850,2025-10-06 17:18:02.151783,0,0,4,0
6796,276.99,Japan,UPI,3891,2025-09-20 23:31:02.151783,0,2,3,0
6797,1184.62,Japan,Wire,3144,2025-09-27 15:03:02.151783,0,2,4,0
6798,488.46,Japan,Wire,9035,2025-10-09 15:57:02.151783,0,2,4,0
6799,287.63,Germany,Wire,7550,2025-10-06 06:01:02.151783,0,0,4,0
6800,820.81,UK,Crypto,8103,2025-10-14 02:38:02.151783,0,5,1,0
6801,259.78,USA,Crypto,9680,2025-09-26 07:35:02.151783,0,6,1,0
6802,547.55,USA,Crypto,9595,2025-10-08 16:06:02.151783,0,6,1,0
6803,29.89,India,Crypto,6342,2025-10-02 06:27:02.151783,0,1,1,0
6804,255.95,Germany,Wire,9594,2025-10-10 09:34:02.151783,0,0,4,0
6805,1132.3,Japan,Wire,4657,2025-09-16 13:37:02.151783,0,2,4,0
6806,696.47,UK,UPI,1183,2025-09-23 05:37:02.151783,0,5,3,0
6807,594.59,Germany,UPI,7420,2025-09-22 14:58:02.151783,0,0,3,0
6808,779.27,India,UPI,2516,2025-10-16 17:21:02.151783,0,1,3,0
6809,1138.87,USA,UPI,8462,2025-09-13 04:39:02.151783,0,6,3,0
6810,480.58,UK,UPI,5156,2025-10-04 16:23:02.151783,0,5,3,0
6811,317.64,USA,Crypto,6085,2025-10-05 21:29:02.151783,0,6,1,0
6812,862.97,UK,Wire,4693,2025-09-16 17:40:02.151783,0,5,4,0
6813,420.02,Japan,UPI,5410,2025-10-02 08:48:02.151783,0,2,3,0
6814,311.85,UK,Debit Card,3791,2025-10-16 02:04:02.151783,0,5,2,0
6815,378.45,Japan,UPI,1995,2025-10-07 00:03:02.151783,0,2,3,0
6816,693.7,Germany,UPI,3856,2025-09-23 11:38:02.151783,0,0,3,0
6817,77.93,USA,Wire,9843,2025-09-29 19:34:02.151783,0,6,4,0
6818,702.87,UK,Crypto,8073,2025-10-02 17:59:02.151783,0,5,1,0
6819,178.59,UK,Credit Card,7179,2025-09-16 09:23:02.151783,0,5,0,0
6820,275.68,India,Wire,3002,2025-09-26 17:27:02.151783,0,1,4,0
6821,138.28,USA,Crypto,9360,2025-09-07 13:57:02.151783,0,6,1,0
6822,802.04,Germany,Debit Card,1170,2025-09-18 23:56:02.151783,0,0,2,0
6823,596.24,Japan,Credit Card,4689,2025-09-22 23:31:02.151783,0,2,0,0
6824,179.15,Germany,Crypto,1738,2025-09-09 02:07:02.151783,0,0,1,0
6825,894.82,India,Crypto,4562,2025-10-18 13:26:02.151783,0,1,1,0
6826,103.86,Germany,Wire,2317,2025-09-24 13:31:02.151783,0,0,4,0
6827,359.88,Japan,Crypto,8825,2025-09-29 13:50:02.151783,0,2,1,0
6828,129.85,USA,UPI,2287,2025-09-20 13:16:02.151783,0,6,3,0
6829,428.7,India,Crypto,7081,2025-09-13 00:51:02.151783,0,1,1,0
6830,312.11,UK,Credit Card,5036,2025-10-09 20:57:02.151783,0,5,0,0
6831,161.32,UK,Crypto,5536,2025-10-09 15:14:02.151783,0,5,1,0
6832,493.49,USA,Debit Card,9849,2025-09-22 14:30:02.151783,0,6,2,0
6833,191.87,Germany,UPI,5203,2025-09-09 12:32:02.151783,0,0,3,0
6834,42.89,UK,Credit Card,9123,2025-10-01 22:16:02.151783,0,5,0,0
6835,99.77,India,Credit Card,6334,2025-10-01 18:25:02.151783,0,1,0,0
6836,354.85,Japan,Wire,8924,2025-09-14 17:34:02.151783,0,2,4,0
6837,396.84,Germany,Wire,4201,2025-09-18 16:12:02.151783,0,0,4,0
6838,238.59,Japan,UPI,9767,2025-10-12 08:01:02.151783,0,2,3,0
6839,1285.87,Germany,Credit Card,9491,2025-09-20 08:37:02.151783,0,0,0,0
6840,629.43,India,Debit Card,2892,2025-10-15 12:38:02.151783,0,1,2,0
6841,666.07,Japan,Crypto,6481,2025-09-21 20:56:02.151783,0,2,1,0
6842,217.18,India,Crypto,1223,2025-10-12 18:12:02.151783,0,1,1,0
6843,192.95,Japan,Crypto,7720,2025-10-06 01:46:02.151783,0,2,1,0
6844,566.11,Germany,Wire,8654,2025-09-10 15:00:02.151783,0,0,4,0
6845,391.63,India,Credit Card,4648,2025-10-08 05:42:02.151783,0,1,0,0
6846,606.02,Germany,Credit Card,3741,2025-10-15 10:28:02.151783,0,0,0,0
6847,387.48,Germany,Debit Card,8152,2025-09-07 03:01:02.151783,0,0,2,0
6848,826.19,Japan,Wire,6227,2025-10-11 14:23:02.151783,0,2,4,0
6849,497.2,Japan,Debit Card,6511,2025-09-07 10:37:02.151783,0,2,2,0
6850,429.13,India,Credit Card,7219,2025-09-10 08:33:02.151783,0,1,0,0
6851,705.92,UK,Crypto,3297,2025-10-17 00:14:02.151783,0,5,1,0
6852,1405.93,USA,Wire,5336,2025-09-25 12:40:02.151783,0,6,4,0
6853,791.35,Japan,Wire,8393,2025-10-04 02:25:02.151783,0,2,4,0
6854,150.05,Germany,Wire,4334,2025-10-16 20:13:02.151783,0,0,4,0
6855,419.13,USA,Crypto,3062,2025-09-18 03:15:02.151783,0,6,1,0
6856,430.34,India,Wire,9856,2025-09-08 22:50:02.151783,0,1,4,0
6857,618.02,USA,UPI,9687,2025-09-09 06:08:02.151783,0,6,3,0
6858,352.96,USA,Wire,2464,2025-09-23 05:35:02.151783,0,6,4,0
6859,485.79,UK,Crypto,4705,2025-09-14 03:53:02.151783,0,5,1,0
6860,516.27,UK,Wire,7912,2025-10-07 19:15:02.151783,0,5,4,0
6861,594.01,USA,UPI,1435,2025-10-05 15:43:02.151783,0,6,3,0
6862,149.16,UK,UPI,5396,2025-09-19 00:08:02.151783,0,5,3,0
6863,170.5,UK,Wire,8096,2025-09-10 06:54:02.151783,0,5,4,0
6864,1696.71,USA,Credit Card,2697,2025-10-10 21:15:02.151783,0,6,0,1
6865,57.56,Japan,Credit Card,9129,2025-10-12 13:01:02.151783,0,2,0,0
6866,511.88,UK,Debit Card,9094,2025-10-09 02:23:02.151783,0,5,2,0
6867,791.07,USA,UPI,8122,2025-09-10 23:03:02.151783,0,6,3,0
6868,202.36,Japan,Credit Card,2418,2025-09-10 11:23:02.151783,0,2,0,0
6869,1105.94,UK,Debit Card,4048,2025-10-11 13:17:02.151783,0,5,2,0
6870,500.34,USA,Credit Card,9761,2025-10-06 09:15:02.151783,0,6,0,0
6871,1435.94,UK,Wire,8160,2025-10-01 13:46:02.151783,0,5,4,0
6872,220.18,Japan,UPI,9220,2025-10-07 00:05:02.151783,0,2,3,0
6873,422.92,USA,Credit Card,8643,2025-10-08 03:35:02.151783,0,6,0,0
6874,325.94,Japan,Wire,1640,2025-10-12 15:09:02.151783,0,2,4,0
6875,289.09,Germany,Debit Card,8201,2025-09-15 08:41:02.151783,0,0,2,0
6876,303.87,India,Wire,7418,2025-09-12 06:27:02.151783,0,1,4,0
6877,374.26,Germany,Debit Card,7487,2025-10-16 04:01:02.151783,0,0,2,0
6878,351.55,UK,Credit Card,5775,2025-10-08 03:22:02.151783,0,5,0,0
6879,856.53,Japan,Crypto,2985,2025-09-26 16:09:02.151783,0,2,1,0
6880,807.97,USA,Wire,5816,2025-10-03 20:00:02.151783,0,6,4,0
6881,110.2,Japan,Crypto,5167,2025-09-18 09:42:02.151783,0,2,1,0
6882,303.54,UK,UPI,3029,2025-09-12 06:30:02.151783,0,5,3,0
6883,641.05,USA,Crypto,8312,2025-09-15 05:04:02.151783,0,6,1,0
6884,598.38,Germany,UPI,8205,2025-10-05 19:36:02.151783,0,0,3,0
6885,405.35,Russia,Credit Card,9995,2025-09-26 03:36:02.151783,1,4,0,0
6886,484.27,India,Credit Card,6116,2025-10-06 03:13:02.151783,0,1,0,0
6887,359.32,UK,Wire,1170,2025-09-21 06:36:02.151783,0,5,4,0
6888,910.05,UK,Crypto,4244,2025-10-06 11:36:02.151783,0,5,1,0
6889,842.29,Japan,UPI,3471,2025-09-12 00:05:02.151783,0,2,3,0
6890,383.49,Germany,UPI,8031,2025-09-25 17:51:02.151783,0,0,3,0
6891,466.19,Germany,Crypto,6975,2025-10-15 22:17:02.151783,0,0,1,0
6892,384.62,India,Credit Card,2245,2025-09-10 01:14:02.151783,0,1,0,0
6893,436.14,India,Credit Card,8769,2025-09-11 11:25:02.151783,0,1,0,0
6894,1007.13,Japan,UPI,9989,2025-10-17 07:02:02.151783,0,2,3,0
6895,351.53,USA,Wire,7019,2025-09-11 01:08:02.151783,0,6,4,0
6896,291.28,Germany,Credit Card,6567,2025-09-26 23:49:02.151783,0,0,0,0
6897,463.7,USA,Debit Card,1321,2025-09-11 05:01:02.151783,0,6,2,0
6898,381.47,USA,UPI,4934,2025-10-12 15:42:02.151783,0,6,3,0
6899,255.61,Japan,Crypto,8319,2025-09-12 14:26:02.151783,0,2,1,0
6900,765.25,India,Crypto,4895,2025-09-09 01:14:02.151783,0,1,1,0
6901,825.69,USA,UPI,8163,2025-09-16 20:51:02.151783,0,6,3,0
6902,534.15,Japan,UPI,9515,2025-10-09 20:30:02.151783,0,2,3,0
6903,279.05,India,Credit Card,7555,2025-09-10 06:18:02.151783,0,1,0,0
6904,913.73,USA,UPI,4332,2025-10-11 03:19:02.151783,0,6,3,0
6905,162.97,USA,UPI,6338,2025-10-15 18:49:02.151783,0,6,3,0
6906,409.61,India,Debit Card,3667,2025-09-17 05:54:02.151783,0,1,2,0
6907,1660.89,India,Crypto,9836,2025-09-25 16:21:02.151783,0,1,1,0
6908,543.55,UK,Credit Card,4844,2025-09-11 08:28:02.151783,0,5,0,0
6909,368.65,UK,Wire,9494,2025-09-20 13:47:02.151783,0,5,4,0
6910,666.18,Japan,Credit Card,4261,2025-09-09 12:45:02.151783,0,2,0,0
6911,665.58,Japan,Crypto,4760,2025-10-16 05:58:02.151783,0,2,1,0
6912,1082.06,Germany,Wire,6079,2025-10-02 19:36:02.151783,0,0,4,0
6913,240.3,UK,UPI,8002,2025-09-12 13:19:02.151783,0,5,3,0
6914,682.97,India,Debit Card,1335,2025-10-09 00:11:02.151783,0,1,2,0
6915,463.28,UK,Debit Card,2878,2025-09-10 05:17:02.151783,0,5,2,0
6916,507.65,Japan,Crypto,2852,2025-09-08 12:40:02.151783,0,2,1,0
6917,450.2,Japan,Crypto,5755,2025-10-09 10:25:02.151783,0,2,1,0
6918,444.34,Japan,Debit Card,3000,2025-09-29 16:49:02.151783,0,2,2,0
6919,112.27,India,Wire,6238,2025-09-21 05:10:02.151783,0,1,4,0
6920,338.1,USA,Wire,8788,2025-10-04 03:12:02.151783,0,6,4,0
6921,453.19,Japan,Credit Card,3129,2025-09-15 03:59:02.151783,0,2,0,0
6922,621.82,UK,UPI,6132,2025-09-17 08:15:02.151783,0,5,3,0
6923,510.46,USA,Wire,1968,2025-10-16 07:12:02.151783,0,6,4,0
6924,495.59,UK,UPI,3525,2025-09-19 06:00:02.151783,0,5,3,0
6925,725.05,Nigeria,Crypto,9997,2025-10-17 13:13:02.151783,1,3,1,0
6926,1217.44,India,Wire,1749,2025-09-22 02:45:02.151783,0,1,4,0
6927,407.7,USA,Wire,9495,2025-10-04 15:04:02.151783,0,6,4,0
6928,237.2,USA,Wire,3915,2025-10-01 15:30:02.151783,0,6,4,0
6929,906.56,Japan,Credit Card,6956,2025-09-08 09:57:02.151783,0,2,0,0
6930,677.78,Japan,Crypto,4344,2025-10-18 06:40:02.151783,0,2,1,0
6931,383.48,Japan,Debit Card,8579,2025-10-12 01:00:02.151783,0,2,2,0
6932,924.47,Germany,Credit Card,9227,2025-09-26 22:59:02.151783,0,0,0,0
6933,230.37,India,Credit Card,4549,2025-10-07 05:54:02.151783,0,1,0,0
6934,410.26,India,Wire,6621,2025-09-15 15:37:02.151783,0,1,4,0
6935,373.12,Japan,Credit Card,7725,2025-10-11 14:30:02.151783,0,2,0,0
6936,955.84,Germany,Debit Card,2433,2025-10-05 15:35:02.151783,0,0,2,0
6937,590.68,Japan,Credit Card,1080,2025-10-15 03:10:02.151783,0,2,0,0
6938,173.58,Japan,Credit Card,6505,2025-10-12 03:56:02.151783,0,2,0,0
6939,2015.77,India,Wire,4511,2025-10-09 01:29:02.151783,0,1,4,0
6940,705.4,Germany,Crypto,7178,2025-09-13 17:10:02.151783,0,0,1,0
6941,275.8,India,Debit Card,3942,2025-09-19 00:57:02.151783,0,1,2,0
6942,1156.78,Japan,Wire,9986,2025-09-07 09:41:02.151783,0,2,4,0
6943,478.72,UK,Credit Card,9375,2025-10-06 00:25:02.151783,0,5,0,0
6944,428.93,USA,Debit Card,5653,2025-10-18 15:15:02.151783,0,6,2,0
6945,449.58,Japan,UPI,3042,2025-10-08 05:35:02.151783,0,2,3,0
6946,474.89,Germany,Credit Card,2287,2025-09-10 14:54:02.151783,0,0,0,0
6947,463.51,UK,Crypto,4560,2025-10-13 06:23:02.151783,0,5,1,0
6948,432.87,Germany,Credit Card,8793,2025-09-10 17:43:02.151783,0,0,0,0
6949,314.63,Ukraine,Crypto,9993,2025-09-26 04:45:02.151783,1,7,1,0
6950,258.75,Japan,UPI,5710,2025-09-08 05:51:02.151783,0,2,3,0
6951,539.09,USA,Wire,8773,2025-09-08 22:39:02.151783,0,6,4,0
6952,262.99,Germany,Wire,9608,2025-09-22 19:59:02.151783,0,0,4,0
6953,605.4,UK,Wire,1316,2025-09-23 04:35:02.151783,0,5,4,0
6954,1119.34,USA,Debit Card,3963,2025-10-14 02:45:02.151783,0,6,2,0
6955,473.49,Germany,Crypto,2091,2025-10-02 10:20:02.151783,0,0,1,0
6956,557.13,Japan,Credit Card,6078,2025-09-09 21:34:02.151783,0,2,0,0
6957,957.79,USA,Debit Card,4885,2025-10-16 04:20:02.151783,0,6,2,0
6958,404.5,Japan,Debit Card,6599,2025-10-09 16:03:02.151783,0,2,2,0
6959,299.99,India,Credit Card,1676,2025-09-20 15:15:02.151783,0,1,0,0
6960,29.62,India,UPI,2124,2025-10-01 12:51:02.151783,0,1,3,0
6961,521.69,USA,Wire,2113,2025-10-12 07:15:02.151783,0,6,4,0
6962,302.9,USA,UPI,2972,2025-10-16 12:13:02.151783,0,6,3,0
6963,382.55,Germany,UPI,8767,2025-10-13 23:05:02.151783,0,0,3,0
6964,54.03,UK,Wire,5222,2025-10-10 13:12:02.151783,0,5,4,0
6965,381.73,Nigeria,UPI,9994,2025-09-13 20:41:02.151783,1,3,3,0
6966,180.54,India,Debit Card,5929,2025-10-11 04:07:02.151783,0,1,2,0
6967,149.88,India,Credit Card,8661,2025-09-22 15:50:02.151783,0,1,0,0
6968,203.22,India,Debit Card,8143,2025-10-10 05:44:02.151783,0,1,2,0
6969,181.95,Japan,Debit Card,9947,2025-10-16 17:57:02.151783,0,2,2,0
6970,852.57,UK,Crypto,5871,2025-09-24 02:09:02.151783,0,5,1,0
6971,993.22,USA,Wire,4836,2025-09-08 11:54:02.151783,0,6,4,0
6972,528.44,India,Wire,8309,2025-10-09 10:55:02.151783,0,1,4,0
6973,1414.56,Germany,Debit Card,8381,2025-09-12 14:03:02.151783,0,0,2,0
6974,366.2,USA,Wire,5474,2025-10-07 05:07:02.151783,0,6,4,0
6975,228.59,USA,Crypto,9683,2025-09-23 11:05:02.151783,0,6,1,0
6976,454.04,USA,Credit Card,1683,2025-09-09 01:47:02.151783,0,6,0,0
6977,207.01,UK,UPI,2975,2025-10-02 18:05:02.151783,0,5,3,0
6978,490.51,India,Wire,1303,2025-10-12 14:35:02.151783,0,1,4,0
6979,738.49,Germany,Debit Card,2952,2025-09-12 17:53:02.151783,0,0,2,0
6980,203.55,Japan,Wire,4569,2025-10-01 06:42:02.151783,0,2,4,0
6981,1233.33,Germany,Debit Card,8909,2025-09-17 15:20:02.151783,0,0,2,0
6982,14429.85706299407,Germany,UPI,9996,2025-09-07 03:40:02.151783,1,0,3,1
6983,1525.43,Germany,Wire,7065,2025-10-06 19:49:02.151783,0,0,4,0
6984,76.97,Japan,UPI,8397,2025-10-07 02:06:02.151783,0,2,3,0
6985,316.25,Germany,Debit Card,2030,2025-10-05 07:20:02.151783,0,0,2,0
6986,578.86,Germany,Crypto,6826,2025-09-24 07:21:02.151783,0,0,1,0
6987,131.36,India,Crypto,5351,2025-09-19 21:15:02.151783,0,1,1,0
6988,144.67,India,Credit Card,8719,2025-09-26 07:45:02.151783,0,1,0,0
6989,70.04,India,Debit Card,9425,2025-10-02 14:07:02.151783,0,1,2,0
6990,487.64,USA,Debit Card,2718,2025-09-26 16:23:02.151783,0,6,2,0
6991,607.59,Germany,Debit Card,1492,2025-09-08 18:13:02.151783,0,0,2,0
6992,962.25,UK,Crypto,3014,2025-09-21 01:47:02.151783,0,5,1,0
6993,677.19,UK,Crypto,9029,2025-10-10 04:45:02.151783,0,5,1,0
6994,757.66,UK,Crypto,8534,2025-09-26 19:48:02.151783,0,5,1,0
6995,92.87,Japan,Wire,9536,2025-09-11 23:27:02.151783,0,2,4,0
6996,563.06,India,Wire,6886,2025-09-16 10:34:02.151783,0,1,4,0
6997,443.97,India,Crypto,8627,2025-09-23 21:22:02.151783,0,1,1,0
6998,272.91,India,UPI,9456,2025-10-14 02:40:02.151783,0,1,3,0
6999,350.44,Japan,Wire,2672,2025-10-11 07:02:02.151783,0,2,4,0
7000,610.3,Germany,Wire,4647,2025-10-08 22:26:02.151783,0,0,4,0
7001,789.63,USA,Wire,7388,2025-09-12 23:08:02.151783,0,6,4,0
7002,1585.45,India,Wire,9620,2025-10-01 23:31:02.151783,0,1,4,0
7003,635.84,Germany,Credit Card,4162,2025-10-04 09:28:02.151783,0,0,0,0
7004,847.13,UK,Wire,3910,2025-09-15 20:21:02.151783,0,5,4,0
7005,826.91,USA,UPI,9645,2025-09-12 15:20:02.151783,0,6,3,0
7006,1001.04,UK,Credit Card,9540,2025-09-26 00:53:02.151783,0,5,0,0
7007,179.25,Germany,Wire,9613,2025-09-24 12:43:02.151783,0,0,4,0
7008,497.92,Germany,Debit Card,7633,2025-09-22 03:26:02.151783,0,0,2,0
7009,214.35,UK,Credit Card,1581,2025-09-21 02:09:02.151783,0,5,0,0
7010,227.2,USA,Wire,3662,2025-09-12 10:37:02.151783,0,6,4,0
7011,649.66,UK,UPI,6352,2025-09-30 09:32:02.151783,0,5,3,0
7012,657.2,UK,Crypto,5258,2025-09-12 05:01:02.151783,0,5,1,0
7013,631.1,UK,Wire,7923,2025-09-28 22:29:02.151783,0,5,4,0
7014,297.17,USA,Debit Card,7828,2025-09-29 02:19:02.151783,0,6,2,0
7015,509.02,Japan,UPI,2324,2025-10-03 18:18:02.151783,0,2,3,0
7016,381.12,USA,Credit Card,1100,2025-10-10 07:42:02.151783,0,6,0,0
7017,630.22,UK,UPI,1415,2025-10-17 04:17:02.151783,0,5,3,0
7018,980.94,India,Wire,6059,2025-09-17 08:52:02.151783,0,1,4,0
7019,204.25,India,Debit Card,2043,2025-09-13 05:15:02.151783,0,1,2,0
7020,468.9,Germany,UPI,2746,2025-10-15 04:04:02.151783,0,0,3,0
7021,846.7,Japan,UPI,5491,2025-10-11 18:26:02.151783,0,2,3,0
7022,102.7,Germany,Crypto,8657,2025-10-03 19:13:02.151783,0,0,1,0
7023,901.12,Germany,Crypto,5443,2025-09-26 12:25:02.151783,0,0,1,0
7024,50.62,India,Wire,5860,2025-09-12 02:07:02.151783,0,1,4,0
7025,178.59,USA,Credit Card,5170,2025-09-09 04:08:02.151783,0,6,0,0
7026,451.81,Germany,Credit Card,5148,2025-09-12 01:53:02.151783,0,0,0,0
7027,372.41,Germany,Debit Card,8453,2025-09-24 09:44:02.151783,0,0,2,0
7028,337.92,Japan,Wire,7209,2025-09-08 17:36:02.151783,0,2,4,0
7029,1497.68,India,Credit Card,1037,2025-09-08 15:03:02.151783,0,1,0,1
7030,157.72,USA,UPI,9957,2025-09-07 01:16:02.151783,0,6,3,0
7031,667.91,Japan,Wire,5806,2025-09-24 21:43:02.151783,0,2,4,0
7032,1535.93,USA,UPI,5843,2025-09-07 06:35:02.151783,0,6,3,0
7033,863.99,USA,Debit Card,1115,2025-10-07 02:22:02.151783,0,6,2,0
7034,613.98,Germany,Wire,8764,2025-09-15 20:31:02.151783,0,0,4,0
7035,560.59,Japan,Debit Card,1278,2025-09-19 17:21:02.151783,0,2,2,0
7036,334.75,Germany,Crypto,1453,2025-10-11 07:58:02.151783,0,0,1,0
7037,315.03,UK,Debit Card,4213,2025-09-09 10:21:02.151783,0,5,2,0
7038,129.46,USA,Crypto,5703,2025-09-29 00:05:02.151783,0,6,1,0
7039,941.73,Japan,Wire,5464,2025-10-01 02:15:02.151783,0,2,4,0
7040,142.9,India,UPI,1300,2025-09-15 13:34:02.151783,0,1,3,0
7041,444.14,Germany,UPI,9908,2025-09-20 16:36:02.151783,0,0,3,0
7042,363.87,UK,UPI,7042,2025-09-18 05:20:02.151783,0,5,3,0
7043,540.88,UK,Debit Card,6066,2025-09-24 16:59:02.151783,0,5,2,0
7044,733.9,UK,Wire,1194,2025-09-27 12:32:02.151783,0,5,4,0
7045,326.3,Germany,Wire,2328,2025-09-22 17:35:02.151783,0,0,4,0
7046,177.72,India,Crypto,7393,2025-09-21 14:29:02.151783,0,1,1,0
7047,262.99,Japan,Wire,5353,2025-09-23 11:16:02.151783,0,2,4,0
7048,210.82,USA,UPI,8133,2025-10-18 13:59:02.151783,0,6,3,0
7049,1562.79,India,Wire,8388,2025-10-13 06:36:02.151783,0,1,4,0
7050,1123.36,Germany,Crypto,2557,2025-09-22 00:07:02.151783,0,0,1,0
7051,125.47,Japan,Wire,6976,2025-09-15 03:42:02.151783,0,2,4,0
7052,367.61,USA,Wire,8529,2025-10-11 03:07:02.151783,0,6,4,0
7053,202.62,Japan,UPI,4124,2025-09-18 00:22:02.151783,0,2,3,0
7054,268.0,USA,Wire,5882,2025-10-09 11:30:02.151783,0,6,4,0
7055,299.45,USA,Debit Card,8119,2025-09-20 19:02:02.151783,0,6,2,0
7056,223.53,UK,Crypto,9720,2025-10-05 13:21:02.151783,0,5,1,0
7057,884.2,Germany,Crypto,9689,2025-09-08 02:22:02.151783,0,0,1,0
7058,600.16,India,Crypto,7782,2025-10-11 02:36:02.151783,0,1,1,0
7059,566.07,UK,Wire,7298,2025-09-22 15:42:02.151783,0,5,4,0
7060,1207.52,UK,Debit Card,8146,2025-10-05 22:29:02.151783,0,5,2,0
7061,842.24,Japan,Crypto,2810,2025-10-07 00:32:02.151783,0,2,1,0
7062,476.71,USA,Credit Card,8914,2025-10-04 13:25:02.151783,0,6,0,0
7063,575.1,USA,UPI,3845,2025-09-24 16:26:02.151783,0,6,3,0
7064,939.46,Japan,Credit Card,3125,2025-09-19 14:07:02.151783,0,2,0,0
7065,897.75,Germany,Credit Card,8341,2025-10-13 16:54:02.151783,0,0,0,0
7066,39.06,USA,Crypto,1319,2025-10-17 14:43:02.151783,0,6,1,0
7067,649.53,UK,Credit Card,9086,2025-09-20 16:07:02.151783,0,5,0,0
7068,507.54,UK,Credit Card,4363,2025-09-09 04:44:02.151783,0,5,0,0
7069,761.35,USA,Debit Card,4386,2025-09-07 22:57:02.151783,0,6,2,0
7070,76.05,USA,UPI,4338,2025-09-21 01:29:02.151783,0,6,3,0
7071,996.5,Germany,Wire,9177,2025-09-28 18:26:02.151783,0,0,4,0
7072,792.94,USA,Crypto,9436,2025-09-16 21:52:02.151783,0,6,1,0
7073,350.94,Germany,Crypto,7734,2025-09-16 23:34:02.151783,0,0,1,0
7074,1415.78,UK,Credit Card,8258,2025-09-16 03:30:02.151783,0,5,0,0
7075,175.6,Germany,Wire,1869,2025-10-12 19:04:02.151783,0,0,4,0
7076,549.54,USA,Wire,2459,2025-10-15 10:57:02.151783,0,6,4,0
7077,295.31,India,Wire,7784,2025-10-04 17:30:02.151783,0,1,4,0
7078,244.1,USA,Crypto,5109,2025-10-13 04:01:02.151783,0,6,1,0
7079,440.73,India,Crypto,8042,2025-10-11 02:02:02.151783,0,1,1,0
7080,84.11,UK,Debit Card,7429,2025-09-28 13:38:02.151783,0,5,2,0
7081,793.23,Japan,Crypto,9862,2025-10-12 18:21:02.151783,0,2,1,0
7082,2152.43,UK,Crypto,1685,2025-09-10 19:12:02.151783,0,5,1,1
7083,169.44,UK,Debit Card,6027,2025-09-27 08:36:02.151783,0,5,2,0
7084,1194.7,UK,Crypto,2974,2025-09-26 05:36:02.151783,0,5,1,0
7085,957.98,Germany,Credit Card,8594,2025-09-25 14:49:02.151783,0,0,0,0
7086,110.74,UK,Credit Card,5138,2025-09-11 15:54:02.151783,0,5,0,0
7087,159.01,Japan,Debit Card,2317,2025-09-13 06:06:02.151783,0,2,2,0
7088,541.96,USA,Debit Card,6464,2025-10-02 11:35:02.151783,0,6,2,0
7089,760.12,India,Credit Card,6115,2025-09-29 01:31:02.151783,0,1,0,0
7090,1014.06,UK,Wire,8409,2025-09-22 12:42:02.151783,0,5,4,0
7091,453.03,India,Crypto,1566,2025-10-02 03:49:02.151783,0,1,1,0
7092,493.12,UK,UPI,8895,2025-10-14 18:06:02.151783,0,5,3,0
7093,126.15,Germany,UPI,8297,2025-09-09 21:30:02.151783,0,0,3,0
7094,1201.61,India,Debit Card,3465,2025-10-11 17:21:02.151783,0,1,2,0
7095,971.68,UK,UPI,5144,2025-09-12 02:36:02.151783,0,5,3,0
7096,682.83,UK,Wire,5348,2025-10-18 04:25:02.151783,0,5,4,0
7097,466.48,Japan,UPI,4926,2025-10-01 16:11:02.151783,0,2,3,0
7098,1192.78,Japan,Credit Card,8559,2025-10-01 10:52:02.151783,0,2,0,0
7099,166.67,Japan,Debit Card,5010,2025-10-08 12:26:02.151783,0,2,2,0
7100,573.76,Germany,UPI,3877,2025-09-12 04:09:02.151783,0,0,3,0
7101,1591.65,India,Crypto,2400,2025-09-15 09:34:02.151783,0,1,1,0
7102,163.9,Germany,Debit Card,7707,2025-09-10 04:41:02.151783,0,0,2,0
7103,1850.22,USA,Wire,1740,2025-09-27 18:54:02.151783,0,6,4,1
7104,924.35,UK,Credit Card,7330,2025-10-11 21:37:02.151783,0,5,0,0
7105,780.62,UK,UPI,9891,2025-09-14 10:33:02.151783,0,5,3,0
7106,1172.43,UK,Credit Card,1702,2025-09-09 11:14:02.151783,0,5,0,0
7107,1025.88,Japan,Wire,7255,2025-09-25 11:36:02.151783,0,2,4,0
7108,109.84,UK,UPI,5388,2025-10-14 11:12:02.151783,0,5,3,0
7109,105.68,Japan,Debit Card,8127,2025-09-28 20:23:02.151783,0,2,2,0
7110,305.59,USA,Debit Card,2820,2025-09-19 10:25:02.151783,0,6,2,0
7111,615.36,Germany,Crypto,8906,2025-09-30 10:06:02.151783,0,0,1,0
7112,1068.25,Germany,Wire,5744,2025-09-18 12:59:02.151783,0,0,4,0
7113,394.56,Germany,UPI,5391,2025-09-07 17:21:02.151783,0,0,3,0
7114,246.04,Japan,Credit Card,2379,2025-09-29 13:38:02.151783,0,2,0,0
7115,885.55,India,Credit Card,9470,2025-09-22 05:29:02.151783,0,1,0,0
7116,381.97,India,UPI,9038,2025-10-10 11:30:02.151783,0,1,3,0
7117,643.57,USA,Wire,5347,2025-10-05 08:01:02.151783,0,6,4,0
7118,487.41,India,Wire,2343,2025-10-07 18:24:02.151783,0,1,4,0
7119,1484.0597720793683,USA,Credit Card,9992,2025-10-17 07:59:02.151783,1,6,0,1
7120,269.5,UK,UPI,1604,2025-09-23 12:57:02.151783,0,5,3,0
7121,164.13,Germany,UPI,7519,2025-09-22 14:06:02.151783,0,0,3,0
7122,9358.59118460613,Japan,Credit Card,9990,2025-09-19 11:04:02.151783,1,2,0,1
7123,345.0,USA,UPI,7583,2025-10-01 18:09:02.151783,0,6,3,0
7124,250.13,Japan,UPI,1591,2025-09-24 15:34:02.151783,0,2,3,0
7125,75.31,Japan,Debit Card,9038,2025-09-20 19:13:02.151783,0,2,2,0
7126,58.94,Germany,Debit Card,7163,2025-10-03 09:39:02.151783,0,0,2,0
7127,174.93,UK,Crypto,4954,2025-09-25 18:47:02.151783,0,5,1,0
7128,636.59,UK,Crypto,9203,2025-10-08 05:05:02.151783,0,5,1,0
7129,502.68,India,Wire,7779,2025-10-10 15:49:02.151783,0,1,4,0
7130,374.11,UK,Debit Card,1121,2025-10-10 18:37:02.151783,0,5,2,0
7131,176.1,Germany,Debit Card,3276,2025-09-17 12:32:02.151783,0,0,2,0
7132,67.08,Japan,Debit Card,9095,2025-09-11 14:11:02.151783,0,2,2,0
7133,253.1,USA,Debit Card,8076,2025-10-03 20:20:02.151783,0,6,2,0
7134,378.72,USA,Wire,1877,2025-10-08 22:54:02.151783,0,6,4,0
7135,806.29,UK,Credit Card,1785,2025-09-14 12:37:02.151783,0,5,0,0
7136,113.86,India,Wire,3076,2025-10-14 10:18:02.151783,0,1,4,0
7137,354.11,USA,Credit Card,6671,2025-10-13 15:58:02.151783,0,6,0,0
7138,168.79,India,Crypto,1100,2025-10-06 17:56:02.151783,0,1,1,0
7139,297.43,USA,Debit Card,9567,2025-09-11 16:18:02.151783,0,6,2,0
7140,1783.22,India,Credit Card,9837,2025-10-01 16:18:02.151783,0,1,0,1
7141,209.57,India,Wire,4382,2025-09-25 23:44:02.151783,0,1,4,0
7142,174.45,Japan,Credit Card,6960,2025-10-01 19:39:02.151783,0,2,0,0
7143,2557.17,Germany,UPI,7343,2025-09-28 08:51:02.151783,0,0,3,1
7144,736.9,USA,Crypto,5816,2025-10-10 14:56:02.151783,0,6,1,0
7145,698.68,UK,Crypto,3023,2025-10-07 00:32:02.151783,0,5,1,0
7146,219.02,Germany,Debit Card,8292,2025-09-13 15:00:02.151783,0,0,2,0
7147,1760.18,Japan,Debit Card,2045,2025-09-23 22:41:02.151783,0,2,2,0
7148,122.2,Japan,Wire,3097,2025-09-29 01:35:02.151783,0,2,4,0
7149,1018.52,Japan,Credit Card,4822,2025-09-29 20:38:02.151783,0,2,0,0
7150,1116.01,UK,UPI,5821,2025-09-15 20:45:02.151783,0,5,3,0
7151,1288.0,USA,Crypto,4866,2025-09-26 21:31:02.151783,0,6,1,0
7152,1390.57,USA,Credit Card,7209,2025-09-17 09:36:02.151783,0,6,0,0
7153,392.41,India,UPI,9076,2025-10-16 06:18:02.151783,0,1,3,0
7154,603.79,India,Credit Card,3349,2025-10-01 13:41:02.151783,0,1,0,0
7155,503.31,India,Debit Card,1383,2025-09-15 09:14:02.151783,0,1,2,0
7156,189.93,UK,Crypto,3585,2025-10-04 09:16:02.151783,0,5,1,0
7157,372.28,Germany,UPI,1702,2025-09-23 02:36:02.151783,0,0,3,0
7158,1117.59,Nigeria,Debit Card,9994,2025-09-24 11:14:02.151783,1,3,2,0
7159,130.7,India,Wire,1318,2025-09-10 20:07:02.151783,0,1,4,0
7160,867.84,UK,Wire,9212,2025-09-16 08:38:02.151783,0,5,4,0
7161,897.07,UK,Debit Card,1591,2025-09-09 13:14:02.151783,0,5,2,0
7162,520.55,India,UPI,5104,2025-09-24 11:37:02.151783,0,1,3,0
7163,932.37,Japan,UPI,2460,2025-10-05 07:20:02.151783,0,2,3,0
7164,195.42,Japan,Crypto,2911,2025-09-30 23:55:02.151783,0,2,1,0
7165,165.39,Japan,Debit Card,4126,2025-09-19 14:52:02.151783,0,2,2,0
7166,340.76,India,Wire,7912,2025-09-30 17:28:02.151783,0,1,4,0
7167,620.08,UK,Debit Card,7847,2025-09-22 15:24:02.151783,0,5,2,0
7168,1673.92,UK,Credit Card,8044,2025-10-03 10:38:02.151783,0,5,0,0
7169,518.81,USA,UPI,6348,2025-09-27 07:04:02.151783,0,6,3,0
7170,344.13,Nigeria,Credit Card,9993,2025-09-11 23:01:02.151783,1,3,0,0
7171,1088.82,India,Wire,8166,2025-10-09 03:23:02.151783,0,1,4,0
7172,140.47,USA,UPI,1281,2025-10-03 01:18:02.151783,0,6,3,0
7173,113.75,UK,Wire,6212,2025-10-08 13:08:02.151783,0,5,4,0
7174,1695.51,USA,Wire,2829,2025-10-10 09:51:02.151783,0,6,4,1
7175,247.48,Japan,Wire,9744,2025-10-09 12:34:02.151783,0,2,4,0
7176,1308.15,Germany,Crypto,4739,2025-10-16 02:40:02.151783,0,0,1,0
7177,1201.41,Japan,Wire,7276,2025-10-03 13:07:02.151783,0,2,4,0
7178,962.09,Japan,Wire,3964,2025-09-18 04:23:02.151783,0,2,4,0
7179,1085.65,India,Credit Card,6616,2025-09-14 17:44:02.151783,0,1,0,0
7180,1058.91,Germany,Credit Card,8763,2025-10-07 20:49:02.151783,0,0,0,0
7181,45.03,Germany,Credit Card,3807,2025-09-28 20:54:02.151783,0,0,0,0
7182,635.62,Germany,UPI,3919,2025-09-22 10:16:02.151783,0,0,3,0
7183,537.15,UK,Crypto,2570,2025-09-18 06:56:02.151783,0,5,1,0
7184,306.29,USA,UPI,6756,2025-09-26 13:41:02.151783,0,6,3,0
7185,380.46,UK,Crypto,7707,2025-10-02 22:04:02.151783,0,5,1,0
7186,450.71,Germany,Crypto,8949,2025-09-09 05:13:02.151783,0,0,1,0
7187,388.46,India,Debit Card,7876,2025-09-21 12:24:02.151783,0,1,2,0
7188,1177.39,Japan,Debit Card,9252,2025-10-05 10:59:02.151783,0,2,2,0
7189,391.1,Japan,Debit Card,4575,2025-09-19 06:57:02.151783,0,2,2,0
7190,2493.19,UK,Crypto,3828,2025-10-02 01:15:02.151783,0,5,1,1
7191,276.52,UK,Crypto,3574,2025-09-13 00:31:02.151783,0,5,1,0
7192,346.04,India,UPI,4382,2025-09-17 05:51:02.151783,0,1,3,0
7193,422.05,Japan,Crypto,4764,2025-10-08 09:48:02.151783,0,2,1,0
7194,244.08,UK,Wire,4424,2025-09-26 19:57:02.151783,0,5,4,0
7195,420.19,USA,Wire,2098,2025-09-08 15:16:02.151783,0,6,4,0
7196,298.93,UK,Crypto,1197,2025-10-17 23:32:02.151783,0,5,1,0
7197,871.54,UK,Wire,3688,2025-10-03 14:57:02.151783,0,5,4,0
7198,336.38,Germany,Crypto,8098,2025-10-11 18:11:02.151783,0,0,1,0
7199,2047.7413562440195,USA,Debit Card,9990,2025-09-20 12:28:02.151783,1,6,2,1
7200,369.28,USA,Crypto,1509,2025-10-17 22:22:02.151783,0,6,1,0
7201,477.48,India,Debit Card,3463,2025-09-19 16:09:02.151783,0,1,2,0
7202,402.28,Ukraine,Credit Card,9990,2025-09-30 15:45:02.151783,1,7,0,0
7203,2558.38,USA,Wire,2888,2025-09-16 10:37:02.151783,0,6,4,1
7204,715.47,Germany,Credit Card,3250,2025-10-11 20:01:02.151783,0,0,0,0
7205,157.52,Germany,Wire,5671,2025-09-22 00:44:02.151783,0,0,4,0
7206,799.3,Japan,Credit Card,6010,2025-10-09 05:29:02.151783,0,2,0,0
7207,3983.9571112752687,USA,Crypto,9990,2025-09-27 20:01:02.151783,1,6,1,1
7208,734.72,Japan,Credit Card,1795,2025-10-02 19:08:02.151783,0,2,0,0
7209,795.34,UK,Wire,7089,2025-10-16 05:24:02.151783,0,5,4,0
7210,1268.96,UK,UPI,1847,2025-09-16 10:05:02.151783,0,5,3,0
7211,445.58,Japan,Wire,2391,2025-09-27 17:48:02.151783,0,2,4,0
7212,481.24,UK,UPI,8593,2025-09-26 21:32:02.151783,0,5,3,0
7213,270.96,Japan,Crypto,6717,2025-09-29 23:04:02.151783,0,2,1,0
7214,588.92,India,Wire,3993,2025-10-02 08:02:02.151783,0,1,4,0
7215,247.43,Germany,Credit Card,8627,2025-10-12 23:42:02.151783,0,0,0,0
7216,199.38,India,Crypto,5457,2025-09-11 07:24:02.151783,0,1,1,0
7217,1589.91,USA,Wire,5571,2025-09-28 09:05:02.151783,0,6,4,0
7218,472.66,India,Crypto,9593,2025-09-28 07:52:02.151783,0,1,1,0
7219,723.77,India,UPI,1877,2025-09-28 15:03:02.151783,0,1,3,0
7220,306.26,UK,Crypto,4154,2025-10-12 14:42:02.151783,0,5,1,0
7221,1811.97,Japan,Credit Card,6709,2025-09-23 00:27:02.151783,0,2,0,0
7222,416.34,USA,Wire,5441,2025-10-15 00:12:02.151783,0,6,4,0
7223,1394.78,UK,UPI,2095,2025-09-15 08:32:02.151783,0,5,3,0
7224,722.92,USA,Crypto,2806,2025-09-26 01:20:02.151783,0,6,1,0
7225,529.77,Germany,Debit Card,6996,2025-09-19 16:22:02.151783,0,0,2,0
7226,642.2,Japan,UPI,2676,2025-10-07 07:20:02.151783,0,2,3,0
7227,469.26,UK,UPI,9399,2025-09-21 15:59:02.151783,0,5,3,0
7228,445.18,India,Credit Card,6501,2025-09-23 16:48:02.151783,0,1,0,0
7229,609.53,Germany,Credit Card,8276,2025-10-13 12:06:02.151783,0,0,0,0
7230,71.12,India,Crypto,8181,2025-09-15 05:41:02.151783,0,1,1,0
7231,306.03,USA,Debit Card,9437,2025-09-27 11:12:02.151783,0,6,2,0
7232,872.07,Germany,UPI,9068,2025-09-29 13:59:02.151783,0,0,3,0
7233,923.75,UK,Crypto,3602,2025-09-12 08:02:02.151783,0,5,1,0
7234,2178.66,India,Debit Card,6167,2025-09-23 17:07:02.151783,0,1,2,0
7235,1019.61,India,Crypto,4481,2025-09-28 22:36:02.151783,0,1,1,0
7236,968.32,USA,UPI,2477,2025-09-21 19:18:02.151783,0,6,3,0
7237,656.36,USA,Crypto,7285,2025-10-12 21:28:02.151783,0,6,1,0
7238,1156.3,Japan,Credit Card,3497,2025-10-08 23:36:02.151783,0,2,0,0
7239,568.98,Japan,Credit Card,6850,2025-09-15 19:35:02.151783,0,2,0,0
7240,527.95,USA,Wire,2480,2025-10-01 06:18:02.151783,0,6,4,0
7241,539.33,Japan,Debit Card,2787,2025-10-01 05:32:02.151783,0,2,2,0
7242,1139.05,India,UPI,2812,2025-09-07 10:57:02.151783,0,1,3,0
7243,534.48,USA,Debit Card,3923,2025-09-12 16:23:02.151783,0,6,2,0
7244,714.34,Germany,Credit Card,3561,2025-10-05 23:34:02.151783,0,0,0,0
7245,329.34,USA,UPI,3946,2025-09-20 06:36:02.151783,0,6,3,0
7246,1725.15,UK,Wire,1915,2025-10-11 16:12:02.151783,0,5,4,1
7247,395.9,UK,Credit Card,7371,2025-10-13 17:56:02.151783,0,5,0,0
7248,517.85,USA,Credit Card,8313,2025-10-15 11:17:02.151783,0,6,0,0
7249,962.3,Germany,Debit Card,3815,2025-10-10 05:16:02.151783,0,0,2,0
7250,1262.23,USA,Crypto,6285,2025-09-09 07:39:02.151783,0,6,1,0
7251,552.38,Germany,Debit Card,5593,2025-09-28 08:23:02.151783,0,0,2,0
7252,870.95,India,Credit Card,1976,2025-10-05 06:01:02.151783,0,1,0,0
7253,253.21,India,Debit Card,1749,2025-09-17 14:58:02.151783,0,1,2,0
7254,621.48,Germany,Crypto,4555,2025-09-07 20:04:02.151783,0,0,1,0
7255,862.85,Japan,Wire,8580,2025-09-16 14:48:02.151783,0,2,4,0
7256,1380.25,India,UPI,5799,2025-10-06 02:09:02.151783,0,1,3,0
7257,161.21,UK,Credit Card,8455,2025-10-12 11:12:02.151783,0,5,0,0
7258,216.57,USA,Debit Card,4015,2025-09-10 19:44:02.151783,0,6,2,0
7259,105.39,Japan,Credit Card,9460,2025-10-13 08:49:02.151783,0,2,0,0
7260,180.77,UK,UPI,4028,2025-09-08 10:08:02.151783,0,5,3,0
7261,1187.09,USA,Debit Card,7448,2025-09-28 03:42:02.151783,0,6,2,0
7262,321.51,UK,Wire,6239,2025-10-17 04:36:02.151783,0,5,4,0
7263,538.48,Japan,UPI,2248,2025-10-02 21:22:02.151783,0,2,3,0
7264,224.3,Germany,Crypto,9954,2025-10-18 09:53:02.151783,0,0,1,0
7265,353.66,USA,Crypto,9914,2025-09-18 12:31:02.151783,0,6,1,0
7266,1617.58,UK,Credit Card,2405,2025-10-17 15:50:02.151783,0,5,0,1
7267,661.26,UK,Crypto,7154,2025-09-16 20:25:02.151783,0,5,1,0
7268,776.78,Japan,Debit Card,1438,2025-10-01 04:50:02.151783,0,2,2,0
7269,468.58,Japan,Crypto,1314,2025-09-15 08:49:02.151783,0,2,1,0
7270,1095.17,Japan,Wire,3112,2025-10-10 06:49:02.151783,0,2,4,0
7271,1075.33,Germany,Debit Card,5996,2025-09-23 17:17:02.151783,0,0,2,0
7272,428.36,India,Credit Card,1591,2025-10-07 09:07:02.151783,0,1,0,0
7273,513.23,UK,Credit Card,6533,2025-09-11 18:48:02.151783,0,5,0,0
7274,1220.18,Germany,Crypto,4670,2025-09-27 23:58:02.151783,0,0,1,0
7275,536.66,UK,Crypto,9048,2025-09-23 19:32:02.151783,0,5,1,0
7276,389.54,Germany,Credit Card,2909,2025-09-20 13:18:02.151783,0,0,0,0
7277,412.24,USA,Debit Card,9027,2025-09-11 02:46:02.151783,0,6,2,0
7278,351.52,India,UPI,5463,2025-10-03 22:05:02.151783,0,1,3,0
7279,531.63,UK,Credit Card,7774,2025-10-15 19:33:02.151783,0,5,0,0
7280,360.93,Japan,Wire,3423,2025-09-22 01:03:02.151783,0,2,4,0
7281,530.57,India,Debit Card,4270,2025-09-19 18:42:02.151783,0,1,2,0
7282,284.95,UK,UPI,2453,2025-09-28 17:21:02.151783,0,5,3,0
7283,671.0,USA,UPI,1195,2025-10-13 10:08:02.151783,0,6,3,0
7284,743.45,UK,Debit Card,6586,2025-09-14 07:26:02.151783,0,5,2,0
7285,836.96,UK,Credit Card,9981,2025-10-14 07:24:02.151783,0,5,0,0
7286,753.19,UK,UPI,4553,2025-10-15 01:14:02.151783,0,5,3,0
7287,1038.59,India,Wire,5930,2025-09-07 14:14:02.151783,0,1,4,0
7288,563.35,UK,Debit Card,3580,2025-09-30 22:20:02.151783,0,5,2,0
7289,527.07,Japan,Crypto,9165,2025-09-18 00:19:02.151783,0,2,1,0
7290,317.54,Germany,Credit Card,1404,2025-10-13 13:27:02.151783,0,0,0,0
7291,892.9,Japan,Debit Card,9144,2025-09-25 14:05:02.151783,0,2,2,0
7292,334.71,USA,Wire,3844,2025-09-29 23:57:02.151783,0,6,4,0
7293,96.3,India,UPI,3336,2025-10-15 14:05:02.151783,0,1,3,0
7294,305.0,Germany,Credit Card,8846,2025-09-11 18:28:02.151783,0,0,0,0
7295,940.54,India,Credit Card,1089,2025-09-15 01:46:02.151783,0,1,0,0
7296,813.64,India,Debit Card,6062,2025-09-26 07:17:02.151783,0,1,2,0
7297,620.84,UK,Debit Card,7728,2025-09-14 02:53:02.151783,0,5,2,0
7298,2057.18,Japan,Wire,4594,2025-09-09 12:59:02.151783,0,2,4,0
7299,673.33,Ukraine,Crypto,9990,2025-10-01 14:44:02.151783,1,7,1,0
7300,263.6,UK,Debit Card,9944,2025-09-10 16:13:02.151783,0,5,2,0
7301,243.52,Germany,Debit Card,1715,2025-10-07 20:44:02.151783,0,0,2,0
7302,752.42,Japan,Debit Card,3441,2025-09-11 22:19:02.151783,0,2,2,0
7303,1345.64,UK,Wire,9139,2025-09-07 10:18:02.151783,0,5,4,0
7304,521.76,Germany,UPI,4429,2025-10-08 07:35:02.151783,0,0,3,0
7305,688.13,UK,Crypto,6268,2025-09-10 11:40:02.151783,0,5,1,0
7306,714.23,India,Wire,9666,2025-09-24 20:38:02.151783,0,1,4,0
7307,2108.88,USA,Debit Card,3821,2025-09-14 08:14:02.151783,0,6,2,1
7308,997.94,Germany,UPI,9060,2025-09-27 06:16:02.151783,0,0,3,0
7309,1167.73,Japan,Debit Card,7151,2025-09-10 14:47:02.151783,0,2,2,0
7310,254.46,Germany,Wire,8396,2025-09-14 06:23:02.151783,0,0,4,0
7311,333.73,USA,Credit Card,3901,2025-09-07 03:02:02.151783,0,6,0,0
7312,312.86,Germany,Debit Card,4100,2025-09-10 18:01:02.151783,0,0,2,0
7313,435.11,Germany,UPI,4592,2025-10-12 14:35:02.151783,0,0,3,0
7314,552.78,Germany,Crypto,9374,2025-09-20 02:22:02.151783,0,0,1,0
7315,653.92,Japan,Credit Card,7665,2025-09-30 19:15:02.151783,0,2,0,0
7316,494.24,USA,Debit Card,7832,2025-09-26 00:39:02.151783,0,6,2,0
7317,306.92,USA,Debit Card,1083,2025-10-17 06:55:02.151783,0,6,2,0
7318,210.02,Japan,UPI,1085,2025-10-05 03:01:02.151783,0,2,3,0
7319,703.1,Germany,Credit Card,8464,2025-10-16 13:01:02.151783,0,0,0,0
7320,8387.770451279803,Germany,Credit Card,9998,2025-10-06 12:50:02.151783,1,0,0,1
7321,450.05,USA,Credit Card,2036,2025-10-02 06:27:02.151783,0,6,0,0
7322,113.92,Germany,Debit Card,2400,2025-09-30 18:27:02.151783,0,0,2,0
7323,990.92,India,Credit Card,4480,2025-10-06 17:32:02.151783,0,1,0,0
7324,435.34,Germany,Debit Card,5820,2025-10-09 14:02:02.151783,0,0,2,0
7325,155.97,Germany,Debit Card,6749,2025-09-17 11:14:02.151783,0,0,2,0
7326,516.85,UK,Credit Card,5713,2025-09-13 23:07:02.151783,0,5,0,0
7327,1037.85,USA,Wire,7158,2025-10-13 07:08:02.151783,0,6,4,0
7328,376.97,USA,Crypto,1724,2025-09-15 15:15:02.151783,0,6,1,0
7329,36.62,India,Crypto,1187,2025-10-08 18:10:02.151783,0,1,1,0
7330,417.85,India,Wire,7377,2025-09-25 01:30:02.151783,0,1,4,0
7331,294.23,India,Credit Card,5830,2025-10-10 15:11:02.151783,0,1,0,0
7332,589.03,USA,Debit Card,7601,2025-10-14 10:18:02.151783,0,6,2,0
7333,526.06,UK,UPI,3772,2025-09-17 00:31:02.151783,0,5,3,0
7334,351.32,UK,Wire,5612,2025-10-06 18:14:02.151783,0,5,4,0
7335,334.23,Japan,Crypto,3580,2025-09-07 07:36:02.151783,0,2,1,0
7336,1247.62,USA,Crypto,4700,2025-09-30 18:00:02.151783,0,6,1,0
7337,5784.386629147584,Japan,Debit Card,9990,2025-10-13 05:59:02.151783,1,2,2,1
7338,732.61,Germany,Crypto,2138,2025-09-27 22:22:02.151783,0,0,1,0
7339,952.64,India,Crypto,8211,2025-10-08 22:37:02.151783,0,1,1,0
7340,432.52,Japan,Debit Card,9395,2025-09-23 19:17:02.151783,0,2,2,0
7341,1471.87,Japan,Credit Card,8640,2025-09-09 01:01:02.151783,0,2,0,0
7342,658.73,USA,Crypto,4380,2025-09-23 23:25:02.151783,0,6,1,0
7343,567.79,India,Credit Card,2345,2025-09-13 07:30:02.151783,0,1,0,0
7344,652.8,India,UPI,9552,2025-10-14 12:34:02.151783,0,1,3,0
7345,416.74,UK,Credit Card,2143,2025-09-10 04:41:02.151783,0,5,0,0
7346,305.91,Japan,Debit Card,1213,2025-10-17 16:29:02.151783,0,2,2,0
7347,1106.34,UK,Debit Card,2848,2025-09-16 23:52:02.151783,0,5,2,0
7348,193.31,Japan,Debit Card,1641,2025-10-06 08:14:02.151783,0,2,2,0
7349,208.87,USA,Crypto,1605,2025-10-09 05:09:02.151783,0,6,1,0
7350,480.29,USA,Wire,1365,2025-10-06 03:16:02.151783,0,6,4,0
7351,256.67,Germany,Crypto,2228,2025-09-23 12:29:02.151783,0,0,1,0
7352,114.27,Japan,Credit Card,1898,2025-10-09 03:44:02.151783,0,2,0,0
7353,202.4,Japan,UPI,3750,2025-09-27 04:06:02.151783,0,2,3,0
7354,263.01,India,UPI,6380,2025-10-15 13:41:02.151783,0,1,3,0
7355,680.09,India,UPI,1089,2025-09-27 16:48:02.151783,0,1,3,0
7356,452.35,UK,UPI,1988,2025-10-08 18:44:02.151783,0,5,3,0
7357,981.56,Germany,Wire,8057,2025-10-12 04:54:02.151783,0,0,4,0
7358,192.33,USA,UPI,3440,2025-09-12 00:01:02.151783,0,6,3,0
7359,223.48,Japan,Crypto,6563,2025-10-07 13:14:02.151783,0,2,1,0
7360,607.35,UK,UPI,1292,2025-09-28 15:39:02.151783,0,5,3,0
7361,295.22,Germany,Debit Card,5726,2025-10-14 00:12:02.151783,0,0,2,0
7362,400.22,India,Credit Card,5265,2025-10-09 06:57:02.151783,0,1,0,0
7363,204.72,Germany,Crypto,6429,2025-10-15 14:24:02.151783,0,0,1,0
7364,192.14,UK,Wire,5985,2025-09-27 09:54:02.151783,0,5,4,0
7365,286.03,USA,Crypto,7199,2025-09-26 23:55:02.151783,0,6,1,0
7366,1021.03,India,Debit Card,3615,2025-09-30 08:29:02.151783,0,1,2,0
7367,152.4,India,UPI,9342,2025-10-07 20:46:02.151783,0,1,3,0
7368,1102.04,USA,UPI,6434,2025-09-09 11:07:02.151783,0,6,3,0
7369,956.17,India,Wire,1983,2025-09-16 06:24:02.151783,0,1,4,0
7370,350.53,UK,Credit Card,2819,2025-10-12 21:19:02.151783,0,5,0,0
7371,524.57,India,UPI,1976,2025-10-10 19:35:02.151783,0,1,3,0
7372,643.36,Japan,Wire,7149,2025-09-15 20:28:02.151783,0,2,4,0
7373,4450.698978519306,Germany,UPI,9991,2025-10-12 19:16:02.151783,1,0,3,1
7374,223.25,UK,Crypto,7460,2025-09-09 00:59:02.151783,0,5,1,0
7375,890.77,USA,Wire,3778,2025-10-04 09:19:02.151783,0,6,4,0
7376,556.4,UK,Wire,3571,2025-10-05 17:28:02.151783,0,5,4,0
7377,237.9,Japan,Wire,4901,2025-09-17 15:42:02.151783,0,2,4,0
7378,560.88,India,UPI,4439,2025-09-11 07:08:02.151783,0,1,3,0
7379,235.63,India,Wire,8233,2025-09-09 06:49:02.151783,0,1,4,0
7380,510.72,UK,Crypto,6484,2025-10-01 18:26:02.151783,0,5,1,0
7381,363.37,India,Credit Card,8537,2025-10-05 04:24:02.151783,0,1,0,0
7382,582.93,India,Credit Card,4407,2025-09-13 11:02:02.151783,0,1,0,0
7383,607.9,Japan,Debit Card,9858,2025-10-16 22:33:02.151783,0,2,2,0
7384,1203.56,USA,Crypto,1772,2025-09-21 00:29:02.151783,0,6,1,0
7385,790.95,Germany,Crypto,5953,2025-10-10 03:03:02.151783,0,0,1,0
7386,696.52,UK,Wire,5594,2025-09-20 05:17:02.151783,0,5,4,0
7387,107.41,USA,Debit Card,9840,2025-10-11 14:29:02.151783,0,6,2,0
7388,998.87,Germany,Crypto,5946,2025-10-17 06:02:02.151783,0,0,1,0
7389,375.67,USA,Crypto,1987,2025-09-12 22:17:02.151783,0,6,1,0
7390,204.91,UK,Crypto,3190,2025-09-09 09:02:02.151783,0,5,1,0
7391,1843.58,Japan,UPI,5623,2025-09-14 08:20:02.151783,0,2,3,0
7392,294.95,Japan,Crypto,2785,2025-09-28 03:07:02.151783,0,2,1,0
7393,12443.765147308664,Japan,UPI,9995,2025-10-15 14:44:02.151783,1,2,3,1
7394,649.29,USA,Crypto,7816,2025-09-08 18:36:02.151783,0,6,1,0
7395,752.67,UK,Credit Card,2901,2025-09-09 19:39:02.151783,0,5,0,0
7396,514.01,India,UPI,3403,2025-09-25 06:32:02.151783,0,1,3,0
7397,243.52,India,UPI,3985,2025-09-18 15:06:02.151783,0,1,3,0
7398,855.58,Japan,Wire,2850,2025-10-09 00:25:02.151783,0,2,4,0
7399,616.39,USA,Crypto,6155,2025-10-04 22:45:02.151783,0,6,1,0
7400,609.94,India,Debit Card,9737,2025-10-14 17:05:02.151783,0,1,2,0
7401,548.42,USA,Debit Card,7017,2025-09-12 20:33:02.151783,0,6,2,0
7402,425.55,UK,Debit Card,9716,2025-10-15 02:32:02.151783,0,5,2,0
7403,859.81,Japan,Debit Card,2080,2025-10-11 23:26:02.151783,0,2,2,0
7404,738.64,Germany,Credit Card,3021,2025-09-12 08:29:02.151783,0,0,0,0
7405,926.24,Japan,Debit Card,8174,2025-09-25 15:21:02.151783,0,2,2,0
7406,440.38,Germany,Wire,6562,2025-10-15 07:23:02.151783,0,0,4,0
7407,413.47,India,Debit Card,1770,2025-10-11 17:58:02.151783,0,1,2,0
7408,338.24,Germany,Wire,9180,2025-10-09 04:05:02.151783,0,0,4,0
7409,559.91,USA,UPI,6786,2025-10-02 09:22:02.151783,0,6,3,0
7410,112.82,Germany,Crypto,8359,2025-09-12 21:11:02.151783,0,0,1,0
7411,2433.32,India,Debit Card,7945,2025-10-07 02:55:02.151783,0,1,2,0
7412,310.32,India,Wire,8446,2025-10-02 15:21:02.151783,0,1,4,0
7413,1176.18,Japan,Wire,7780,2025-09-12 08:57:02.151783,0,2,4,0
7414,369.07,India,Crypto,2596,2025-10-09 16:30:02.151783,0,1,1,0
7415,783.28,USA,UPI,9747,2025-10-15 06:21:02.151783,0,6,3,0
7416,1555.93,Germany,Debit Card,6446,2025-10-14 02:25:02.151783,0,0,2,0
7417,753.12,UK,Wire,5354,2025-09-26 07:53:02.151783,0,5,4,0
7418,1497.49,India,Debit Card,1834,2025-09-27 13:53:02.151783,0,1,2,0
7419,1130.22,Germany,Credit Card,1903,2025-10-16 04:30:02.151783,0,0,0,0
7420,229.38,Japan,Wire,1142,2025-10-13 10:01:02.151783,0,2,4,0
7421,864.95,UK,UPI,7020,2025-09-14 01:22:02.151783,0,5,3,0
7422,672.14,Japan,Crypto,8886,2025-10-04 14:43:02.151783,0,2,1,0
7423,289.79,USA,Wire,4723,2025-09-12 04:24:02.151783,0,6,4,0
7424,1065.62,Japan,Credit Card,3786,2025-09-16 11:21:02.151783,0,2,0,0
7425,186.79,Germany,Crypto,4390,2025-09-13 10:25:02.151783,0,0,1,0
7426,1019.63,UK,UPI,7945,2025-09-20 07:55:02.151783,0,5,3,0
7427,872.82,Japan,Debit Card,3759,2025-10-03 06:18:02.151783,0,2,2,0
7428,568.6,Japan,Debit Card,8819,2025-10-09 10:24:02.151783,0,2,2,0
7429,323.08,USA,Wire,4153,2025-09-23 11:23:02.151783,0,6,4,0
7430,856.55,Germany,Crypto,3831,2025-09-12 23:40:02.151783,0,0,1,0
7431,79.93,Japan,Credit Card,7512,2025-09-10 20:20:02.151783,0,2,0,0
7432,273.99,Germany,Credit Card,9649,2025-09-25 11:59:02.151783,0,0,0,0
7433,519.98,India,UPI,8531,2025-10-12 01:12:02.151783,0,1,3,0
7434,568.94,USA,Crypto,6312,2025-09-07 08:20:02.151783,0,6,1,0
7435,279.82,Russia,Crypto,9994,2025-10-14 08:05:02.151783,1,4,1,0
7436,285.72,USA,Debit Card,8202,2025-09-10 00:39:02.151783,0,6,2,0
7437,770.02,Germany,UPI,2608,2025-09-17 12:40:02.151783,0,0,3,0
7438,235.29,Japan,UPI,4894,2025-10-08 23:01:02.151783,0,2,3,0
7439,394.52,Japan,UPI,7788,2025-09-25 21:23:02.151783,0,2,3,0
7440,185.94,Germany,Crypto,2096,2025-09-19 02:19:02.151783,0,0,1,0
7441,541.59,Germany,Debit Card,1626,2025-09-15 05:35:02.151783,0,0,2,0
7442,446.03,India,UPI,2290,2025-10-16 07:02:02.151783,0,1,3,0
7443,72.35,UK,Debit Card,5717,2025-10-03 20:22:02.151783,0,5,2,0
7444,152.69,UK,UPI,4411,2025-09-20 19:29:02.151783,0,5,3,0
7445,1225.96,USA,Crypto,3144,2025-10-08 19:12:02.151783,0,6,1,0
7446,299.74,Japan,Debit Card,1899,2025-09-26 02:22:02.151783,0,2,2,0
7447,684.6,USA,Wire,1697,2025-10-13 18:33:02.151783,0,6,4,0
7448,221.49,Japan,UPI,7080,2025-09-09 12:43:02.151783,0,2,3,0
7449,1347.17,Japan,Crypto,5055,2025-10-09 22:30:02.151783,0,2,1,0
7450,105.09,India,Debit Card,8231,2025-09-15 16:59:02.151783,0,1,2,0
7451,1145.22,Germany,Credit Card,4440,2025-09-26 13:07:02.151783,0,0,0,0
7452,567.51,Germany,Crypto,4416,2025-09-28 17:02:02.151783,0,0,1,0
7453,841.2,Germany,Crypto,3489,2025-10-05 10:47:02.151783,0,0,1,0
7454,1238.11,UK,Credit Card,7594,2025-09-21 14:38:02.151783,0,5,0,0
7455,631.35,Germany,Credit Card,7377,2025-10-10 04:10:02.151783,0,0,0,0
7456,1585.33,UK,Wire,7119,2025-10-02 10:40:02.151783,0,5,4,0
7457,1224.64,USA,Wire,1792,2025-10-10 20:53:02.151783,0,6,4,0
7458,822.76,UK,Wire,8748,2025-10-17 07:55:02.151783,0,5,4,0
7459,1096.45,Japan,Crypto,1922,2025-09-19 16:19:02.151783,0,2,1,0
7460,527.2,India,Crypto,2481,2025-09-21 16:07:02.151783,0,1,1,0
7461,245.49,India,Crypto,7987,2025-10-01 18:54:02.151783,0,1,1,0
7462,2212.36,Japan,Wire,8505,2025-09-28 09:01:02.151783,0,2,4,1
7463,554.6,USA,Debit Card,9933,2025-09-25 13:09:02.151783,0,6,2,0
7464,653.67,India,Crypto,3033,2025-09-15 02:15:02.151783,0,1,1,0
7465,160.28,Japan,Crypto,2445,2025-10-15 11:12:02.151783,0,2,1,0
7466,1289.45,India,Crypto,9566,2025-10-08 17:26:02.151783,0,1,1,0
7467,5473.707547448715,UK,Wire,9997,2025-09-12 15:31:02.151783,1,5,4,1
7468,769.51,India,UPI,6768,2025-10-15 04:00:02.151783,0,1,3,0
7469,844.06,UK,Wire,9815,2025-09-30 12:08:02.151783,0,5,4,0
7470,292.78,UK,UPI,7442,2025-09-28 17:00:02.151783,0,5,3,0
7471,1266.31,India,Wire,1605,2025-10-14 15:22:02.151783,0,1,4,0
7472,691.61,India,Debit Card,3113,2025-09-09 14:35:02.151783,0,1,2,0
7473,77.89,UK,Debit Card,3576,2025-09-21 03:11:02.151783,0,5,2,0
7474,1099.41,India,Crypto,6740,2025-10-04 00:26:02.151783,0,1,1,0
7475,490.48,USA,Wire,6510,2025-10-13 11:53:02.151783,0,6,4,0
7476,319.48,Germany,UPI,1277,2025-10-01 08:12:02.151783,0,0,3,0
7477,117.38,Germany,UPI,3057,2025-10-14 21:26:02.151783,0,0,3,0
7478,394.75,Japan,Debit Card,2164,2025-10-14 23:16:02.151783,0,2,2,0
7479,360.71,Germany,Crypto,4171,2025-09-28 04:24:02.151783,0,0,1,0
7480,1181.01,USA,UPI,6306,2025-09-12 04:50:02.151783,0,6,3,0
7481,338.01,Germany,Wire,7536,2025-09-08 18:24:02.151783,0,0,4,0
7482,143.53,Germany,Crypto,1260,2025-09-11 09:29:02.151783,0,0,1,0
7483,775.32,USA,Wire,6185,2025-10-15 20:50:02.151783,0,6,4,0
7484,1221.32,UK,Wire,4565,2025-09-24 11:38:02.151783,0,5,4,0
7485,415.86,Germany,Debit Card,4818,2025-10-10 21:23:02.151783,0,0,2,0
7486,1792.72,Japan,Wire,5562,2025-10-10 21:25:02.151783,0,2,4,0
7487,1090.09,Germany,Credit Card,7207,2025-09-12 21:19:02.151783,0,0,0,0
7488,1294.31,Germany,Crypto,3794,2025-09-28 20:37:02.151783,0,0,1,0
7489,759.74,USA,Credit Card,7988,2025-09-20 16:27:02.151783,0,6,0,0
7490,700.75,USA,Wire,3012,2025-10-12 20:40:02.151783,0,6,4,0
7491,325.76,Japan,Wire,7242,2025-10-17 12:38:02.151783,0,2,4,0
7492,1535.36,India,Debit Card,9495,2025-10-07 04:48:02.151783,0,1,2,0
7493,1369.88,USA,Debit Card,2096,2025-09-16 00:31:02.151783,0,6,2,0
7494,1557.34,India,Debit Card,2166,2025-09-26 06:32:02.151783,0,1,2,0
7495,529.37,Japan,Debit Card,5309,2025-10-11 14:55:02.151783,0,2,2,0
7496,421.43,Germany,UPI,8884,2025-10-02 02:45:02.151783,0,0,3,0
7497,915.91,Germany,Debit Card,3352,2025-09-22 08:08:02.151783,0,0,2,0
7498,375.11,India,Wire,6533,2025-10-13 15:25:02.151783,0,1,4,0
7499,533.79,Japan,Wire,9084,2025-09-11 03:20:02.151783,0,2,4,0
7500,88.92,Japan,Crypto,6848,2025-09-26 21:48:02.151783,0,2,1,0
7501,656.18,USA,Credit Card,9536,2025-09-13 05:05:02.151783,0,6,0,0
7502,821.01,India,UPI,1743,2025-10-09 09:45:02.151783,0,1,3,0
7503,1313.79,USA,UPI,3541,2025-10-02 22:53:02.151783,0,6,3,0
7504,940.28,India,Crypto,6800,2025-09-13 21:03:02.151783,0,1,1,0
7505,1052.27,USA,Crypto,2148,2025-09-19 15:45:02.151783,0,6,1,0
7506,1715.5,USA,Debit Card,9848,2025-09-07 02:52:02.151783,0,6,2,0
7507,277.9,Japan,Crypto,5712,2025-10-16 21:52:02.151783,0,2,1,0
7508,237.3,Japan,UPI,1775,2025-09-15 03:49:02.151783,0,2,3,0
7509,623.72,Germany,Credit Card,7207,2025-09-27 17:00:02.151783,0,0,0,0
7510,212.35,Germany,Credit Card,8178,2025-10-17 04:49:02.151783,0,0,0,0
7511,687.89,Japan,UPI,9798,2025-09-24 05:08:02.151783,0,2,3,0
7512,219.66,Japan,Debit Card,1429,2025-09-12 20:57:02.151783,0,2,2,0
7513,261.92,USA,Credit Card,2612,2025-10-06 09:24:02.151783,0,6,0,0
7514,118.94,Germany,Credit Card,5311,2025-09-17 16:46:02.151783,0,0,0,0
7515,649.08,Japan,Debit Card,5465,2025-10-09 02:03:02.151783,0,2,2,0
7516,168.71,India,Credit Card,3288,2025-09-09 03:56:02.151783,0,1,0,0
7517,785.36,India,Wire,3368,2025-09-16 07:32:02.151783,0,1,4,0
7518,878.06,Germany,UPI,3092,2025-09-19 18:26:02.151783,0,0,3,0
7519,305.39,India,Credit Card,8753,2025-09-22 21:09:02.151783,0,1,0,0
7520,963.49,USA,Credit Card,9111,2025-09-21 20:14:02.151783,0,6,0,0
7521,890.09,Germany,Debit Card,1283,2025-10-15 15:05:02.151783,0,0,2,0
7522,1129.87,Japan,Credit Card,9863,2025-09-25 14:16:02.151783,0,2,0,0
7523,283.8,India,Debit Card,3134,2025-10-06 11:06:02.151783,0,1,2,0
7524,273.99,USA,UPI,8174,2025-09-07 20:38:02.151783,0,6,3,0
7525,846.06,Japan,Wire,2482,2025-10-06 11:13:02.151783,0,2,4,0
7526,617.36,UK,Crypto,7326,2025-10-05 22:05:02.151783,0,5,1,0
7527,660.4,USA,UPI,3346,2025-09-11 00:31:02.151783,0,6,3,0
7528,1343.42,India,Credit Card,7541,2025-09-07 07:44:02.151783,0,1,0,0
7529,1009.12,USA,Wire,1013,2025-09-10 03:34:02.151783,0,6,4,1
7530,890.9,UK,Crypto,7243,2025-09-30 21:34:02.151783,0,5,1,0
7531,822.2,UK,Crypto,1755,2025-10-02 17:25:02.151783,0,5,1,0
7532,1069.36,USA,Credit Card,9360,2025-10-10 23:02:02.151783,0,6,0,0
7533,472.52,Japan,Crypto,3279,2025-10-14 09:47:02.151783,0,2,1,0
7534,205.98,Japan,Crypto,2134,2025-10-15 09:39:02.151783,0,2,1,0
7535,336.97,UK,UPI,3661,2025-09-17 20:27:02.151783,0,5,3,0
7536,302.7,Germany,UPI,5824,2025-10-11 19:03:02.151783,0,0,3,0
7537,28.78,Germany,Crypto,1239,2025-09-28 03:29:02.151783,0,0,1,0
7538,823.18,Japan,Debit Card,3287,2025-09-18 00:08:02.151783,0,2,2,0
7539,425.45,Germany,Credit Card,5365,2025-09-25 09:23:02.151783,0,0,0,0
7540,479.1,Japan,Debit Card,3587,2025-10-17 03:45:02.151783,0,2,2,0
7541,354.03,India,Debit Card,2309,2025-10-11 14:14:02.151783,0,1,2,0
7542,535.69,Japan,Crypto,7478,2025-10-05 05:27:02.151783,0,2,1,0
7543,1476.01,India,Credit Card,1442,2025-09-23 10:15:02.151783,0,1,0,1
7544,116.88,UK,Debit Card,9916,2025-10-13 07:23:02.151783,0,5,2,0
7545,1656.62,Germany,UPI,1907,2025-10-17 17:21:02.151783,0,0,3,0
7546,643.98,UK,UPI,2526,2025-09-24 07:37:02.151783,0,5,3,0
7547,373.16,USA,Credit Card,9266,2025-09-10 21:43:02.151783,0,6,0,0
7548,410.07,USA,Debit Card,3470,2025-09-14 10:26:02.151783,0,6,2,0
7549,257.92,UK,Wire,1069,2025-09-30 12:03:02.151783,0,5,4,0
7550,78.35,Japan,Wire,5840,2025-09-15 03:17:02.151783,0,2,4,0
7551,220.95,Japan,Credit Card,7414,2025-10-03 11:38:02.151783,0,2,0,0
7552,537.26,Germany,Credit Card,9323,2025-09-08 02:51:02.151783,0,0,0,0
7553,448.72,UK,Wire,8595,2025-10-13 02:28:02.151783,0,5,4,0
7554,751.49,USA,Debit Card,2128,2025-09-17 06:41:02.151783,0,6,2,0
7555,356.76,UK,Debit Card,1597,2025-09-08 01:15:02.151783,0,5,2,0
7556,318.44,UK,Crypto,6561,2025-09-12 09:06:02.151783,0,5,1,0
7557,2032.08,Germany,Credit Card,9863,2025-10-06 01:51:02.151783,0,0,0,1
7558,263.74,Japan,Debit Card,5730,2025-10-02 01:29:02.151783,0,2,2,0
7559,278.24,USA,Wire,6019,2025-09-18 02:01:02.151783,0,6,4,0
7560,1057.36,Germany,Wire,7105,2025-09-17 16:04:02.151783,0,0,4,0
7561,888.61,USA,UPI,4715,2025-09-27 01:50:02.151783,0,6,3,0
7562,394.53,USA,Debit Card,4337,2025-10-06 07:55:02.151783,0,6,2,0
7563,939.58,Japan,Crypto,3899,2025-10-10 22:50:02.151783,0,2,1,0
7564,586.1,Japan,Crypto,7563,2025-09-10 07:16:02.151783,0,2,1,0
7565,359.89,Germany,Credit Card,3308,2025-09-30 04:50:02.151783,0,0,0,0
7566,847.7,India,UPI,3463,2025-10-01 08:36:02.151783,0,1,3,0
7567,544.26,Germany,Wire,6474,2025-10-05 11:23:02.151783,0,0,4,0
7568,84.02,Germany,Wire,4990,2025-09-23 07:30:02.151783,0,0,4,0
7569,848.35,India,Credit Card,3748,2025-10-05 01:44:02.151783,0,1,0,0
7570,486.45,USA,Crypto,6504,2025-09-28 17:51:02.151783,0,6,1,0
7571,1399.88,UK,Crypto,8073,2025-10-18 10:09:02.151783,0,5,1,0
7572,969.13,India,Wire,9363,2025-09-23 13:05:02.151783,0,1,4,0
7573,620.01,UK,Credit Card,6943,2025-09-10 09:17:02.151783,0,5,0,0
7574,403.49,USA,Debit Card,4401,2025-09-25 21:17:02.151783,0,6,2,0
7575,533.25,India,UPI,5101,2025-10-09 18:49:02.151783,0,1,3,0
7576,252.39,Japan,Crypto,8755,2025-10-04 06:30:02.151783,0,2,1,0
7577,619.9,Germany,Crypto,2227,2025-10-10 23:39:02.151783,0,0,1,0
7578,6755.52462824546,India,Crypto,9990,2025-10-02 07:03:02.151783,1,1,1,1
7579,1789.73,India,Debit Card,1721,2025-10-03 01:02:02.151783,0,1,2,0
7580,1195.97,USA,Debit Card,1930,2025-09-10 11:52:02.151783,0,6,2,0
7581,594.32,Japan,UPI,6288,2025-09-21 01:45:02.151783,0,2,3,0
7582,143.5,India,Crypto,3475,2025-10-15 07:13:02.151783,0,1,1,0
7583,509.11,Japan,Wire,9604,2025-10-17 18:46:02.151783,0,2,4,0
7584,1012.67,UK,Crypto,1838,2025-09-17 14:47:02.151783,0,5,1,0
7585,936.88,India,UPI,4687,2025-09-23 03:29:02.151783,0,1,3,0
7586,473.14,Nigeria,UPI,9991,2025-09-09 21:36:02.151783,1,3,3,0
7587,444.58,Germany,Wire,3835,2025-10-15 10:18:02.151783,0,0,4,0
7588,710.19,USA,Debit Card,7472,2025-10-02 01:39:02.151783,0,6,2,0
7589,557.88,Japan,Wire,7376,2025-10-17 20:38:02.151783,0,2,4,0
7590,507.05,USA,UPI,6795,2025-09-30 21:04:02.151783,0,6,3,0
7591,488.66,India,Wire,9251,2025-09-14 20:02:02.151783,0,1,4,0
7592,1307.93,India,Crypto,1589,2025-10-08 10:27:02.151783,0,1,1,0
7593,223.59,UK,UPI,4168,2025-09-09 01:07:02.151783,0,5,3,0
7594,424.63,USA,Debit Card,3034,2025-10-16 17:45:02.151783,0,6,2,0
7595,443.66,Germany,Debit Card,6185,2025-09-20 07:19:02.151783,0,0,2,0
7596,606.15,Germany,Wire,6150,2025-10-05 06:28:02.151783,0,0,4,0
7597,544.91,Japan,Wire,6077,2025-10-08 16:40:02.151783,0,2,4,0
7598,518.3,Germany,Wire,1776,2025-09-10 22:27:02.151783,0,0,4,0
7599,236.33,USA,Crypto,9339,2025-10-13 01:17:02.151783,0,6,1,0
7600,544.34,India,Debit Card,9238,2025-09-09 07:15:02.151783,0,1,2,0
7601,833.09,USA,UPI,2501,2025-09-20 20:20:02.151783,0,6,3,0
7602,621.35,USA,UPI,7499,2025-09-14 04:54:02.151783,0,6,3,0
7603,219.89,India,Debit Card,2664,2025-10-18 11:27:02.151783,0,1,2,0
7604,578.45,USA,Wire,7596,2025-09-22 17:55:02.151783,0,6,4,0
7605,551.83,Germany,Credit Card,7665,2025-09-28 11:15:02.151783,0,0,0,0
7606,411.83,Japan,Wire,7320,2025-09-27 15:35:02.151783,0,2,4,0
7607,626.23,Japan,Debit Card,3022,2025-09-25 03:38:02.151783,0,2,2,0
7608,326.62,USA,Crypto,9401,2025-10-15 17:35:02.151783,0,6,1,0
7609,858.21,India,Wire,8209,2025-09-21 03:03:02.151783,0,1,4,0
7610,1719.1,UK,UPI,8291,2025-10-01 01:58:02.151783,0,5,3,0
7611,909.41,USA,Crypto,9030,2025-09-28 20:22:02.151783,0,6,1,0
7612,284.63,USA,Debit Card,4053,2025-09-19 21:56:02.151783,0,6,2,0
7613,826.34,UK,Credit Card,1034,2025-09-09 20:18:02.151783,0,5,0,0
7614,971.13,Japan,Wire,3043,2025-09-29 09:55:02.151783,0,2,4,0
7615,702.22,Japan,Crypto,5854,2025-09-21 11:33:02.151783,0,2,1,0
7616,753.82,UK,Crypto,3954,2025-09-17 07:31:02.151783,0,5,1,0
7617,507.8,India,UPI,9455,2025-09-29 21:19:02.151783,0,1,3,0
7618,189.94,USA,Wire,4291,2025-09-17 06:36:02.151783,0,6,4,0
7619,482.11,Germany,Credit Card,9598,2025-09-13 00:11:02.151783,0,0,0,0
7620,249.82,Japan,Crypto,7779,2025-09-23 22:45:02.151783,0,2,1,0
7621,450.9,Japan,UPI,3111,2025-09-29 19:23:02.151783,0,2,3,0
7622,350.96,Japan,Wire,4016,2025-09-16 22:25:02.151783,0,2,4,0
7623,235.54,India,Wire,7957,2025-09-13 08:46:02.151783,0,1,4,0
7624,1273.96,UK,Credit Card,5133,2025-09-30 16:20:02.151783,0,5,0,0
7625,536.64,India,UPI,5855,2025-10-10 22:52:02.151783,0,1,3,0
7626,360.62,Japan,Credit Card,5760,2025-09-29 15:20:02.151783,0,2,0,0
7627,123.24,USA,Crypto,5865,2025-10-11 23:37:02.151783,0,6,1,0
7628,937.42,Japan,Debit Card,1472,2025-09-19 10:14:02.151783,0,2,2,0
7629,636.11,USA,Debit Card,8703,2025-09-11 18:34:02.151783,0,6,2,0
7630,1878.83,USA,Credit Card,5674,2025-09-10 19:22:02.151783,0,6,0,1
7631,305.42,Japan,Credit Card,4832,2025-10-06 18:59:02.151783,0,2,0,0
7632,1206.58,Japan,Debit Card,5330,2025-09-26 11:03:02.151783,0,2,2,0
7633,481.99,USA,Crypto,3141,2025-09-19 01:02:02.151783,0,6,1,0
7634,261.34,India,Credit Card,3908,2025-09-19 13:32:02.151783,0,1,0,0
7635,394.07,India,Crypto,7332,2025-10-05 15:17:02.151783,0,1,1,0
7636,584.89,India,Crypto,5111,2025-10-05 11:54:02.151783,0,1,1,0
7637,360.97,Germany,UPI,2398,2025-10-15 05:12:02.151783,0,0,3,0
7638,196.24,USA,Crypto,9555,2025-09-08 03:17:02.151783,0,6,1,0
7639,253.54,Germany,Wire,9935,2025-10-10 01:17:02.151783,0,0,4,0
7640,776.54,Germany,Debit Card,4469,2025-10-15 14:26:02.151783,0,0,2,0
7641,226.41,USA,Debit Card,3457,2025-09-22 06:47:02.151783,0,6,2,0
7642,323.53,Germany,Credit Card,7317,2025-10-13 19:54:02.151783,0,0,0,0
7643,233.87,USA,Credit Card,4684,2025-10-07 13:24:02.151783,0,6,0,0
7644,647.72,UK,UPI,3233,2025-10-16 07:01:02.151783,0,5,3,0
7645,2484.44,UK,UPI,1469,2025-10-12 00:19:02.151783,0,5,3,1
7646,754.22,USA,Wire,6499,2025-09-11 11:44:02.151783,0,6,4,0
7647,293.57,USA,Credit Card,9503,2025-09-19 22:08:02.151783,0,6,0,0
7648,647.21,USA,Debit Card,9029,2025-10-09 05:40:02.151783,0,6,2,0
7649,308.64,India,Wire,7672,2025-10-01 12:03:02.151783,0,1,4,0
7650,604.61,USA,Credit Card,5323,2025-10-12 12:40:02.151783,0,6,0,0
7651,1375.16,Japan,Wire,1988,2025-09-20 23:35:02.151783,0,2,4,0
7652,515.57,UK,Crypto,2431,2025-10-11 02:11:02.151783,0,5,1,0
7653,679.73,UK,Crypto,7696,2025-10-04 10:42:02.151783,0,5,1,0
7654,532.09,USA,Wire,1213,2025-09-18 18:23:02.151783,0,6,4,0
7655,993.43,UK,Credit Card,6025,2025-09-29 08:54:02.151783,0,5,0,0
7656,842.78,USA,Crypto,8483,2025-09-14 10:31:02.151783,0,6,1,0
7657,407.81,USA,Crypto,4220,2025-10-07 18:09:02.151783,0,6,1,0
7658,843.11,UK,Wire,5627,2025-09-10 22:51:02.151783,0,5,4,0
7659,608.28,UK,Crypto,4440,2025-10-14 15:07:02.151783,0,5,1,0
7660,382.51,Russia,Debit Card,9993,2025-10-06 17:10:02.151783,1,4,2,0
7661,387.56,Germany,Crypto,3404,2025-09-21 09:19:02.151783,0,0,1,0
7662,595.13,Japan,Wire,9891,2025-09-19 00:00:02.151783,0,2,4,0
7663,672.72,Nigeria,Crypto,9996,2025-10-07 04:11:02.151783,1,3,1,0
7664,473.2,UK,Crypto,6152,2025-10-03 07:29:02.151783,0,5,1,0
7665,684.27,Japan,UPI,8957,2025-09-11 19:16:02.151783,0,2,3,0
7666,286.92,UK,Wire,8017,2025-09-28 18:54:02.151783,0,5,4,0
7667,217.82,India,Wire,5612,2025-10-02 16:57:02.151783,0,1,4,0
7668,141.63,USA,UPI,1680,2025-09-20 18:31:02.151783,0,6,3,0
7669,767.82,Germany,UPI,5822,2025-09-16 04:34:02.151783,0,0,3,0
7670,129.24,India,Debit Card,4900,2025-09-13 23:05:02.151783,0,1,2,0
7671,679.35,USA,Crypto,5364,2025-09-28 05:03:02.151783,0,6,1,0
7672,365.05,USA,Credit Card,2787,2025-09-29 19:24:02.151783,0,6,0,0
7673,418.08,Germany,Credit Card,1717,2025-10-02 16:56:02.151783,0,0,0,0
7674,422.71,Japan,UPI,9912,2025-10-03 09:33:02.151783,0,2,3,0
7675,2207.5,USA,Wire,4857,2025-09-26 03:28:02.151783,0,6,4,1
7676,331.17,Germany,Wire,9062,2025-09-18 06:56:02.151783,0,0,4,0
7677,247.43,UK,Debit Card,3187,2025-09-15 04:40:02.151783,0,5,2,0
7678,1657.55,USA,Credit Card,4752,2025-10-06 03:38:02.151783,0,6,0,1
7679,156.5,USA,Wire,1780,2025-10-11 08:58:02.151783,0,6,4,0
7680,192.91,Japan,Debit Card,1629,2025-09-25 14:33:02.151783,0,2,2,0
7681,949.49,Japan,Debit Card,6729,2025-09-19 17:46:02.151783,0,2,2,0
7682,695.69,UK,UPI,5530,2025-10-16 01:02:02.151783,0,5,3,0
7683,386.33,USA,Credit Card,6664,2025-09-17 08:35:02.151783,0,6,0,0
7684,222.83,Japan,Debit Card,8621,2025-10-17 21:57:02.151783,0,2,2,0
7685,73.59,Germany,Debit Card,4921,2025-10-07 22:30:02.151783,0,0,2,0
7686,1424.4,USA,Debit Card,8234,2025-10-02 09:48:02.151783,0,6,2,0
7687,844.72,Germany,Credit Card,4312,2025-10-14 20:53:02.151783,0,0,0,0
7688,1324.01,India,UPI,3430,2025-09-15 00:13:02.151783,0,1,3,0
7689,1069.78,UK,Crypto,7577,2025-10-18 09:21:02.151783,0,5,1,0
7690,720.64,Japan,Wire,2473,2025-09-26 16:09:02.151783,0,2,4,0
7691,323.9,India,Credit Card,9671,2025-09-12 11:14:02.151783,0,1,0,0
7692,223.62,Japan,Credit Card,3069,2025-09-08 14:51:02.151783,0,2,0,0
7693,1140.08,India,Credit Card,1560,2025-09-20 04:17:02.151783,0,1,0,0
7694,365.7,Japan,Crypto,3695,2025-09-12 06:25:02.151783,0,2,1,0
7695,234.87,UK,Wire,8910,2025-09-08 11:59:02.151783,0,5,4,0
7696,305.38,USA,Wire,8460,2025-10-12 01:31:02.151783,0,6,4,0
7697,1187.13,Germany,Debit Card,3003,2025-09-29 14:37:02.151783,0,0,2,0
7698,255.78,India,Debit Card,4992,2025-09-27 04:54:02.151783,0,1,2,0
7699,388.0,Germany,UPI,2461,2025-09-11 22:22:02.151783,0,0,3,0
7700,482.33,Germany,Credit Card,1894,2025-09-25 08:45:02.151783,0,0,0,0
7701,619.27,Japan,UPI,6278,2025-10-02 19:53:02.151783,0,2,3,0
7702,239.0,USA,Credit Card,1517,2025-10-06 14:24:02.151783,0,6,0,0
7703,470.43,Japan,Wire,7825,2025-10-08 15:53:02.151783,0,2,4,0
7704,961.78,Germany,UPI,9054,2025-10-15 18:31:02.151783,0,0,3,0
7705,1880.77,UK,Wire,6299,2025-10-18 00:56:02.151783,0,5,4,0
7706,203.09,USA,Debit Card,8379,2025-09-27 13:20:02.151783,0,6,2,0
7707,232.86,USA,Wire,2000,2025-09-10 15:04:02.151783,0,6,4,0
7708,263.47,Germany,Crypto,4747,2025-09-24 20:56:02.151783,0,0,1,0
7709,806.9,Japan,UPI,9831,2025-10-03 11:31:02.151783,0,2,3,0
7710,216.27,UK,Credit Card,1729,2025-09-24 22:17:02.151783,0,5,0,0
7711,458.1,India,Wire,9624,2025-10-04 22:46:02.151783,0,1,4,0
7712,422.94,Japan,UPI,7787,2025-09-12 07:19:02.151783,0,2,3,0
7713,1987.9,USA,Credit Card,4937,2025-10-03 05:03:02.151783,0,6,0,1
7714,328.89,Japan,UPI,3810,2025-09-26 03:45:02.151783,0,2,3,0
7715,313.3,India,UPI,3937,2025-10-11 01:41:02.151783,0,1,3,0
7716,806.42,UK,Crypto,5196,2025-10-12 13:38:02.151783,0,5,1,0
7717,645.77,UK,Wire,7463,2025-09-21 11:13:02.151783,0,5,4,0
7718,296.26,India,Crypto,2121,2025-09-14 10:00:02.151783,0,1,1,0
7719,1242.37,India,Debit Card,3326,2025-10-12 20:38:02.151783,0,1,2,0
7720,152.01,Germany,UPI,4416,2025-10-10 06:23:02.151783,0,0,3,0
7721,493.95,USA,Wire,6980,2025-09-11 05:14:02.151783,0,6,4,0
7722,402.18,Germany,Debit Card,8522,2025-10-06 07:14:02.151783,0,0,2,0
7723,462.43,Japan,Debit Card,2062,2025-09-23 16:56:02.151783,0,2,2,0
7724,294.06,India,Crypto,8470,2025-10-07 04:06:02.151783,0,1,1,0
7725,470.25,Germany,Debit Card,6467,2025-09-10 01:01:02.151783,0,0,2,0
7726,594.71,USA,Credit Card,5550,2025-09-26 01:48:02.151783,0,6,0,0
7727,43.18,USA,Credit Card,6443,2025-10-12 03:50:02.151783,0,6,0,0
7728,354.0,India,Credit Card,9710,2025-09-17 21:53:02.151783,0,1,0,0
7729,265.37,Germany,Debit Card,4424,2025-09-30 15:23:02.151783,0,0,2,0
7730,1587.24,UK,UPI,6934,2025-09-10 10:14:02.151783,0,5,3,0
7731,703.83,India,Wire,6422,2025-10-07 14:04:02.151783,0,1,4,0
7732,252.8,Japan,Credit Card,1209,2025-09-19 05:38:02.151783,0,2,0,0
7733,339.18,Ukraine,Credit Card,9994,2025-09-21 06:54:02.151783,1,7,0,0
7734,414.06,Germany,Credit Card,8300,2025-09-13 23:18:02.151783,0,0,0,0
7735,333.24,India,Crypto,1175,2025-10-17 10:03:02.151783,0,1,1,0
7736,741.5,Germany,Crypto,8254,2025-09-13 06:03:02.151783,0,0,1,0
7737,1412.4,Germany,Credit Card,5856,2025-10-04 18:24:02.151783,0,0,0,0
7738,14.61,Japan,Credit Card,4529,2025-09-10 06:31:02.151783,0,2,0,0
7739,394.7,Japan,Crypto,9408,2025-09-17 07:33:02.151783,0,2,1,0
7740,1874.34,UK,Wire,6525,2025-09-17 22:28:02.151783,0,5,4,0
7741,407.06,Japan,UPI,3910,2025-09-10 00:26:02.151783,0,2,3,0
7742,619.69,Russia,Wire,9990,2025-09-28 08:59:02.151783,1,4,4,0
7743,58.44,Japan,UPI,1819,2025-09-09 03:38:02.151783,0,2,3,0
7744,1232.83,UK,Debit Card,8597,2025-10-03 14:57:02.151783,0,5,2,0
7745,199.87,Japan,Debit Card,2061,2025-09-08 08:10:02.151783,0,2,2,0
7746,691.6,Japan,Wire,4012,2025-10-15 22:44:02.151783,0,2,4,0
7747,234.17,India,Crypto,3955,2025-09-17 06:46:02.151783,0,1,1,0
7748,27.96,Japan,Credit Card,1184,2025-10-09 06:40:02.151783,0,2,0,0
7749,646.77,UK,Debit Card,4448,2025-09-09 13:30:02.151783,0,5,2,0
7750,858.07,India,Crypto,7418,2025-09-15 08:49:02.151783,0,1,1,0
7751,482.8,UK,Crypto,9793,2025-10-17 18:18:02.151783,0,5,1,0
7752,177.83,Japan,UPI,2309,2025-10-07 06:45:02.151783,0,2,3,0
7753,2117.4,Japan,Debit Card,2371,2025-10-14 17:28:02.151783,0,2,2,0
7754,835.42,UK,Wire,2012,2025-09-15 21:31:02.151783,0,5,4,0
7755,576.66,Germany,Crypto,1006,2025-10-03 09:15:02.151783,0,0,1,0
7756,1101.97,India,Wire,9379,2025-09-22 05:36:02.151783,0,1,4,0
7757,333.05,India,Wire,5045,2025-09-24 06:53:02.151783,0,1,4,0
7758,1690.7,Japan,Debit Card,2623,2025-09-20 13:13:02.151783,0,2,2,0
7759,846.11,India,Wire,9254,2025-10-07 01:33:02.151783,0,1,4,0
7760,1031.98,UK,Wire,9632,2025-09-29 05:53:02.151783,0,5,4,0
7761,388.45,Japan,Credit Card,2367,2025-09-10 18:36:02.151783,0,2,0,0
7762,195.11,India,Wire,1586,2025-09-17 11:31:02.151783,0,1,4,0
7763,582.92,USA,Credit Card,1378,2025-10-06 13:44:02.151783,0,6,0,0
7764,344.94,India,Debit Card,3487,2025-10-05 14:32:02.151783,0,1,2,0
7765,1821.41,UK,Wire,4946,2025-09-17 18:58:02.151783,0,5,4,0
7766,147.47,India,Crypto,1736,2025-09-21 23:22:02.151783,0,1,1,0
7767,1304.58,Germany,Wire,4347,2025-09-23 05:15:02.151783,0,0,4,0
7768,102.65,Germany,Credit Card,4238,2025-09-20 23:15:02.151783,0,0,0,0
7769,233.35,Japan,Crypto,9149,2025-10-08 02:42:02.151783,0,2,1,0
7770,100.21,Germany,Debit Card,9290,2025-10-11 04:15:02.151783,0,0,2,0
7771,333.72,UK,UPI,9605,2025-10-11 06:39:02.151783,0,5,3,0
7772,431.62,USA,UPI,1313,2025-09-08 03:41:02.151783,0,6,3,0
7773,299.49,USA,Credit Card,7272,2025-09-27 11:12:02.151783,0,6,0,0
7774,691.1,Japan,Debit Card,8619,2025-09-24 10:00:02.151783,0,2,2,0
7775,434.19,Japan,Debit Card,2432,2025-09-18 19:03:02.151783,0,2,2,0
7776,60.72,Germany,Wire,1337,2025-10-07 20:53:02.151783,0,0,4,0
7777,222.16,UK,UPI,5341,2025-09-16 09:05:02.151783,0,5,3,0
7778,385.2,Germany,Wire,8816,2025-09-24 16:22:02.151783,0,0,4,0
7779,1070.13,UK,Debit Card,1557,2025-10-04 15:13:02.151783,0,5,2,0
7780,555.27,UK,Credit Card,5299,2025-09-24 21:48:02.151783,0,5,0,0
7781,347.8,USA,Credit Card,8048,2025-10-04 13:23:02.151783,0,6,0,0
7782,130.27,UK,Crypto,2216,2025-10-07 22:56:02.151783,0,5,1,0
7783,573.63,India,Credit Card,4430,2025-09-21 11:07:02.151783,0,1,0,0
7784,1243.36,UK,UPI,6673,2025-09-29 05:41:02.151783,0,5,3,0
7785,398.87,USA,Crypto,9927,2025-09-14 14:25:02.151783,0,6,1,0
7786,242.04,Germany,UPI,3265,2025-09-23 22:57:02.151783,0,0,3,0
7787,767.4,UK,Wire,5668,2025-10-01 04:50:02.151783,0,5,4,0
7788,1099.22,India,Wire,9373,2025-10-13 11:04:02.151783,0,1,4,0
7789,443.02,Japan,Credit Card,6690,2025-09-12 22:17:02.151783,0,2,0,0
7790,831.52,Germany,Crypto,6069,2025-10-01 00:53:02.151783,0,0,1,0
7791,362.64,Japan,UPI,1207,2025-09-26 09:51:02.151783,0,2,3,0
7792,859.47,India,UPI,2193,2025-09-30 20:59:02.151783,0,1,3,0
7793,1285.67,Vietnam,Debit Card,9991,2025-10-03 18:46:02.151783,1,8,2,1
7794,949.46,USA,Credit Card,2189,2025-10-01 04:11:02.151783,0,6,0,0
7795,745.33,Germany,Wire,5664,2025-09-24 10:35:02.151783,0,0,4,0
7796,1575.0,UK,Debit Card,2658,2025-09-10 05:04:02.151783,0,5,2,0
7797,414.78,UK,Wire,8563,2025-09-28 10:29:02.151783,0,5,4,0
7798,745.11,Japan,Wire,1425,2025-09-25 10:13:02.151783,0,2,4,0
7799,425.79,USA,UPI,6029,2025-09-17 14:56:02.151783,0,6,3,0
7800,745.42,UK,Wire,6064,2025-09-29 22:14:02.151783,0,5,4,0
7801,837.08,UK,Crypto,5857,2025-09-19 14:58:02.151783,0,5,1,0
7802,992.23,USA,Wire,1568,2025-10-02 02:16:02.151783,0,6,4,0
7803,525.94,Russia,Crypto,9996,2025-10-03 04:11:02.151783,1,4,1,0
7804,82.82,India,Wire,1994,2025-09-28 21:20:02.151783,0,1,4,0
7805,432.69,Japan,Debit Card,5039,2025-10-11 19:56:02.153903,0,2,2,0
7806,816.83,USA,UPI,6919,2025-10-01 22:05:02.153903,0,6,3,0
7807,643.48,India,Debit Card,9981,2025-09-07 08:44:02.153903,0,1,2,0
7808,713.48,USA,UPI,3625,2025-10-07 14:31:02.153903,0,6,3,0
7809,874.16,Germany,Debit Card,5438,2025-09-08 00:19:02.153903,0,0,2,0
7810,194.82,Germany,Credit Card,2612,2025-09-15 09:34:02.153903,0,0,0,0
7811,905.55,Germany,Wire,9530,2025-09-11 21:38:02.153903,0,0,4,0
7812,1626.58,USA,Wire,8202,2025-09-28 21:22:02.153903,0,6,4,0
7813,385.19,UK,Credit Card,7041,2025-10-01 02:12:02.153903,0,5,0,0
7814,1006.4,UK,Credit Card,1585,2025-10-07 13:28:02.153903,0,5,0,0
7815,550.22,Germany,Crypto,6605,2025-10-07 04:07:02.153903,0,0,1,0
7816,699.48,Japan,Debit Card,1421,2025-10-16 08:56:02.153903,0,2,2,0
7817,940.69,India,Wire,2313,2025-09-17 19:50:02.153903,0,1,4,0
7818,640.81,Germany,Crypto,4842,2025-10-04 20:37:02.153903,0,0,1,0
7819,366.82,India,Wire,8459,2025-10-02 14:58:02.153903,0,1,4,0
7820,661.9,India,Credit Card,8939,2025-10-14 21:06:02.153903,0,1,0,0
7821,241.03,Germany,Crypto,7521,2025-09-12 22:47:02.153903,0,0,1,0
7822,132.87,UK,Crypto,2177,2025-09-11 01:10:02.153903,0,5,1,0
7823,1341.03,Japan,Crypto,2666,2025-09-23 05:00:02.153903,0,2,1,0
7824,725.38,Germany,Debit Card,5528,2025-09-27 06:48:02.153903,0,0,2,0
7825,843.49,India,Crypto,7957,2025-09-21 04:06:02.153903,0,1,1,0
7826,614.36,USA,Wire,9706,2025-10-08 17:38:02.153903,0,6,4,0
7827,103.18,USA,Debit Card,4329,2025-10-11 16:58:02.153903,0,6,2,0
7828,1279.35,India,Wire,6461,2025-09-30 08:16:02.153903,0,1,4,0
7829,367.43,Germany,Crypto,5597,2025-09-23 10:10:02.153903,0,0,1,0
7830,428.54,UK,Crypto,5974,2025-10-03 06:15:02.153903,0,5,1,0
7831,1176.59,Germany,Wire,6172,2025-09-07 08:40:02.153903,0,0,4,0
7832,237.76,Japan,UPI,7571,2025-09-20 04:54:02.153903,0,2,3,0
7833,399.61,USA,Crypto,3014,2025-09-22 03:57:02.153903,0,6,1,0
7834,377.3,India,Crypto,7818,2025-09-28 16:18:02.153903,0,1,1,0
7835,231.36,UK,Debit Card,9642,2025-09-13 04:53:02.153903,0,5,2,0
7836,557.57,Germany,Wire,9725,2025-10-01 21:13:02.153903,0,0,4,0
7837,260.44,Japan,Crypto,7675,2025-10-03 05:44:02.153903,0,2,1,0
7838,1316.78,Germany,Wire,5818,2025-09-15 07:19:02.153903,0,0,4,0
7839,122.92,Japan,Debit Card,2543,2025-09-30 21:51:02.153903,0,2,2,0
7840,171.95,Germany,Wire,2689,2025-10-14 22:48:02.153903,0,0,4,0
7841,399.2,UK,Wire,6682,2025-10-07 21:06:02.153903,0,5,4,0
7842,510.6,UK,Debit Card,3293,2025-09-24 14:29:02.153903,0,5,2,0
7843,295.9,India,Crypto,9437,2025-10-07 20:24:02.153903,0,1,1,0
7844,883.81,UK,Wire,4114,2025-10-11 23:12:02.153903,0,5,4,0
7845,444.69,Japan,UPI,9584,2025-09-29 12:37:02.153903,0,2,3,0
7846,755.62,India,Crypto,5258,2025-09-19 23:17:02.153903,0,1,1,0
7847,1253.13,UK,Debit Card,5607,2025-09-15 21:21:02.153903,0,5,2,0
7848,1541.03,USA,Credit Card,3193,2025-10-14 08:18:02.153903,0,6,0,1
7849,406.82,Japan,UPI,8578,2025-09-22 23:01:02.153903,0,2,3,0
7850,554.1,India,Crypto,8411,2025-10-12 20:13:02.153903,0,1,1,0
7851,638.35,Japan,Debit Card,7950,2025-09-29 20:33:02.153903,0,2,2,0
7852,417.49,India,UPI,3616,2025-09-29 16:28:02.153903,0,1,3,0
7853,218.25,Japan,Crypto,5569,2025-10-13 16:47:02.153903,0,2,1,0
7854,1049.36,USA,Credit Card,5823,2025-09-23 23:48:02.153903,0,6,0,0
7855,218.35,UK,Crypto,1587,2025-09-25 11:25:02.153903,0,5,1,0
7856,1121.07,Germany,Credit Card,2189,2025-10-01 09:12:02.153903,0,0,0,0
7857,716.0,Germany,Credit Card,9252,2025-09-22 06:24:02.153903,0,0,0,0
7858,620.86,Germany,Wire,7915,2025-09-19 07:33:02.153903,0,0,4,0
7859,279.16,India,Debit Card,1036,2025-09-24 04:17:02.153903,0,1,2,0
7860,73.87,UK,Wire,8918,2025-10-03 06:11:02.153903,0,5,4,0
7861,1031.29,India,Credit Card,5830,2025-10-17 04:44:02.153903,0,1,0,0
7862,276.02,India,Debit Card,8315,2025-09-09 23:41:02.153903,0,1,2,0
7863,748.09,India,Debit Card,3959,2025-10-14 09:45:02.153903,0,1,2,0
7864,776.91,India,Debit Card,9698,2025-09-28 03:00:02.153903,0,1,2,0
7865,516.89,UK,UPI,1972,2025-10-02 21:40:02.153903,0,5,3,0
7866,626.29,Germany,Crypto,9641,2025-09-25 11:02:02.153903,0,0,1,0
7867,708.57,Japan,Credit Card,1211,2025-09-16 07:17:02.153903,0,2,0,0
7868,589.06,India,Debit Card,3331,2025-09-25 01:23:02.153903,0,1,2,0
7869,252.36,UK,UPI,4601,2025-09-26 02:41:02.153903,0,5,3,0
7870,124.19,USA,UPI,7420,2025-10-07 10:23:02.153903,0,6,3,0
7871,298.11,Japan,Credit Card,2446,2025-10-09 08:00:02.153903,0,2,0,0
7872,379.89,India,Wire,4016,2025-10-07 17:04:02.153903,0,1,4,0
7873,1298.32,India,UPI,2532,2025-10-02 12:50:02.153903,0,1,3,0
7874,179.15,Japan,Credit Card,3953,2025-10-06 06:35:02.153903,0,2,0,0
7875,1424.95,Japan,UPI,2833,2025-09-19 11:43:02.153903,0,2,3,0
7876,1737.56,India,Credit Card,7596,2025-10-11 18:26:02.153903,0,1,0,0
7877,307.23,UK,Debit Card,8482,2025-09-25 10:51:02.153903,0,5,2,0
7878,1696.96,USA,Wire,6749,2025-09-29 19:27:02.153903,0,6,4,0
7879,460.23,UK,UPI,3407,2025-10-04 07:44:02.153903,0,5,3,0
7880,403.21,Germany,UPI,4305,2025-10-15 01:32:02.153903,0,0,3,0
7881,1299.08,Germany,UPI,6162,2025-09-27 18:40:02.153903,0,0,3,0
7882,605.55,Germany,Crypto,9065,2025-09-23 06:44:02.153903,0,0,1,0
7883,540.95,India,Crypto,2356,2025-10-06 15:32:02.153903,0,1,1,0
7884,1348.9411262053807,USA,Debit Card,9991,2025-10-09 18:17:02.153903,1,6,2,0
7885,317.27,USA,UPI,3253,2025-10-10 09:19:02.153903,0,6,3,0
7886,555.45,India,Wire,2122,2025-09-22 11:34:02.153903,0,1,4,0
7887,1298.66,India,Crypto,7517,2025-09-14 10:39:02.153903,0,1,1,0
7888,180.13,India,Credit Card,8558,2025-10-03 19:55:02.153903,0,1,0,0
7889,479.28,USA,Credit Card,2509,2025-09-18 02:28:02.153903,0,6,0,0
7890,147.13,India,Credit Card,9902,2025-09-13 18:42:02.153903,0,1,0,0
7891,281.34,Japan,Debit Card,1993,2025-09-29 19:04:02.153903,0,2,2,0
7892,827.11,Japan,UPI,1054,2025-10-15 17:23:02.153903,0,2,3,0
7893,236.84,Japan,UPI,7729,2025-10-14 17:30:02.153903,0,2,3,0
7894,1083.12,India,Crypto,4175,2025-10-08 05:17:02.153903,0,1,1,0
7895,235.77,Japan,Credit Card,2756,2025-10-13 06:01:02.153903,0,2,0,0
7896,325.77,Vietnam,Debit Card,9991,2025-09-26 06:48:02.153903,1,8,2,1
7897,83.31,Japan,Wire,6528,2025-10-07 18:04:02.153903,0,2,4,0
7898,1084.24,India,UPI,7172,2025-10-11 17:56:02.153903,0,1,3,0
7899,978.01,UK,UPI,9967,2025-09-27 21:27:02.153903,0,5,3,0
7900,151.22,Germany,Debit Card,7099,2025-10-04 18:47:02.153903,0,0,2,0
7901,405.38,UK,Crypto,9547,2025-10-07 10:54:02.153903,0,5,1,0
7902,378.01,Germany,Debit Card,1563,2025-09-08 21:27:02.153903,0,0,2,0
7903,351.93,Germany,Crypto,3394,2025-10-09 01:01:02.153903,0,0,1,0
7904,1746.08,Japan,UPI,3892,2025-09-08 20:38:02.153903,0,2,3,0
7905,348.12,Germany,Crypto,2526,2025-10-07 12:49:02.153903,0,0,1,0
7906,247.75,Germany,Crypto,5120,2025-09-23 04:31:02.153903,0,0,1,0
7907,94.28,UK,Crypto,5187,2025-10-08 06:31:02.153903,0,5,1,0
7908,258.98,Germany,Crypto,7008,2025-09-23 11:15:02.153903,0,0,1,0
7909,1295.75,India,Credit Card,4019,2025-09-29 03:16:02.153903,0,1,0,0
7910,600.57,India,Credit Card,5697,2025-09-15 21:09:02.153903,0,1,0,0
7911,601.61,Japan,Credit Card,6806,2025-09-18 06:07:02.153903,0,2,0,0
7912,272.82,UK,Credit Card,3944,2025-10-03 21:54:02.153903,0,5,0,0
7913,1161.21,USA,Debit Card,7539,2025-10-06 21:34:02.153903,0,6,2,0
7914,757.17,UK,Wire,4991,2025-10-12 02:34:02.153903,0,5,4,0
7915,356.12,USA,Crypto,9733,2025-10-16 06:20:02.153903,0,6,1,0
7916,216.1,Germany,Debit Card,8669,2025-09-12 01:14:02.153903,0,0,2,0
7917,480.24,USA,Credit Card,2153,2025-10-01 19:52:02.153903,0,6,0,0
7918,232.43,Germany,Crypto,2172,2025-09-14 04:42:02.153903,0,0,1,0
7919,437.67,UK,Wire,4732,2025-09-12 20:20:02.153903,0,5,4,0
7920,560.37,UK,Crypto,8719,2025-09-12 06:55:02.153903,0,5,1,0
7921,1030.4865420801725,Japan,UPI,9997,2025-09-30 05:46:02.153903,1,2,3,0
7922,40.56,Japan,UPI,5504,2025-10-03 09:25:02.153903,0,2,3,0
7923,693.57,Germany,Debit Card,6755,2025-09-23 23:55:02.153903,0,0,2,0
7924,290.77,Germany,Wire,1070,2025-09-11 03:32:02.153903,0,0,4,0
7925,556.82,India,Debit Card,2222,2025-10-02 19:36:02.153903,0,1,2,0
7926,452.85,India,Crypto,5640,2025-10-16 10:19:02.153903,0,1,1,0
7927,1550.68,India,Wire,5914,2025-10-01 13:38:02.153903,0,1,4,0
7928,512.41,UK,Debit Card,1601,2025-10-02 22:55:02.153903,0,5,2,0
7929,7312.504135863372,USA,Crypto,9994,2025-10-13 09:56:02.153903,1,6,1,1
7930,371.52,Germany,Credit Card,5980,2025-09-11 16:53:02.153903,0,0,0,0
7931,236.07,Japan,Crypto,2811,2025-09-26 18:47:02.153903,0,2,1,0
7932,715.69,Germany,Debit Card,6830,2025-10-10 19:49:02.153903,0,0,2,0
7933,273.43,USA,Wire,6687,2025-09-30 11:10:02.153903,0,6,4,0
7934,854.03,Germany,Wire,1000,2025-09-25 14:12:02.153903,0,0,4,0
7935,168.33,Japan,Credit Card,5644,2025-09-29 20:20:02.153903,0,2,0,0
7936,649.11,Japan,Debit Card,6905,2025-09-16 23:37:02.153903,0,2,2,0
7937,501.97,USA,Credit Card,6361,2025-10-09 21:10:02.153903,0,6,0,0
7938,1355.32,Japan,UPI,3181,2025-10-05 19:07:02.153903,0,2,3,0
7939,697.77,UK,Crypto,5964,2025-10-08 05:22:02.153903,0,5,1,0
7940,458.45,Japan,UPI,6191,2025-09-14 00:58:02.153903,0,2,3,0
7941,900.55,USA,UPI,5616,2025-09-19 10:34:02.153903,0,6,3,0
7942,39.71,USA,Credit Card,2922,2025-09-22 08:32:02.153903,0,6,0,0
7943,761.7,Germany,Credit Card,2986,2025-09-08 05:36:02.153903,0,0,0,0
7944,810.23,Japan,Crypto,8814,2025-09-22 12:14:02.153903,0,2,1,0
7945,876.38,Japan,Credit Card,5042,2025-10-04 22:53:02.153903,0,2,0,0
7946,832.85,USA,Credit Card,7939,2025-09-12 16:10:02.153903,0,6,0,0
7947,739.17,Russia,Credit Card,9993,2025-09-23 00:39:02.153903,1,4,0,0
7948,385.37,Germany,Credit Card,2227,2025-10-08 20:52:02.153903,0,0,0,0
7949,569.64,UK,Credit Card,3055,2025-10-06 07:06:02.153903,0,5,0,0
7950,304.99,Ukraine,UPI,9997,2025-10-07 01:10:02.153903,1,7,3,0
7951,252.05,USA,UPI,3570,2025-10-03 17:18:02.153903,0,6,3,0
7952,398.44,Germany,Crypto,5481,2025-09-30 08:16:02.153903,0,0,1,0
7953,439.16,Germany,Wire,8476,2025-09-23 09:09:02.153903,0,0,4,0
7954,672.54,UK,Crypto,3969,2025-09-13 02:11:02.153903,0,5,1,0
7955,1215.82,UK,Debit Card,8885,2025-10-15 09:13:02.153903,0,5,2,0
7956,958.74,USA,Crypto,6110,2025-10-14 03:30:02.153903,0,6,1,0
7957,634.06,Germany,Crypto,6723,2025-10-13 03:18:02.153903,0,0,1,0
7958,1115.05,USA,Credit Card,4589,2025-10-07 04:56:02.153903,0,6,0,0
7959,516.18,UK,Credit Card,6131,2025-09-19 16:38:02.153903,0,5,0,0
7960,747.21,Japan,Credit Card,2273,2025-10-16 11:33:02.153903,0,2,0,0
7961,386.54,UK,Wire,8544,2025-10-06 13:12:02.153903,0,5,4,0
7962,506.24,Russia,Credit Card,9994,2025-09-12 10:03:02.153903,1,4,0,0
7963,415.81,USA,Debit Card,9228,2025-09-23 18:38:02.153903,0,6,2,0
7964,113.76,Germany,UPI,3940,2025-10-15 23:22:02.153903,0,0,3,0
7965,116.47,UK,Debit Card,1420,2025-10-07 23:47:02.153903,0,5,2,0
7966,152.87,UK,Wire,4079,2025-10-07 11:58:02.153903,0,5,4,0
7967,637.36,India,Credit Card,5839,2025-09-21 19:26:02.153903,0,1,0,0
7968,1234.07,UK,Crypto,3419,2025-09-24 23:48:02.153903,0,5,1,0
7969,1112.3,Germany,UPI,3280,2025-09-14 10:57:02.153903,0,0,3,0
7970,752.84,USA,Wire,3334,2025-10-11 03:21:02.153903,0,6,4,0
7971,335.15,USA,Debit Card,9929,2025-10-01 19:08:02.153903,0,6,2,0
7972,245.41,India,Credit Card,2418,2025-10-09 14:45:02.153903,0,1,0,0
7973,556.42,Germany,Wire,5547,2025-10-16 02:12:02.153903,0,0,4,0
7974,328.02,UK,Wire,7800,2025-10-12 05:08:02.153903,0,5,4,0
7975,139.71,Japan,Crypto,3041,2025-09-22 04:53:02.153903,0,2,1,0
7976,213.82,USA,Crypto,4568,2025-10-17 03:06:02.153903,0,6,1,0
7977,384.23,Germany,Crypto,1371,2025-09-14 19:15:02.153903,0,0,1,0
7978,1206.11,India,Debit Card,8577,2025-10-15 03:43:02.153903,0,1,2,0
7979,99.23,Japan,Crypto,6375,2025-09-23 22:45:02.153903,0,2,1,0
7980,174.04,Germany,Wire,3523,2025-09-07 13:50:02.153903,0,0,4,0
7981,2367.5987201641847,UK,Wire,9996,2025-09-23 13:26:02.153903,1,5,4,1
7982,269.11,USA,Wire,5500,2025-10-17 17:06:02.153903,0,6,4,0
7983,690.9,UK,UPI,6650,2025-10-02 01:24:02.153903,0,5,3,0
7984,419.35,India,UPI,2418,2025-10-03 02:02:02.153903,0,1,3,0
7985,137.15,USA,Debit Card,4201,2025-09-08 16:35:02.153903,0,6,2,0
7986,333.81,Japan,Crypto,7168,2025-10-06 07:54:02.153903,0,2,1,0
7987,574.1,USA,Wire,9818,2025-09-26 05:16:02.153903,0,6,4,0
7988,812.46,UK,Crypto,2821,2025-10-03 13:56:02.153903,0,5,1,0
7989,172.25,Germany,Wire,5307,2025-09-17 14:12:02.153903,0,0,4,0
7990,602.04,Germany,UPI,3961,2025-09-21 01:09:02.153903,0,0,3,0
7991,392.31,Germany,Wire,2646,2025-10-06 23:40:02.153903,0,0,4,0
7992,1105.59,India,Debit Card,8515,2025-10-07 01:47:02.153903,0,1,2,0
7993,337.37,India,Credit Card,3635,2025-09-09 00:49:02.153903,0,1,0,0
7994,140.6,Germany,Wire,3343,2025-09-08 15:18:02.153903,0,0,4,0
7995,285.37,Japan,Debit Card,9184,2025-09-14 13:04:02.153903,0,2,2,0
7996,77.0,UK,UPI,6509,2025-09-22 14:16:02.153903,0,5,3,0
7997,98.74,Japan,UPI,6008,2025-09-22 05:05:02.153903,0,2,3,0
7998,695.18,Germany,Credit Card,4218,2025-09-07 17:52:02.153903,0,0,0,0
7999,639.57,UK,Crypto,6998,2025-10-14 06:10:02.153903,0,5,1,0
8000,723.09,India,Crypto,6723,2025-09-19 02:36:02.153903,0,1,1,0
8001,308.59,USA,Wire,4740,2025-09-13 18:01:02.153903,0,6,4,0
8002,218.6,USA,UPI,5976,2025-09-09 10:45:02.153903,0,6,3,0
8003,1935.37,Nigeria,Debit Card,9992,2025-09-27 11:04:02.153903,1,3,2,0
8004,550.16,Japan,Credit Card,5038,2025-10-02 23:36:02.153903,0,2,0,0
8005,196.15,UK,Crypto,7098,2025-09-10 14:44:02.153903,0,5,1,0
8006,12869.189749792746,Japan,Wire,9993,2025-10-13 21:59:02.153903,1,2,4,1
8007,1190.39,Japan,Wire,8687,2025-09-07 20:08:02.153903,0,2,4,0
8008,777.51,USA,UPI,3884,2025-09-19 18:14:02.153903,0,6,3,0
8009,435.15,India,Debit Card,2322,2025-09-21 22:52:02.153903,0,1,2,0
8010,247.62,Germany,Debit Card,3609,2025-10-11 05:28:02.153903,0,0,2,0
8011,348.31,India,Crypto,1724,2025-10-03 00:18:02.153903,0,1,1,0
8012,1081.01,Germany,Wire,3411,2025-10-17 08:47:02.153903,0,0,4,0
8013,274.91,USA,UPI,5848,2025-09-08 04:03:02.153903,0,6,3,0
8014,165.9,Germany,Debit Card,1425,2025-09-14 20:12:02.153903,0,0,2,0
8015,768.33,Japan,Wire,8097,2025-09-12 05:02:02.153903,0,2,4,0
8016,480.36,UK,Debit Card,8949,2025-09-25 12:38:02.153903,0,5,2,0
8017,284.11,Germany,Credit Card,9495,2025-09-30 12:09:02.153903,0,0,0,0
8018,306.33,India,Debit Card,7983,2025-10-09 19:49:02.153903,0,1,2,0
8019,58.03,USA,Debit Card,9295,2025-09-22 08:26:02.153903,0,6,2,0
8020,324.37,USA,Wire,8498,2025-09-15 11:26:02.153903,0,6,4,0
8021,1013.6,UK,Debit Card,9555,2025-09-07 12:58:02.153903,0,5,2,0
8022,221.24,Japan,Debit Card,8533,2025-10-01 13:38:02.153903,0,2,2,0
8023,2143.2,Japan,Credit Card,5662,2025-10-08 06:28:02.153903,0,2,0,1
8024,488.03,USA,Debit Card,3847,2025-09-16 21:24:02.153903,0,6,2,0
8025,128.84,Japan,Debit Card,6867,2025-10-17 07:07:02.153903,0,2,2,0
8026,587.78,UK,Wire,3723,2025-10-05 14:08:02.153903,0,5,4,0
8027,220.58,USA,UPI,6338,2025-10-11 01:45:02.153903,0,6,3,0
8028,781.1,Japan,Credit Card,2897,2025-10-15 15:25:02.153903,0,2,0,0
8029,1129.98,Germany,Debit Card,5820,2025-09-08 21:55:02.153903,0,0,2,0
8030,894.0,Germany,UPI,1714,2025-09-28 09:48:02.153903,0,0,3,0
8031,879.56,Japan,Wire,3872,2025-09-20 13:08:02.153903,0,2,4,0
8032,348.88,Germany,Credit Card,6931,2025-09-21 12:55:02.153903,0,0,0,0
8033,226.19,UK,Wire,2202,2025-09-28 07:53:02.153903,0,5,4,0
8034,717.51,India,UPI,7084,2025-10-09 18:34:02.153903,0,1,3,0
8035,241.79,UK,Credit Card,1091,2025-09-11 03:51:02.153903,0,5,0,0
8036,358.79,UK,Debit Card,2523,2025-10-07 20:50:02.153903,0,5,2,0
8037,250.03,Japan,UPI,6769,2025-09-27 14:40:02.153903,0,2,3,0
8038,276.78,UK,Wire,4979,2025-09-17 08:35:02.153903,0,5,4,0
8039,758.19,Japan,Credit Card,9360,2025-09-27 20:03:02.153903,0,2,0,0
8040,262.85,USA,UPI,7244,2025-09-26 18:54:02.153903,0,6,3,0
8041,768.18,Japan,UPI,8152,2025-10-02 15:36:02.153903,0,2,3,0
8042,1125.77,Japan,Wire,3240,2025-10-14 14:38:02.153903,0,2,4,0
8043,315.93,USA,Wire,8106,2025-10-04 00:10:02.153903,0,6,4,0
8044,189.38,India,Debit Card,1974,2025-09-07 12:12:02.153903,0,1,2,0
8045,975.26,USA,Debit Card,7371,2025-09-07 18:08:02.153903,0,6,2,0
8046,615.32,Japan,UPI,5456,2025-10-08 03:55:02.153903,0,2,3,0
8047,256.4,Germany,Wire,3228,2025-09-20 09:44:02.153903,0,0,4,0
8048,374.25,Japan,UPI,3558,2025-10-02 18:08:02.153903,0,2,3,0
8049,653.73,USA,Crypto,2320,2025-10-07 11:57:02.153903,0,6,1,0
8050,112.35,Japan,Wire,8204,2025-09-22 14:58:02.153903,0,2,4,0
8051,1451.46,USA,Crypto,8250,2025-10-16 03:54:02.153903,0,6,1,0
8052,920.77,UK,Crypto,2915,2025-09-26 11:24:02.153903,0,5,1,0
8053,495.52,India,Wire,9448,2025-09-15 19:18:02.153903,0,1,4,0
8054,1402.87,India,Debit Card,2240,2025-09-30 23:47:02.153903,0,1,2,0
8055,1251.41,USA,UPI,3569,2025-10-09 08:48:02.153903,0,6,3,0
8056,422.07,India,Credit Card,9941,2025-10-01 22:58:02.153903,0,1,0,0
8057,396.65,Germany,Credit Card,4322,2025-09-26 22:16:02.153903,0,0,0,0
8058,409.37,Germany,Wire,5752,2025-09-26 17:13:02.153903,0,0,4,0
8059,733.91,India,Debit Card,7463,2025-09-18 11:46:02.153903,0,1,2,0
8060,693.25,USA,Debit Card,9925,2025-10-15 06:49:02.153903,0,6,2,0
8061,76.58,Germany,Debit Card,7554,2025-09-10 16:59:02.153903,0,0,2,0
8062,659.39,India,Credit Card,8697,2025-09-16 09:51:02.153903,0,1,0,0
8063,656.41,Japan,Crypto,5323,2025-10-15 16:34:02.153903,0,2,1,0
8064,412.85,Germany,Credit Card,2259,2025-09-21 09:49:02.153903,0,0,0,0
8065,518.69,UK,Debit Card,3413,2025-10-08 20:22:02.153903,0,5,2,0
8066,94.99,Germany,Credit Card,3905,2025-09-20 16:17:02.153903,0,0,0,0
8067,161.29,India,Credit Card,3554,2025-09-11 15:36:02.153903,0,1,0,0
8068,241.52,India,UPI,8443,2025-10-09 22:32:02.153903,0,1,3,0
8069,740.92,India,Wire,4704,2025-09-18 16:19:02.153903,0,1,4,0
8070,5010.50585087982,USA,Crypto,9995,2025-09-29 22:22:02.153903,1,6,1,1
8071,706.5,USA,UPI,5282,2025-09-10 14:31:02.153903,0,6,3,0
8072,540.28,Japan,Wire,6656,2025-09-24 11:44:02.153903,0,2,4,0
8073,821.4,Japan,Debit Card,8035,2025-10-01 05:32:02.154432,0,2,2,0
8074,26.47,Germany,UPI,2528,2025-09-26 13:26:02.154432,0,0,3,0
8075,1099.16,India,Wire,1850,2025-09-22 23:02:02.154432,0,1,4,0
8076,445.15,Japan,UPI,5674,2025-10-03 12:17:02.154432,0,2,3,0
8077,1006.26,India,Credit Card,5409,2025-09-11 13:22:02.154432,0,1,0,0
8078,784.44,Germany,Credit Card,4295,2025-09-19 05:16:02.154432,0,0,0,0
8079,256.24,USA,UPI,5526,2025-09-23 19:26:02.154432,0,6,3,0
8080,591.7,Japan,UPI,2415,2025-10-10 15:40:02.154432,0,2,3,0
8081,276.37,UK,Crypto,3269,2025-09-10 04:06:02.154432,0,5,1,0
8082,688.05,UK,Debit Card,8270,2025-09-30 09:27:02.154432,0,5,2,0
8083,1568.63,UK,Credit Card,3807,2025-09-26 02:21:02.154432,0,5,0,0
8084,690.26,UK,UPI,4608,2025-09-11 20:05:02.154432,0,5,3,0
8085,246.04,UK,Wire,8833,2025-09-26 17:30:02.154432,0,5,4,0
8086,921.6,UK,Debit Card,8605,2025-10-01 11:54:02.154432,0,5,2,0
8087,234.0,UK,Wire,3813,2025-10-16 08:58:02.154432,0,5,4,0
8088,1131.38,Japan,Debit Card,7870,2025-09-25 15:07:02.154432,0,2,2,0
8089,197.22,UK,Wire,8336,2025-09-19 19:55:02.154432,0,5,4,0
8090,1030.65,UK,Credit Card,6711,2025-09-15 18:21:02.154432,0,5,0,0
8091,323.63,Germany,UPI,3119,2025-09-14 16:20:02.154432,0,0,3,0
8092,742.3,Japan,UPI,6085,2025-09-23 23:38:02.154432,0,2,3,0
8093,928.19,Germany,Crypto,9647,2025-09-23 05:02:02.154432,0,0,1,0
8094,586.31,India,UPI,6588,2025-09-15 09:21:02.154432,0,1,3,0
8095,354.88,UK,Credit Card,7740,2025-09-08 12:20:02.154432,0,5,0,0
8096,603.03,USA,Debit Card,3884,2025-09-09 08:47:02.154432,0,6,2,0
8097,445.14,UK,Debit Card,1938,2025-09-26 06:54:02.154432,0,5,2,0
8098,507.47,UK,UPI,6740,2025-09-30 08:41:02.154432,0,5,3,0
8099,112.51,Germany,Wire,4409,2025-10-13 06:16:02.154432,0,0,4,0
8100,805.56,India,UPI,3085,2025-10-18 11:49:02.154432,0,1,3,0
8101,573.48,Germany,Debit Card,3366,2025-10-07 13:34:02.154432,0,0,2,0
8102,83.71,Japan,Crypto,7783,2025-09-20 15:07:02.154432,0,2,1,0
8103,373.63,India,Debit Card,1139,2025-09-16 07:56:02.154432,0,1,2,0
8104,50.42,India,Wire,8415,2025-09-25 02:45:02.154432,0,1,4,0
8105,516.12,India,Wire,8061,2025-10-16 08:41:02.154432,0,1,4,0
8106,726.5,Germany,Crypto,6890,2025-09-23 19:42:02.154432,0,0,1,0
8107,285.07,UK,Wire,1426,2025-09-21 14:16:02.154432,0,5,4,0
8108,267.32,UK,UPI,3902,2025-10-16 21:12:02.154432,0,5,3,0
8109,357.91,UK,UPI,3017,2025-09-25 06:35:02.154432,0,5,3,0
8110,265.95,UK,Debit Card,2218,2025-09-11 15:28:02.154432,0,5,2,0
8111,225.49,UK,Credit Card,2912,2025-09-07 04:45:02.154432,0,5,0,0
8112,70.04,Japan,UPI,7788,2025-10-01 18:30:02.154432,0,2,3,0
8113,258.44,USA,UPI,5636,2025-10-02 12:55:02.154432,0,6,3,0
8114,116.39,India,Crypto,2717,2025-09-22 01:18:02.154432,0,1,1,0
8115,1096.32,USA,UPI,3199,2025-10-07 06:52:02.154432,0,6,3,0
8116,1231.02,Japan,Debit Card,4174,2025-09-22 11:01:02.154432,0,2,2,0
8117,696.42,UK,Crypto,2428,2025-10-17 03:56:02.154432,0,5,1,0
8118,1059.26,Japan,UPI,2311,2025-10-04 20:35:02.154432,0,2,3,0
8119,239.77,Japan,Debit Card,9938,2025-10-06 05:18:02.154432,0,2,2,0
8120,721.78,USA,Crypto,7276,2025-09-18 01:55:02.154432,0,6,1,0
8121,708.24,India,Credit Card,8569,2025-10-17 08:00:02.154432,0,1,0,0
8122,609.93,Germany,Debit Card,4106,2025-09-21 11:39:02.154432,0,0,2,0
8123,349.35,Germany,UPI,9037,2025-09-18 21:55:02.154432,0,0,3,0
8124,488.24,India,Crypto,3914,2025-09-21 02:40:02.154432,0,1,1,0
8125,592.13,UK,Credit Card,1753,2025-10-09 01:23:02.154432,0,5,0,0
8126,581.88,Japan,Debit Card,1483,2025-09-09 21:50:02.154432,0,2,2,0
8127,213.16,UK,Credit Card,8812,2025-09-29 01:39:02.154432,0,5,0,0
8128,1180.2,Japan,Debit Card,1387,2025-10-10 17:33:02.154432,0,2,2,0
8129,518.38,Germany,UPI,9736,2025-09-28 01:00:02.154432,0,0,3,0
8130,842.48,India,Debit Card,3906,2025-09-20 19:31:02.154432,0,1,2,0
8131,310.08,USA,UPI,3965,2025-09-13 17:21:02.154432,0,6,3,0
8132,688.95,USA,Debit Card,3746,2025-09-13 15:57:02.154432,0,6,2,0
8133,545.56,India,Crypto,8178,2025-10-08 01:29:02.154432,0,1,1,0
8134,234.15,Germany,Debit Card,5676,2025-10-01 19:06:02.154432,0,0,2,0
8135,493.91,Japan,Debit Card,2161,2025-10-12 06:38:02.154432,0,2,2,0
8136,384.83,USA,Wire,5226,2025-10-14 17:35:02.154432,0,6,4,0
8137,417.24,Germany,Wire,5461,2025-09-23 16:28:02.154432,0,0,4,0
8138,948.95,India,Debit Card,1420,2025-09-22 19:00:02.154432,0,1,2,0
8139,451.4,UK,Wire,5519,2025-10-16 17:26:02.154432,0,5,4,0
8140,909.59,Germany,UPI,6874,2025-09-14 23:29:02.154432,0,0,3,0
8141,736.88,Germany,Wire,3209,2025-09-12 00:32:02.154432,0,0,4,0
8142,3106.590896350688,UK,Debit Card,9997,2025-09-24 03:25:02.154432,1,5,2,1
8143,986.47,Germany,Credit Card,5930,2025-10-02 05:50:02.154432,0,0,0,0
8144,933.4,USA,Credit Card,2819,2025-09-26 05:31:02.154432,0,6,0,0
8145,536.27,USA,Debit Card,8396,2025-09-28 01:58:02.154432,0,6,2,0
8146,567.09,USA,Debit Card,1930,2025-10-03 09:36:02.154432,0,6,2,0
8147,993.74,Germany,Credit Card,2353,2025-10-09 23:56:02.154432,0,0,0,0
8148,770.05,Germany,Crypto,1656,2025-09-29 08:46:02.154432,0,0,1,0
8149,1171.95,Germany,Wire,7429,2025-09-16 06:49:02.154432,0,0,4,0
8150,444.14,India,Crypto,2205,2025-09-15 16:56:02.154432,0,1,1,0
8151,180.47,UK,UPI,3867,2025-09-23 18:33:02.154432,0,5,3,0
8152,277.46,Germany,Credit Card,9647,2025-09-13 00:43:02.154432,0,0,0,0
8153,77.09,UK,Credit Card,6014,2025-10-17 13:38:02.154432,0,5,0,0
8154,262.08,Japan,Crypto,5370,2025-10-09 23:05:02.154432,0,2,1,0
8155,764.18,USA,UPI,3490,2025-10-15 13:15:02.154432,0,6,3,0
8156,449.82,India,Crypto,1874,2025-10-09 14:52:02.154432,0,1,1,0
8157,232.47,UK,UPI,5163,2025-10-06 04:49:02.154432,0,5,3,0
8158,316.26,USA,Debit Card,4192,2025-09-11 09:17:02.154432,0,6,2,0
8159,610.35,India,Debit Card,4738,2025-10-04 15:48:02.154432,0,1,2,0
8160,329.79,USA,Credit Card,6043,2025-10-03 04:08:02.154432,0,6,0,0
8161,411.25,Germany,Debit Card,8723,2025-10-03 21:27:02.154432,0,0,2,0
8162,120.21,Germany,Crypto,7625,2025-09-11 06:21:02.154432,0,0,1,0
8163,1079.67,USA,UPI,6997,2025-09-26 21:07:02.154432,0,6,3,0
8164,1184.79,India,Credit Card,7233,2025-09-16 21:49:02.154432,0,1,0,0
8165,243.66,USA,Debit Card,7355,2025-10-13 09:52:02.154432,0,6,2,0
8166,373.64,Japan,Credit Card,1574,2025-10-05 18:56:02.154432,0,2,0,0
8167,66.62,India,Credit Card,3895,2025-10-09 04:25:02.154432,0,1,0,0
8168,1019.84,India,UPI,2988,2025-09-23 16:14:02.154432,0,1,3,0
8169,157.43,USA,Crypto,9481,2025-10-12 04:21:02.154432,0,6,1,0
8170,477.01,UK,Crypto,7170,2025-10-13 04:16:02.154432,0,5,1,0
8171,201.78,USA,Wire,3467,2025-09-10 10:13:02.154432,0,6,4,0
8172,485.47,UK,Crypto,2588,2025-10-10 23:33:02.154432,0,5,1,0
8173,890.12,India,Debit Card,6873,2025-10-15 05:18:02.154432,0,1,2,0
8174,733.42,Germany,Wire,9996,2025-09-27 08:12:02.154432,0,0,4,0
8175,772.32,Germany,Wire,9803,2025-09-14 07:54:02.154432,0,0,4,0
8176,140.7,USA,Wire,1471,2025-09-28 00:51:02.154432,0,6,4,0
8177,467.64,UK,Wire,1409,2025-10-04 11:12:02.154432,0,5,4,0
8178,1692.08,USA,Crypto,4959,2025-10-09 07:42:02.154432,0,6,1,0
8179,584.16,Japan,Wire,4574,2025-09-16 05:25:02.154432,0,2,4,0
8180,499.18,USA,Debit Card,9352,2025-10-12 22:23:02.154432,0,6,2,0
8181,399.22,USA,Debit Card,8362,2025-10-04 17:48:02.154432,0,6,2,0
8182,544.95,USA,Credit Card,3725,2025-09-11 08:24:02.154432,0,6,0,0
8183,484.18,USA,Debit Card,6853,2025-09-19 16:52:02.154432,0,6,2,0
8184,1501.85,UK,Credit Card,5108,2025-10-01 12:13:02.154432,0,5,0,0
8185,852.61,UK,Debit Card,4478,2025-10-07 21:07:02.154432,0,5,2,0
8186,441.16,UK,Wire,2878,2025-10-06 06:35:02.154432,0,5,4,0
8187,823.33,Japan,UPI,7231,2025-09-24 23:22:02.154432,0,2,3,0
8188,260.99,Japan,Wire,5534,2025-09-27 15:39:02.154432,0,2,4,0
8189,478.43,USA,Crypto,1420,2025-09-28 09:54:02.154432,0,6,1,0
8190,329.76,UK,Credit Card,6771,2025-09-19 16:11:02.154432,0,5,0,0
8191,785.28,Japan,UPI,4893,2025-10-15 00:10:02.154432,0,2,3,0
8192,452.35,Germany,Debit Card,8423,2025-10-03 00:27:02.154432,0,0,2,0
8193,539.14,USA,Wire,1499,2025-10-06 10:43:02.154432,0,6,4,0
8194,426.32,India,Credit Card,9437,2025-10-07 15:53:02.154432,0,1,0,0
8195,630.67,UK,Credit Card,5441,2025-09-21 20:14:02.154432,0,5,0,0
8196,793.88,USA,Debit Card,8371,2025-10-15 07:36:02.154432,0,6,2,0
8197,1187.25,USA,Credit Card,8649,2025-10-07 09:33:02.154432,0,6,0,0
8198,395.5,India,Debit Card,9671,2025-10-02 10:16:02.154432,0,1,2,0
8199,212.75,Germany,Debit Card,6213,2025-10-18 08:25:02.154432,0,0,2,0
8200,6152.397023207005,Japan,Wire,9994,2025-09-13 20:31:02.154432,1,2,4,1
8201,165.45,Japan,Credit Card,7048,2025-09-14 21:25:02.154432,0,2,0,0
8202,386.35,India,Crypto,5214,2025-10-13 12:45:02.154432,0,1,1,0
8203,125.22,India,Crypto,9949,2025-09-23 19:39:02.154432,0,1,1,0
8204,2585.25,Japan,Wire,6853,2025-10-07 03:45:02.154432,0,2,4,1
8205,1086.38,Germany,Wire,8284,2025-10-07 07:26:02.154432,0,0,4,0
8206,1018.38,Germany,Debit Card,1108,2025-09-27 04:09:02.154432,0,0,2,0
8207,1227.05,USA,Crypto,1745,2025-10-04 23:59:02.154432,0,6,1,0
8208,943.74,India,Credit Card,9155,2025-09-21 08:43:02.154432,0,1,0,0
8209,586.81,India,Crypto,7860,2025-10-14 05:39:02.154432,0,1,1,0
8210,599.08,India,Wire,2348,2025-09-14 16:06:02.154432,0,1,4,0
8211,1148.5,Japan,Wire,8035,2025-10-08 12:42:02.154432,0,2,4,0
8212,1199.85,Japan,Debit Card,4311,2025-10-10 06:13:02.154432,0,2,2,0
8213,229.8,Japan,Credit Card,9901,2025-09-27 13:53:02.154432,0,2,0,0
8214,442.77,Germany,Wire,8786,2025-09-20 03:05:02.154432,0,0,4,0
8215,4268.797480533357,Japan,Credit Card,9994,2025-09-21 23:45:02.154432,1,2,0,1
8216,963.68,USA,Crypto,1737,2025-10-01 08:23:02.154432,0,6,1,0
8217,262.85,Japan,Debit Card,6532,2025-10-07 06:49:02.154432,0,2,2,0
8218,238.62,Germany,Crypto,3201,2025-09-14 14:53:02.154432,0,0,1,0
8219,153.01,India,Wire,7367,2025-09-17 21:18:02.154432,0,1,4,0
8220,334.66,USA,Wire,2441,2025-09-14 07:05:02.154432,0,6,4,0
8221,382.76,Germany,Credit Card,1683,2025-09-23 01:01:02.154432,0,0,0,0
8222,1376.38,UK,Wire,2920,2025-09-28 10:13:02.154432,0,5,4,0
8223,889.56,India,Credit Card,6170,2025-09-14 13:25:02.154432,0,1,0,0
8224,963.31,Japan,UPI,6749,2025-09-19 22:31:02.154432,0,2,3,0
8225,206.25,Germany,Wire,6715,2025-10-09 08:21:02.154432,0,0,4,0
8226,422.83,UK,Crypto,4984,2025-10-17 12:32:02.154432,0,5,1,0
8227,814.51,Germany,Crypto,4415,2025-09-09 23:43:02.154432,0,0,1,0
8228,553.96,Japan,Credit Card,7109,2025-09-27 05:26:02.154432,0,2,0,0
8229,719.84,Germany,UPI,1270,2025-09-14 14:44:02.154432,0,0,3,0
8230,155.62,UK,Wire,7832,2025-09-15 06:46:02.154432,0,5,4,0
8231,537.37,Germany,Debit Card,6255,2025-09-23 02:01:02.154432,0,0,2,0
8232,845.03,USA,Debit Card,7402,2025-09-27 11:24:02.154432,0,6,2,0
8233,212.8,USA,Crypto,7474,2025-10-18 03:46:02.154432,0,6,1,0
8234,92.81,Japan,Wire,4994,2025-09-30 17:51:02.154432,0,2,4,0
8235,2006.4346825113716,UK,Debit Card,9991,2025-09-26 16:41:02.154432,1,5,2,0
8236,1138.44,UK,Credit Card,2567,2025-09-13 04:27:02.154432,0,5,0,0
8237,177.33,UK,Wire,7410,2025-10-06 15:03:02.154432,0,5,4,0
8238,506.14,UK,Crypto,7018,2025-09-24 00:23:02.154432,0,5,1,0
8239,89.04,UK,UPI,9985,2025-09-30 01:28:02.154432,0,5,3,0
8240,238.54,India,Credit Card,1859,2025-09-15 04:55:02.154432,0,1,0,0
8241,578.88,Germany,Credit Card,9742,2025-09-15 18:30:02.154432,0,0,0,0
8242,497.53,UK,Wire,7147,2025-09-24 06:19:02.154432,0,5,4,0
8243,1020.65,USA,UPI,1677,2025-10-03 16:09:02.154432,0,6,3,0
8244,668.71,Germany,Credit Card,7450,2025-09-10 12:33:02.154432,0,0,0,0
8245,212.77,Japan,UPI,9653,2025-10-13 21:05:02.154432,0,2,3,0
8246,417.85,Japan,Crypto,2234,2025-09-30 04:01:02.154432,0,2,1,0
8247,354.38,UK,Credit Card,6435,2025-09-28 22:22:02.154432,0,5,0,0
8248,50.03,India,Debit Card,8115,2025-10-05 08:27:02.154432,0,1,2,0
8249,1400.22,India,Crypto,8182,2025-10-03 14:14:02.154432,0,1,1,0
8250,514.9,Germany,Crypto,3248,2025-10-12 02:44:02.154432,0,0,1,0
8251,584.93,India,Credit Card,8514,2025-09-28 15:39:02.154432,0,1,0,0
8252,796.62,Japan,Debit Card,9315,2025-09-19 04:54:02.154432,0,2,2,0
8253,804.07,UK,UPI,9019,2025-09-25 05:32:02.154432,0,5,3,0
8254,864.1,USA,Debit Card,5504,2025-09-14 08:32:02.154432,0,6,2,0
8255,370.48,Japan,Crypto,8375,2025-09-10 18:29:02.154432,0,2,1,0
8256,336.08,Japan,Credit Card,5561,2025-09-12 23:50:02.154432,0,2,0,0
8257,1047.27,Germany,Debit Card,4930,2025-09-08 07:39:02.154432,0,0,2,0
8258,1423.33,India,Debit Card,4776,2025-10-02 17:27:02.154432,0,1,2,0
8259,88.66,USA,Crypto,3884,2025-09-13 15:37:02.154432,0,6,1,0
8260,1021.67,USA,UPI,6099,2025-10-12 02:47:02.154432,0,6,3,0
8261,418.06,India,Debit Card,5489,2025-09-07 19:08:02.154432,0,1,2,0
8262,473.58,UK,Debit Card,3097,2025-10-17 14:16:02.154432,0,5,2,0
8263,26.65,India,Wire,4673,2025-10-12 03:16:02.154432,0,1,4,0
8264,505.7,UK,Crypto,9335,2025-09-26 14:06:02.154432,0,5,1,0
8265,314.35,USA,Wire,9357,2025-10-18 16:47:02.154432,0,6,4,0
8266,43.49,Germany,Crypto,4138,2025-09-27 02:02:02.154432,0,0,1,0
8267,1117.46,Japan,Crypto,6139,2025-10-11 06:04:02.154432,0,2,1,0
8268,580.09,USA,Wire,9260,2025-10-14 22:38:02.154432,0,6,4,0
8269,645.62,USA,UPI,3501,2025-09-26 11:14:02.154432,0,6,3,0
8270,1111.2,USA,UPI,9216,2025-09-09 06:55:02.154432,0,6,3,0
8271,814.38,Japan,Crypto,4928,2025-09-26 22:14:02.154432,0,2,1,0
8272,148.93,UK,Wire,3357,2025-09-20 18:08:02.154432,0,5,4,0
8273,946.1,Germany,Debit Card,1576,2025-10-15 14:46:02.154432,0,0,2,0
8274,112.54,Germany,Crypto,8300,2025-09-08 11:05:02.154432,0,0,1,0
8275,770.88,Germany,Crypto,9782,2025-10-15 23:50:02.154432,0,0,1,0
8276,1623.34,UK,Credit Card,2667,2025-09-13 06:08:02.154432,0,5,0,1
8277,775.64,India,UPI,2298,2025-09-21 22:37:02.154432,0,1,3,0
8278,382.97,India,Wire,7992,2025-10-03 13:01:02.154432,0,1,4,0
8279,1586.57,Germany,Debit Card,6831,2025-09-13 16:09:02.154432,0,0,2,0
8280,578.19,USA,Debit Card,3263,2025-10-09 01:30:02.154432,0,6,2,0
8281,218.72,USA,Crypto,5754,2025-09-07 04:41:02.154432,0,6,1,0
8282,294.15,Japan,Debit Card,4863,2025-10-12 01:51:02.154432,0,2,2,0
8283,285.96,India,Debit Card,5405,2025-09-09 17:27:02.154432,0,1,2,0
8284,1832.97,USA,Crypto,8400,2025-10-13 13:48:02.154432,0,6,1,0
8285,766.38,Germany,UPI,7480,2025-09-27 05:30:02.154432,0,0,3,0
8286,785.9,Japan,Credit Card,4527,2025-10-14 16:02:02.154432,0,2,0,0
8287,696.07,India,UPI,6598,2025-09-16 03:52:02.154432,0,1,3,0
8288,610.49,Japan,UPI,7650,2025-09-21 20:29:02.154432,0,2,3,0
8289,339.79,USA,Credit Card,4018,2025-09-25 14:31:02.154432,0,6,0,0
8290,174.43,Germany,Crypto,8318,2025-09-13 05:05:02.154432,0,0,1,0
8291,652.2,Germany,UPI,6915,2025-10-06 10:57:02.154432,0,0,3,0
8292,1555.14,Germany,Wire,5559,2025-09-08 14:04:02.154432,0,0,4,0
8293,628.11,USA,Wire,1973,2025-09-10 21:46:02.154432,0,6,4,0
8294,1188.63,UK,Credit Card,5244,2025-09-15 02:08:02.154432,0,5,0,0
8295,85.53,Germany,Wire,5008,2025-10-13 00:00:02.154432,0,0,4,0
8296,630.5,UK,Crypto,9226,2025-09-14 01:06:02.154432,0,5,1,0
8297,321.99,Germany,Debit Card,6997,2025-09-23 04:31:02.154432,0,0,2,0
8298,208.32,UK,Crypto,9192,2025-09-17 16:40:02.154432,0,5,1,0
8299,1340.75,India,Credit Card,8885,2025-10-06 01:35:02.154432,0,1,0,0
8300,357.84,India,Debit Card,3515,2025-09-12 11:58:02.154432,0,1,2,0
8301,765.22,Germany,Wire,7747,2025-09-10 12:44:02.154432,0,0,4,0
8302,461.43,Japan,UPI,7213,2025-10-17 17:16:02.154432,0,2,3,0
8303,148.43,Japan,Wire,6763,2025-09-23 23:24:02.154432,0,2,4,0
8304,842.0,USA,Crypto,7400,2025-10-18 10:54:02.154432,0,6,1,0
8305,379.05,India,Crypto,2940,2025-10-08 16:10:02.154432,0,1,1,0
8306,931.78,India,Credit Card,8010,2025-10-01 11:25:02.154432,0,1,0,0
8307,240.18,Japan,UPI,9283,2025-10-15 20:54:02.154432,0,2,3,0
8308,327.02,Germany,UPI,5689,2025-09-20 18:01:02.154432,0,0,3,0
8309,744.98,USA,Debit Card,7515,2025-09-18 14:28:02.154432,0,6,2,0
8310,257.8,India,Debit Card,8036,2025-09-12 16:39:02.154432,0,1,2,0
8311,832.21,USA,Crypto,4891,2025-09-08 11:51:02.154432,0,6,1,0
8312,66.9,India,Credit Card,3146,2025-09-07 07:45:02.154432,0,1,0,0
8313,176.86,Vietnam,Crypto,9991,2025-10-14 01:16:02.154432,1,8,1,1
8314,531.78,UK,UPI,4663,2025-10-06 07:17:02.154432,0,5,3,0
8315,786.97,USA,UPI,6081,2025-09-27 04:37:02.154432,0,6,3,0
8316,550.37,Japan,Crypto,8674,2025-09-19 17:53:02.154432,0,2,1,0
8317,723.01,Japan,UPI,1961,2025-09-23 18:26:02.154432,0,2,3,0
8318,360.74,India,Debit Card,7082,2025-09-10 09:35:02.154432,0,1,2,0
8319,60.33,UK,UPI,5341,2025-09-11 22:11:02.154432,0,5,3,0
8320,398.81,UK,Debit Card,5374,2025-09-10 14:32:02.154432,0,5,2,0
8321,406.22,USA,Wire,4581,2025-09-10 09:13:02.154432,0,6,4,0
8322,1121.92,USA,Credit Card,6380,2025-10-01 01:56:02.154432,0,6,0,0
8323,820.52,Japan,Credit Card,3312,2025-09-19 14:09:02.154432,0,2,0,0
8324,191.81,Japan,UPI,7658,2025-09-24 06:25:02.154432,0,2,3,0
8325,41.68,Japan,Credit Card,3492,2025-09-27 00:22:02.154432,0,2,0,0
8326,459.21,Germany,Wire,3270,2025-10-15 17:05:02.154432,0,0,4,0
8327,320.14,UK,UPI,7701,2025-09-27 18:28:02.154432,0,5,3,0
8328,1478.29,UK,Debit Card,8607,2025-10-09 07:32:02.154432,0,5,2,0
8329,1145.52,USA,Wire,9460,2025-09-27 03:27:02.154432,0,6,4,0
8330,148.29,UK,Wire,8208,2025-10-01 23:20:02.154432,0,5,4,0
8331,803.24,USA,Credit Card,7184,2025-10-03 11:04:02.154432,0,6,0,0
8332,716.08,Germany,Debit Card,5077,2025-10-10 21:11:02.154432,0,0,2,0
8333,696.65,Japan,Crypto,6294,2025-09-12 07:52:02.154432,0,2,1,0
8334,2445.08,Germany,Wire,1432,2025-09-13 06:38:02.154432,0,0,4,1
8335,2963.4403583582666,Japan,Credit Card,9991,2025-10-01 18:40:02.154432,1,2,0,1
8336,872.98,Japan,Wire,1802,2025-10-17 17:28:02.154432,0,2,4,0
8337,959.16,USA,Debit Card,7134,2025-09-16 19:53:02.154432,0,6,2,0
8338,654.84,Japan,Debit Card,7466,2025-09-26 02:10:02.154432,0,2,2,0
8339,1465.17,Germany,UPI,5995,2025-09-07 20:19:02.154432,0,0,3,0
8340,586.85,India,Crypto,2303,2025-09-09 12:17:02.154432,0,1,1,0
8341,924.6,USA,Crypto,6213,2025-09-11 00:43:02.154432,0,6,1,0
8342,285.02,Japan,Credit Card,8007,2025-09-11 13:25:02.154432,0,2,0,0
8343,175.58,Japan,Crypto,9934,2025-09-10 19:15:02.154432,0,2,1,0
8344,741.1,UK,Debit Card,9874,2025-09-16 14:32:02.154432,0,5,2,0
8345,489.46,USA,Crypto,4058,2025-09-19 03:49:02.154432,0,6,1,0
8346,511.26,USA,Credit Card,2849,2025-10-06 22:15:02.154432,0,6,0,0
8347,390.94,Germany,Wire,8816,2025-09-28 07:00:02.154432,0,0,4,0
8348,910.58,India,Crypto,2301,2025-10-12 14:55:02.154432,0,1,1,0
8349,578.97,Germany,Crypto,9672,2025-10-13 01:34:02.154432,0,0,1,0
8350,1982.25,Germany,Debit Card,5037,2025-09-26 11:02:02.154432,0,0,2,0
8351,564.86,Germany,Debit Card,1290,2025-10-17 18:21:02.154432,0,0,2,0
8352,677.91,Russia,Wire,9998,2025-09-14 11:47:02.154432,1,4,4,0
8353,989.86,Germany,UPI,9381,2025-09-08 16:04:02.154432,0,0,3,0
8354,737.47,USA,Crypto,6314,2025-10-05 22:33:02.154432,0,6,1,0
8355,183.1,India,Debit Card,6695,2025-09-07 18:33:02.154432,0,1,2,0
8356,435.46,Japan,UPI,9568,2025-09-20 03:33:02.154432,0,2,3,0
8357,268.33,UK,Crypto,7826,2025-10-03 02:42:02.154432,0,5,1,0
8358,710.46,UK,Crypto,1258,2025-10-10 06:32:02.154432,0,5,1,0
8359,619.73,Nigeria,UPI,9994,2025-09-13 13:54:02.154432,1,3,3,0
8360,947.89,UK,Debit Card,3419,2025-09-29 13:07:02.154432,0,5,2,0
8361,1038.09,UK,Wire,7975,2025-10-04 04:25:02.154432,0,5,4,0
8362,268.01,UK,Crypto,8932,2025-09-23 13:22:02.154432,0,5,1,0
8363,1023.88,Japan,Credit Card,7203,2025-09-25 16:41:02.154432,0,2,0,0
8364,1133.55,UK,Credit Card,3152,2025-09-23 18:39:02.154432,0,5,0,0
8365,220.56,Germany,Credit Card,4332,2025-09-16 10:42:02.154432,0,0,0,0
8366,678.71,USA,Wire,6886,2025-10-13 19:15:02.154432,0,6,4,0
8367,1277.33,USA,Crypto,4117,2025-09-24 02:49:02.154432,0,6,1,0
8368,429.97,USA,Debit Card,5739,2025-10-14 12:29:02.154432,0,6,2,0
8369,513.58,Japan,Debit Card,4597,2025-10-03 22:56:02.154432,0,2,2,0
8370,675.57,Japan,Wire,6596,2025-09-21 00:47:02.154432,0,2,4,0
8371,571.04,UK,Crypto,3314,2025-09-12 09:26:02.154432,0,5,1,0
8372,599.04,Germany,UPI,2557,2025-10-17 21:52:02.154432,0,0,3,0
8373,809.18,UK,UPI,2716,2025-09-12 21:50:02.154432,0,5,3,0
8374,831.87,USA,Crypto,9014,2025-10-14 23:37:02.154432,0,6,1,0
8375,499.95,Germany,Crypto,3327,2025-09-10 21:01:02.154432,0,0,1,0
8376,1564.51,USA,Debit Card,6401,2025-09-21 20:21:02.154432,0,6,2,0
8377,267.21,Germany,Wire,5893,2025-10-06 01:25:02.154432,0,0,4,0
8378,928.12,India,Wire,9008,2025-09-28 11:14:02.154432,0,1,4,0
8379,44.49,Japan,Debit Card,8803,2025-09-15 02:17:02.154432,0,2,2,0
8380,540.71,Japan,Credit Card,5821,2025-10-14 01:51:02.154432,0,2,0,0
8381,33.54,USA,UPI,6559,2025-09-21 22:53:02.154432,0,6,3,0
8382,568.7,USA,Crypto,4199,2025-09-28 00:28:02.154432,0,6,1,0
8383,730.59,India,UPI,3341,2025-10-12 21:56:02.154432,0,1,3,0
8384,399.65,UK,UPI,4398,2025-10-16 14:23:02.154432,0,5,3,0
8385,528.56,Germany,Wire,6259,2025-10-03 14:34:02.154432,0,0,4,0
8386,875.3,Ukraine,Debit Card,9998,2025-09-21 00:33:02.154432,1,7,2,0
8387,4.06,India,Credit Card,2145,2025-09-26 23:02:02.154432,0,1,0,0
8388,346.02,USA,Credit Card,1383,2025-10-09 05:43:02.154432,0,6,0,0
8389,1303.27,USA,Debit Card,9810,2025-10-10 14:38:02.154432,0,6,2,0
8390,178.81,UK,UPI,2019,2025-10-08 22:33:02.154432,0,5,3,0
8391,295.95,UK,Debit Card,9000,2025-09-15 20:06:02.154432,0,5,2,0
8392,64.52,USA,Debit Card,5044,2025-10-16 01:53:02.154432,0,6,2,0
8393,348.7,Japan,Crypto,1205,2025-10-17 06:43:02.154432,0,2,1,0
8394,479.95,UK,Crypto,9830,2025-09-11 20:57:02.154432,0,5,1,0
8395,2386.43,India,UPI,4617,2025-09-20 15:39:02.154432,0,1,3,1
8396,3527.0301598363503,USA,Wire,9996,2025-09-19 12:04:02.154432,1,6,4,1
8397,362.79,Germany,Credit Card,4832,2025-09-29 05:04:02.154432,0,0,0,0
8398,114.74,Germany,Crypto,4176,2025-09-21 11:31:02.154432,0,0,1,0
8399,298.08,Japan,UPI,8607,2025-09-16 07:56:02.154432,0,2,3,0
8400,247.96,USA,Debit Card,4805,2025-10-08 16:03:02.154432,0,6,2,0
8401,50.63,India,Crypto,5323,2025-10-16 13:58:02.154432,0,1,1,0
8402,173.21,Japan,Debit Card,5797,2025-09-22 22:23:02.154432,0,2,2,0
8403,372.91,India,Debit Card,5023,2025-09-12 15:31:02.154432,0,1,2,0
8404,419.65,Germany,Crypto,1394,2025-10-15 04:41:02.154432,0,0,1,0
8405,864.27,India,UPI,2859,2025-10-02 19:44:02.154432,0,1,3,0
8406,1343.45,Ukraine,Credit Card,9995,2025-10-09 17:40:02.154432,1,7,0,1
8407,412.07,UK,UPI,6544,2025-09-27 20:24:02.154432,0,5,3,0
8408,950.09,Germany,Wire,2020,2025-09-21 04:31:02.154432,0,0,4,0
8409,363.26,Germany,Wire,7904,2025-09-25 22:29:02.154432,0,0,4,0
8410,228.69,Japan,Credit Card,4472,2025-09-16 08:58:02.154432,0,2,0,0
8411,833.91,Japan,Wire,8747,2025-09-27 20:11:02.154432,0,2,4,0
8412,358.15,USA,Debit Card,6517,2025-09-13 07:20:02.154432,0,6,2,0
8413,257.35,USA,Wire,7369,2025-10-18 16:51:02.154432,0,6,4,0
8414,218.49,Germany,Crypto,1332,2025-09-23 20:26:02.154432,0,0,1,0
8415,851.5891572593766,UK,Debit Card,9993,2025-10-04 21:36:02.154432,1,5,2,0
8416,527.39,USA,UPI,8059,2025-09-09 16:28:02.154432,0,6,3,0
8417,310.5,Germany,Credit Card,1875,2025-09-27 00:17:02.154432,0,0,0,0
8418,975.37,Japan,Crypto,6840,2025-10-10 08:18:02.154432,0,2,1,0
8419,1582.08,USA,Crypto,3288,2025-10-13 23:37:02.154432,0,6,1,0
8420,217.24,USA,Credit Card,5679,2025-09-11 14:06:02.154432,0,6,0,0
8421,138.48,Germany,Wire,5696,2025-09-30 22:35:02.154432,0,0,4,0
8422,1370.57,Germany,Credit Card,7616,2025-10-02 15:46:02.154432,0,0,0,0
8423,569.21,India,Credit Card,7100,2025-09-15 07:15:02.154432,0,1,0,0
8424,553.58,India,Wire,5782,2025-10-05 03:42:02.154432,0,1,4,0
8425,652.21,UK,UPI,6725,2025-10-02 10:24:02.154432,0,5,3,0
8426,1095.57,USA,Credit Card,6580,2025-09-17 20:29:02.154432,0,6,0,0
8427,1090.39,India,Wire,5486,2025-10-07 23:55:02.154432,0,1,4,0
8428,806.08,Germany,Crypto,2078,2025-10-10 22:37:02.154432,0,0,1,0
8429,177.72,USA,Credit Card,8218,2025-10-07 18:10:02.154432,0,6,0,0
8430,77.29,India,Credit Card,5585,2025-09-08 20:31:02.154432,0,1,0,0
8431,179.32,UK,UPI,2355,2025-09-09 03:50:02.154432,0,5,3,0
8432,108.09,UK,UPI,7017,2025-10-05 14:37:02.154432,0,5,3,0
8433,875.44,UK,Crypto,9186,2025-10-13 09:07:02.154432,0,5,1,0
8434,292.31,UK,UPI,9461,2025-10-12 02:08:02.154432,0,5,3,0
8435,793.82,Germany,Crypto,5240,2025-09-13 12:55:02.154432,0,0,1,0
8436,506.91,UK,Credit Card,9780,2025-09-22 11:45:02.154432,0,5,0,0
8437,1914.5327451834717,Japan,Wire,9996,2025-09-27 05:55:02.154432,1,2,4,1
8438,221.17,UK,UPI,2646,2025-10-13 02:06:02.154432,0,5,3,0
8439,270.85,India,Crypto,4072,2025-10-16 06:38:02.154432,0,1,1,0
8440,140.56,USA,UPI,4438,2025-09-22 01:49:02.154432,0,6,3,0
8441,1611.27,India,UPI,2651,2025-09-12 01:42:02.154432,0,1,3,0
8442,463.3,USA,Debit Card,6293,2025-09-26 15:08:02.154432,0,6,2,0
8443,507.5,Germany,Credit Card,5680,2025-10-04 16:26:02.154432,0,0,0,0
8444,496.94,USA,UPI,2750,2025-09-24 04:49:02.154432,0,6,3,0
8445,859.8,Japan,Wire,3971,2025-10-09 05:21:02.154432,0,2,4,0
8446,248.8,UK,Debit Card,5189,2025-09-24 04:10:02.154432,0,5,2,0
8447,1134.65,India,Crypto,5742,2025-09-09 10:15:02.154432,0,1,1,0
8448,387.67,USA,Crypto,2741,2025-10-08 14:13:02.154432,0,6,1,0
8449,375.06,India,Wire,4824,2025-10-07 18:59:02.154432,0,1,4,0
8450,1257.48,UK,Wire,4841,2025-09-22 07:42:02.154432,0,5,4,0
8451,245.28,Germany,Credit Card,7197,2025-10-06 09:40:02.154432,0,0,0,0
8452,681.41,UK,Wire,8643,2025-09-26 04:55:02.154432,0,5,4,0
8453,493.85,Germany,Crypto,6067,2025-09-12 16:54:02.154432,0,0,1,0
8454,286.98,India,Credit Card,3361,2025-10-11 23:22:02.154432,0,1,0,0
8455,763.29,Germany,Wire,2966,2025-09-21 13:41:02.154432,0,0,4,0
8456,165.19,Germany,Wire,9551,2025-10-16 13:29:02.154432,0,0,4,0
8457,284.8,Germany,Crypto,5632,2025-10-06 15:38:02.154432,0,0,1,0
8458,540.07,Germany,Credit Card,1393,2025-09-09 18:08:02.154432,0,0,0,0
8459,1453.63,Germany,Debit Card,1047,2025-09-12 02:36:02.154432,0,0,2,0
8460,1364.55,USA,Debit Card,3748,2025-09-24 20:59:02.154432,0,6,2,0
8461,689.07,Germany,Credit Card,3288,2025-09-19 05:15:02.154432,0,0,0,0
8462,395.02,Germany,Wire,8048,2025-09-18 13:41:02.154432,0,0,4,0
8463,57.55,UK,Wire,8562,2025-10-13 14:47:02.154432,0,5,4,0
8464,957.16,UK,Credit Card,2209,2025-09-18 21:32:02.154432,0,5,0,0
8465,1055.25,UK,Debit Card,2164,2025-09-14 19:35:02.154432,0,5,2,0
8466,681.96,Germany,UPI,9074,2025-10-01 08:32:02.154432,0,0,3,0
8467,409.72,UK,Crypto,5545,2025-09-11 15:52:02.154432,0,5,1,0
8468,898.12,USA,Credit Card,9045,2025-09-19 00:30:02.154432,0,6,0,0
8469,482.91,India,UPI,4539,2025-09-16 16:02:02.154432,0,1,3,0
8470,438.57,UK,Crypto,4411,2025-10-01 20:21:02.154432,0,5,1,0
8471,108.13,UK,UPI,2537,2025-09-08 07:45:02.154432,0,5,3,0
8472,864.83,USA,UPI,7069,2025-10-18 13:14:02.154432,0,6,3,0
8473,555.47,Japan,Crypto,8009,2025-10-10 09:16:02.154432,0,2,1,0
8474,1359.73,Japan,UPI,1182,2025-10-18 07:39:02.154432,0,2,3,0
8475,304.76,USA,Debit Card,2533,2025-09-18 00:02:02.154432,0,6,2,0
8476,230.83,UK,Credit Card,1155,2025-09-20 07:20:02.154432,0,5,0,0
8477,1047.91,India,Debit Card,6811,2025-10-03 09:23:02.154432,0,1,2,0
8478,1207.34,UK,Debit Card,5884,2025-10-16 18:27:02.154432,0,5,2,0
8479,506.46,USA,Crypto,8977,2025-09-20 00:12:02.154432,0,6,1,0
8480,926.45,USA,Crypto,7156,2025-09-10 09:16:02.154432,0,6,1,0
8481,386.62,Germany,Crypto,6420,2025-10-11 09:16:02.154432,0,0,1,0
8482,403.89,USA,UPI,1857,2025-09-20 15:24:02.154432,0,6,3,0
8483,684.65,Germany,UPI,6274,2025-09-20 23:18:02.154432,0,0,3,0
8484,399.65,USA,Credit Card,5007,2025-10-11 04:31:02.154432,0,6,0,0
8485,610.34,Germany,UPI,5858,2025-10-04 12:11:02.154432,0,0,3,0
8486,544.52,Germany,Credit Card,5678,2025-10-07 00:32:02.154432,0,0,0,0
8487,183.93,UK,Debit Card,7039,2025-10-15 10:35:02.154432,0,5,2,0
8488,607.92,Germany,Credit Card,5976,2025-09-14 08:37:02.154432,0,0,0,0
8489,189.49,Japan,Credit Card,2699,2025-10-10 21:50:02.154432,0,2,0,0
8490,875.39,USA,Crypto,7834,2025-09-12 02:45:02.154432,0,6,1,0
8491,1060.45,India,UPI,9905,2025-10-04 01:50:02.154432,0,1,3,0
8492,442.07,USA,Wire,3085,2025-10-16 11:20:02.154432,0,6,4,0
8493,1460.04,UK,Wire,2451,2025-09-26 00:22:02.154432,0,5,4,0
8494,1192.15,UK,Crypto,8428,2025-10-02 16:25:02.154432,0,5,1,0
8495,615.37,Germany,Debit Card,2397,2025-09-19 16:33:02.154432,0,0,2,0
8496,406.02,UK,Debit Card,7174,2025-09-13 01:00:02.154432,0,5,2,0
8497,997.63,UK,Debit Card,9616,2025-09-13 20:42:02.154432,0,5,2,0
8498,1478.39,USA,Credit Card,2028,2025-09-27 05:58:02.154432,0,6,0,1
8499,651.97,Japan,UPI,1690,2025-10-05 17:12:02.154432,0,2,3,0
8500,337.08,Japan,Debit Card,8898,2025-09-22 10:35:02.154432,0,2,2,0
8501,7102.0631343982195,Germany,Wire,9996,2025-09-28 13:48:02.154432,1,0,4,1
8502,502.69,UK,Credit Card,5010,2025-10-11 00:01:02.154432,0,5,0,0
8503,220.85,UK,Debit Card,4579,2025-09-30 15:21:02.154432,0,5,2,0
8504,363.56,Japan,Debit Card,1199,2025-09-19 17:50:02.154432,0,2,2,0
8505,1056.84,Germany,UPI,6392,2025-09-15 04:10:02.154432,0,0,3,0
8506,461.11,UK,UPI,9967,2025-09-21 15:58:02.154432,0,5,3,0
8507,324.72,Germany,Credit Card,1225,2025-09-17 10:29:02.154432,0,0,0,0
8508,1232.17,USA,Wire,5566,2025-10-08 16:24:02.154432,0,6,4,0
8509,1035.31,UK,Crypto,3065,2025-09-17 00:51:02.154432,0,5,1,0
8510,375.79,UK,Wire,9820,2025-09-15 19:21:02.154432,0,5,4,0
8511,1696.94,UK,UPI,1040,2025-10-05 03:15:02.154432,0,5,3,1
8512,478.78,Japan,UPI,3091,2025-10-17 02:50:02.154432,0,2,3,0
8513,654.22,Japan,Crypto,3244,2025-10-17 20:00:02.154432,0,2,1,0
8514,539.26,UK,Wire,9490,2025-10-01 13:34:02.154432,0,5,4,0
8515,252.75,UK,Wire,7062,2025-10-09 02:15:02.154432,0,5,4,0
8516,449.99,USA,Crypto,9650,2025-10-17 23:22:02.154432,0,6,1,0
8517,496.49,Russia,UPI,9998,2025-09-12 11:43:02.154432,1,4,3,0
8518,81.49,Germany,Credit Card,9980,2025-10-14 17:58:02.154432,0,0,0,0
8519,630.4,Germany,Wire,8403,2025-09-11 21:29:02.154432,0,0,4,0
8520,947.17,Japan,Debit Card,4895,2025-09-14 03:58:02.154432,0,2,2,0
8521,191.71,India,Wire,9574,2025-10-09 14:40:02.154432,0,1,4,0
8522,831.96,USA,Wire,2450,2025-10-08 06:20:02.154432,0,6,4,0
8523,1094.47,Germany,Wire,6373,2025-09-26 20:20:02.154432,0,0,4,0
8524,455.6,USA,UPI,3595,2025-09-12 20:01:02.154432,0,6,3,0
8525,1677.37,USA,Debit Card,4589,2025-09-13 10:28:02.154432,0,6,2,0
8526,619.16,India,Wire,9521,2025-09-08 14:06:02.154432,0,1,4,0
8527,77.16,Nigeria,Credit Card,9993,2025-09-17 04:47:02.154432,1,3,0,0
8528,159.05,India,Debit Card,7625,2025-09-26 13:37:02.154432,0,1,2,0
8529,640.08,India,Crypto,8699,2025-09-26 13:01:02.154432,0,1,1,0
8530,801.33,USA,Credit Card,6541,2025-09-30 16:55:02.154432,0,6,0,0
8531,530.85,USA,Crypto,8970,2025-10-05 21:55:02.154432,0,6,1,0
8532,612.44,Germany,Wire,6281,2025-09-09 08:04:02.154432,0,0,4,0
8533,542.84,USA,UPI,4821,2025-09-21 11:08:02.154432,0,6,3,0
8534,299.39,USA,Wire,2827,2025-10-14 15:36:02.154432,0,6,4,0
8535,544.05,USA,Wire,5111,2025-10-02 23:48:02.154432,0,6,4,0
8536,118.27,Germany,Crypto,9811,2025-10-10 14:23:02.154432,0,0,1,0
8537,390.28,India,Wire,1688,2025-09-14 04:42:02.154432,0,1,4,0
8538,762.37,Germany,Credit Card,1819,2025-10-13 19:38:02.154432,0,0,0,0
8539,239.27,USA,UPI,7216,2025-10-13 06:09:02.154432,0,6,3,0
8540,418.66,UK,Crypto,3251,2025-09-07 10:18:02.154432,0,5,1,0
8541,572.8,USA,Debit Card,3301,2025-10-14 20:56:02.154432,0,6,2,0
8542,1612.35,Germany,Wire,3660,2025-09-10 17:08:02.154432,0,0,4,0
8543,1030.66,Germany,Crypto,6648,2025-10-13 08:19:02.154432,0,0,1,0
8544,636.8455892550342,Japan,Wire,9991,2025-10-03 07:22:02.154432,1,2,4,0
8545,1873.66,UK,Wire,1954,2025-10-02 08:41:02.154432,0,5,4,1
8546,1290.48,Germany,Crypto,7453,2025-09-21 05:54:02.154432,0,0,1,0
8547,600.84,India,Credit Card,4941,2025-10-04 21:03:02.154432,0,1,0,0
8548,914.49,USA,Debit Card,5748,2025-10-13 00:48:02.154432,0,6,2,0
8549,270.4,India,Wire,8412,2025-09-29 16:19:02.154432,0,1,4,0
8550,498.27,Germany,Credit Card,2247,2025-10-16 12:14:02.154432,0,0,0,0
8551,256.29,Germany,Wire,6486,2025-09-07 18:52:02.154432,0,0,4,0
8552,795.5,India,Wire,7886,2025-09-27 13:01:02.154432,0,1,4,0
8553,2256.17,India,Credit Card,1012,2025-09-24 06:40:02.154432,0,1,0,1
8554,373.51,Japan,Wire,8475,2025-09-20 22:19:02.154432,0,2,4,0
8555,457.77,USA,Debit Card,5705,2025-10-16 18:43:02.154432,0,6,2,0
8556,511.54,India,Crypto,3239,2025-10-07 05:49:02.154432,0,1,1,0
8557,390.41,USA,Credit Card,1697,2025-10-12 21:58:02.154432,0,6,0,0
8558,763.47,UK,UPI,3066,2025-10-03 20:27:02.154432,0,5,3,0
8559,1085.56,Germany,Wire,7914,2025-09-20 04:22:02.154432,0,0,4,0
8560,322.23,India,Crypto,5674,2025-10-06 22:15:02.154432,0,1,1,0
8561,506.68,UK,Debit Card,3073,2025-10-13 09:27:02.154432,0,5,2,0
8562,836.13,Russia,Debit Card,9997,2025-09-27 16:20:02.154432,1,4,2,0
8563,236.28,Japan,UPI,4813,2025-10-13 02:57:02.154432,0,2,3,0
8564,170.55,Germany,Debit Card,2050,2025-10-14 22:00:02.154432,0,0,2,0
8565,317.04,India,Crypto,3152,2025-09-09 10:43:02.154432,0,1,1,0
8566,866.28,UK,UPI,8689,2025-10-18 08:34:02.154432,0,5,3,0
8567,225.61,UK,Credit Card,6787,2025-09-13 14:01:02.154432,0,5,0,0
8568,335.63,UK,UPI,4089,2025-09-24 18:29:02.154432,0,5,3,0
8569,510.27,Germany,Credit Card,4641,2025-09-16 16:06:02.154432,0,0,0,0
8570,576.61,USA,Debit Card,1173,2025-09-18 21:44:02.154432,0,6,2,0
8571,458.46,USA,Crypto,8254,2025-09-19 00:41:02.154432,0,6,1,0
8572,519.09,Germany,Wire,4903,2025-09-30 20:12:02.154432,0,0,4,0
8573,129.49,India,UPI,8510,2025-09-11 09:12:02.154432,0,1,3,0
8574,306.29,Germany,Debit Card,1448,2025-10-03 01:42:02.154432,0,0,2,0
8575,912.6,USA,Crypto,6835,2025-09-16 12:42:02.154432,0,6,1,0
8576,285.83,Germany,Wire,1781,2025-09-28 02:14:02.154432,0,0,4,0
8577,588.54,UK,UPI,4568,2025-09-14 01:06:02.154432,0,5,3,0
8578,546.52,India,Crypto,9363,2025-09-13 10:54:02.154432,0,1,1,0
8579,848.3,India,Debit Card,3283,2025-09-27 02:23:02.154432,0,1,2,0
8580,936.31,Japan,UPI,1432,2025-09-08 10:11:02.154432,0,2,3,0
8581,1119.75,Germany,UPI,6135,2025-10-15 01:57:02.154432,0,0,3,0
8582,1355.45,UK,Credit Card,5945,2025-10-12 11:35:02.154432,0,5,0,0
8583,228.26,Germany,Credit Card,6705,2025-09-20 16:46:02.154432,0,0,0,0
8584,61.36,Japan,UPI,2859,2025-09-19 09:17:02.154432,0,2,3,0
8585,374.77,Japan,Crypto,4919,2025-09-25 14:00:02.154432,0,2,1,0
8586,212.98,Germany,Debit Card,7390,2025-10-16 12:11:02.154432,0,0,2,0
8587,257.08,Germany,Wire,1548,2025-09-29 23:29:02.154432,0,0,4,0
8588,741.43,Germany,Credit Card,6060,2025-09-08 03:16:02.154432,0,0,0,0
8589,1074.97,USA,Debit Card,4574,2025-09-26 14:10:02.154432,0,6,2,0
8590,600.19,Japan,UPI,1166,2025-10-16 22:58:02.154432,0,2,3,0
8591,296.19,India,Debit Card,4512,2025-09-18 15:07:02.154432,0,1,2,0
8592,622.61,USA,Debit Card,3400,2025-09-17 13:09:02.154432,0,6,2,0
8593,869.1,UK,Debit Card,4170,2025-09-26 21:59:02.154432,0,5,2,0
8594,130.47,India,UPI,4189,2025-09-10 03:47:02.154432,0,1,3,0
8595,396.68,India,Credit Card,3621,2025-10-16 00:40:02.154432,0,1,0,0
8596,424.12,India,Wire,6158,2025-09-30 22:52:02.154432,0,1,4,0
8597,448.51,Japan,Crypto,4401,2025-09-11 22:20:02.154432,0,2,1,0
8598,241.17,UK,Credit Card,7466,2025-10-02 04:54:02.154432,0,5,0,0
8599,633.62,USA,Wire,7172,2025-09-30 14:30:02.154432,0,6,4,0
8600,677.92,UK,UPI,1542,2025-09-15 17:09:02.154432,0,5,3,0
8601,223.97,USA,Wire,9142,2025-10-03 10:58:02.154432,0,6,4,0
8602,1255.41,Japan,UPI,9759,2025-09-27 13:25:02.154432,0,2,3,0
8603,175.92,UK,Wire,4538,2025-10-15 12:31:02.154432,0,5,4,0
8604,287.1,India,Credit Card,8012,2025-10-06 23:27:02.154432,0,1,0,0
8605,159.94,UK,UPI,2940,2025-09-17 22:40:02.154432,0,5,3,0
8606,136.96,Japan,Debit Card,9117,2025-10-06 20:59:02.154432,0,2,2,0
8607,556.33,Japan,UPI,7342,2025-10-07 15:17:02.154432,0,2,3,0
8608,286.38,Japan,UPI,2760,2025-09-15 23:49:02.154432,0,2,3,0
8609,940.33,Vietnam,Wire,9993,2025-09-12 05:12:02.154432,1,8,4,1
8610,243.9,UK,UPI,4945,2025-10-14 16:01:02.154432,0,5,3,0
8611,289.62,India,Wire,3701,2025-10-07 11:23:02.154432,0,1,4,0
8612,854.93,India,Credit Card,2028,2025-10-07 13:05:02.154432,0,1,0,0
8613,193.69,Germany,UPI,7310,2025-09-23 17:12:02.154432,0,0,3,0
8614,346.17,Japan,Debit Card,5480,2025-10-09 07:43:02.154432,0,2,2,0
8615,1241.1,India,Debit Card,4703,2025-09-18 07:48:02.154432,0,1,2,0
8616,27.4,Japan,Credit Card,8259,2025-10-12 03:12:02.154432,0,2,0,0
8617,130.76,India,Debit Card,1741,2025-10-13 22:00:02.154432,0,1,2,0
8618,1390.26,UK,Wire,3234,2025-09-14 23:31:02.154432,0,5,4,0
8619,687.17,Germany,UPI,2613,2025-09-18 06:12:02.154432,0,0,3,0
8620,631.39,Japan,Crypto,4536,2025-10-10 21:14:02.154432,0,2,1,0
8621,131.03,USA,UPI,1557,2025-09-11 05:50:02.154432,0,6,3,0
8622,540.01,USA,UPI,8430,2025-09-16 05:09:02.154432,0,6,3,0
8623,227.88,India,Crypto,7062,2025-09-24 15:32:02.154432,0,1,1,0
8624,958.02,UK,Debit Card,1857,2025-10-15 18:51:02.154432,0,5,2,0
8625,989.54,Japan,Debit Card,2810,2025-10-18 04:37:02.154432,0,2,2,0
8626,313.18,Germany,UPI,3356,2025-10-08 12:29:02.154432,0,0,3,0
8627,725.45,UK,Debit Card,5065,2025-09-09 00:50:02.154432,0,5,2,0
8628,655.31,India,Wire,4506,2025-09-15 05:24:02.154432,0,1,4,0
8629,454.41,Nigeria,Wire,9993,2025-09-11 11:38:02.154432,1,3,4,0
8630,235.41,Germany,Crypto,8330,2025-10-04 21:16:02.154432,0,0,1,0
8631,347.77,UK,UPI,9938,2025-09-25 15:05:02.154432,0,5,3,0
8632,931.93,Japan,Wire,7935,2025-09-20 03:53:02.154432,0,2,4,0
8633,1253.81,India,Credit Card,1240,2025-09-19 06:39:02.154432,0,1,0,0
8634,374.55,Germany,Debit Card,6020,2025-09-28 11:32:02.154432,0,0,2,0
8635,1342.12,India,UPI,8912,2025-10-17 12:23:02.154432,0,1,3,0
8636,687.69,Japan,Wire,2152,2025-09-13 10:37:02.154432,0,2,4,0
8637,466.59,Germany,Crypto,4939,2025-10-01 22:37:02.154432,0,0,1,0
8638,425.16,Germany,Wire,3574,2025-09-10 18:30:02.154432,0,0,4,0
8639,248.83,India,Credit Card,4300,2025-10-02 00:57:02.154432,0,1,0,0
8640,763.02,UK,Wire,5837,2025-09-23 18:30:02.154432,0,5,4,0
8641,1499.58,UK,UPI,9367,2025-09-18 23:53:02.154432,0,5,3,0
8642,451.85,USA,Crypto,7947,2025-09-24 01:54:02.154432,0,6,1,0
8643,209.46,USA,Crypto,7901,2025-09-10 01:54:02.154432,0,6,1,0
8644,854.64,Germany,Credit Card,2076,2025-09-30 05:54:02.154432,0,0,0,0
8645,359.2,India,UPI,1334,2025-09-08 22:10:02.154432,0,1,3,0
8646,245.7,Germany,Credit Card,7436,2025-09-25 12:02:02.154432,0,0,0,0
8647,124.46,India,Credit Card,2730,2025-09-17 12:19:02.154432,0,1,0,0
8648,745.23,Japan,Credit Card,6255,2025-09-07 15:28:02.154432,0,2,0,0
8649,1118.72,USA,Wire,4853,2025-09-22 21:43:02.154432,0,6,4,0
8650,165.05,Germany,Debit Card,2724,2025-10-17 04:43:02.154432,0,0,2,0
8651,391.31,Japan,Wire,1802,2025-10-03 05:27:02.154432,0,2,4,0
8652,420.35,UK,UPI,1911,2025-10-02 22:57:02.154432,0,5,3,0
8653,261.46,USA,Credit Card,4067,2025-10-06 09:04:02.154432,0,6,0,0
8654,1317.27,India,Credit Card,8021,2025-10-10 12:17:02.154432,0,1,0,0
8655,118.5,UK,Debit Card,9527,2025-10-08 12:11:02.154432,0,5,2,0
8656,692.85,UK,Crypto,9187,2025-10-14 06:54:02.154432,0,5,1,0
8657,792.2,Japan,Credit Card,5332,2025-10-05 02:36:02.154432,0,2,0,0
8658,259.72,Germany,Wire,3015,2025-09-20 10:41:02.154432,0,0,4,0
8659,206.05,Germany,Credit Card,4659,2025-09-09 01:05:02.154432,0,0,0,0
8660,299.92,Japan,UPI,1398,2025-09-11 12:15:02.154432,0,2,3,0
8661,76.99,UK,Debit Card,5097,2025-09-18 15:53:02.154432,0,5,2,0
8662,321.54,USA,Crypto,9069,2025-09-30 21:36:02.154432,0,6,1,0
8663,359.67,UK,UPI,1015,2025-09-16 23:15:02.154432,0,5,3,0
8664,1709.04,Japan,Wire,5374,2025-10-14 03:07:02.154432,0,2,4,0
8665,93.27,UK,UPI,6470,2025-10-07 04:30:02.154432,0,5,3,0
8666,448.74,UK,Credit Card,7513,2025-09-30 20:50:02.154432,0,5,0,0
8667,871.09,UK,Debit Card,2576,2025-10-16 01:14:02.154432,0,5,2,0
8668,1529.96,UK,Credit Card,9569,2025-10-13 20:48:02.154432,0,5,0,0
8669,106.67,USA,Debit Card,6174,2025-09-26 17:40:02.154432,0,6,2,0
8670,1677.45,India,Wire,6485,2025-10-08 11:03:02.154432,0,1,4,0
8671,389.86,India,UPI,6915,2025-09-25 01:03:02.154432,0,1,3,0
8672,392.47,Germany,Debit Card,9945,2025-10-18 02:15:02.154432,0,0,2,0
8673,168.38,India,UPI,2307,2025-10-05 03:42:02.154432,0,1,3,0
8674,527.95,India,Debit Card,5532,2025-09-23 07:05:02.154432,0,1,2,0
8675,1682.42,India,Credit Card,8106,2025-10-11 23:48:02.154432,0,1,0,0
8676,520.04,UK,Debit Card,6913,2025-10-05 07:12:02.154432,0,5,2,0
8677,237.0,UK,Debit Card,5774,2025-09-12 20:59:02.154432,0,5,2,0
8678,283.23,USA,Crypto,7214,2025-09-10 03:05:02.154432,0,6,1,0
8679,295.4,UK,Wire,1053,2025-09-16 17:46:02.154432,0,5,4,0
8680,1387.54,UK,Credit Card,6495,2025-10-09 01:33:02.154432,0,5,0,0
8681,1599.01,India,Credit Card,4642,2025-09-09 13:38:02.154432,0,1,0,0
8682,118.07,USA,UPI,1079,2025-09-09 15:15:02.154432,0,6,3,0
8683,181.57,USA,Debit Card,6964,2025-09-23 07:16:02.154432,0,6,2,0
8684,203.29,India,Debit Card,6609,2025-09-19 02:47:02.154432,0,1,2,0
8685,311.04,India,Debit Card,8203,2025-10-12 09:43:02.154432,0,1,2,0
8686,1808.91,USA,Credit Card,8423,2025-10-10 21:23:02.154432,0,6,0,1
8687,1659.93,Japan,Crypto,1285,2025-10-17 01:33:02.154432,0,2,1,0
8688,497.5,India,UPI,8963,2025-10-15 04:14:02.154432,0,1,3,0
8689,344.97,India,Debit Card,8966,2025-10-03 18:59:02.154432,0,1,2,0
8690,55.72,USA,Crypto,1227,2025-09-09 08:38:02.154432,0,6,1,0
8691,584.32,Japan,Wire,2976,2025-10-14 10:02:02.154432,0,2,4,0
8692,535.36,Japan,Credit Card,3218,2025-09-22 13:27:02.154432,0,2,0,0
8693,162.07,Germany,Wire,4316,2025-09-19 18:48:02.154432,0,0,4,0
8694,676.84,Japan,Credit Card,2984,2025-09-16 15:09:02.154432,0,2,0,0
8695,970.02,India,UPI,4464,2025-10-17 08:19:02.154432,0,1,3,0
8696,159.91,UK,Wire,4723,2025-10-12 04:07:02.154432,0,5,4,0
8697,326.1,USA,UPI,3345,2025-09-08 13:30:02.154432,0,6,3,0
8698,935.74,India,UPI,7600,2025-10-12 02:59:02.154432,0,1,3,0
8699,269.67,USA,UPI,2460,2025-10-05 02:16:02.154432,0,6,3,0
8700,314.27,Japan,Wire,8513,2025-09-09 20:35:02.154432,0,2,4,0
8701,332.5,USA,Wire,5573,2025-09-20 14:53:02.154432,0,6,4,0
8702,700.18,India,Wire,2208,2025-10-08 23:35:02.154432,0,1,4,0
8703,1066.2,UK,Debit Card,4795,2025-09-09 13:27:02.154432,0,5,2,0
8704,1466.84,India,UPI,3508,2025-10-06 11:29:02.154432,0,1,3,0
8705,1012.67,Germany,Debit Card,2667,2025-09-14 02:11:02.154432,0,0,2,0
8706,493.52,USA,Credit Card,8739,2025-10-07 04:04:02.154432,0,6,0,0
8707,792.2,India,Wire,7539,2025-09-25 22:27:02.154432,0,1,4,0
8708,148.77,Japan,Crypto,8003,2025-09-30 15:03:02.154432,0,2,1,0
8709,1966.63,Japan,Credit Card,7677,2025-10-11 13:04:02.154432,0,2,0,1
8710,246.7,India,UPI,4412,2025-10-06 07:57:02.154432,0,1,3,0
8711,749.66,Germany,UPI,8706,2025-09-16 17:36:02.154432,0,0,3,0
8712,557.3,USA,Debit Card,5309,2025-09-15 16:03:02.154432,0,6,2,0
8713,133.29,Germany,Wire,7540,2025-09-14 15:57:02.154432,0,0,4,0
8714,247.98,UK,Wire,9783,2025-09-11 00:34:02.154432,0,5,4,0
8715,1115.41,India,Credit Card,1365,2025-09-27 14:19:02.154432,0,1,0,0
8716,444.24,Germany,Credit Card,6911,2025-09-22 02:36:02.154432,0,0,0,0
8717,211.07,UK,Credit Card,3221,2025-10-16 19:21:02.154432,0,5,0,0
8718,391.5,Germany,Crypto,1272,2025-10-17 00:22:02.154432,0,0,1,0
8719,210.98,UK,Crypto,4621,2025-10-13 00:27:02.154432,0,5,1,0
8720,311.39,Japan,UPI,4642,2025-10-10 00:25:02.154432,0,2,3,0
8721,102.38,Japan,UPI,5585,2025-09-27 09:11:02.154432,0,2,3,0
8722,2358.099523400967,India,UPI,9993,2025-10-01 02:08:02.154432,1,1,3,1
8723,553.17,Germany,Wire,9803,2025-09-16 23:11:02.154432,0,0,4,0
8724,315.68,Japan,UPI,8478,2025-10-04 22:21:02.154432,0,2,3,0
8725,1111.6,USA,Debit Card,1326,2025-09-13 15:16:02.154432,0,6,2,0
8726,331.77,Japan,Credit Card,5261,2025-09-22 05:03:02.154432,0,2,0,0
8727,444.0,Japan,Wire,3927,2025-10-11 04:55:02.154432,0,2,4,0
8728,299.33,Germany,Crypto,3108,2025-09-07 15:58:02.154432,0,0,1,0
8729,359.26,UK,Credit Card,2964,2025-10-16 22:30:02.154432,0,5,0,0
8730,816.78,USA,UPI,5459,2025-10-18 06:25:02.154432,0,6,3,0
8731,153.67,USA,Crypto,6301,2025-09-19 15:03:02.154432,0,6,1,0
8732,671.97,UK,Crypto,2754,2025-09-18 19:09:02.154432,0,5,1,0
8733,267.86,Germany,Crypto,3081,2025-10-16 23:30:02.154432,0,0,1,0
8734,160.63,Japan,Credit Card,7281,2025-09-14 11:42:02.154432,0,2,0,0
8735,369.22,UK,Wire,8865,2025-09-08 07:14:02.154432,0,5,4,0
8736,744.13,USA,Credit Card,3075,2025-10-10 08:17:02.154432,0,6,0,0
8737,362.37,USA,Debit Card,5028,2025-09-10 10:54:02.154432,0,6,2,0
8738,218.81,Japan,UPI,5201,2025-09-15 16:05:02.154432,0,2,3,0
8739,1620.7,Japan,Wire,2256,2025-10-15 10:19:02.154432,0,2,4,0
8740,607.38,India,Wire,9387,2025-10-17 11:03:02.154432,0,1,4,0
8741,507.32,UK,UPI,6970,2025-09-10 11:46:02.154432,0,5,3,0
8742,728.29,Japan,Debit Card,5297,2025-10-05 14:07:02.154432,0,2,2,0
8743,785.44,India,Crypto,3156,2025-09-30 13:08:02.154432,0,1,1,0
8744,328.07,Germany,UPI,6857,2025-09-07 19:05:02.154432,0,0,3,0
8745,897.61,USA,Crypto,1040,2025-10-02 16:15:02.154432,0,6,1,0
8746,127.5,UK,UPI,9873,2025-10-11 12:10:02.154432,0,5,3,0
8747,760.66,Germany,Credit Card,3859,2025-09-26 20:12:02.154432,0,0,0,0
8748,346.02,UK,Debit Card,3462,2025-09-18 20:49:02.154432,0,5,2,0
8749,1136.08,UK,Debit Card,3037,2025-09-27 02:15:02.154432,0,5,2,0
8750,326.12,Japan,UPI,2674,2025-10-03 11:14:02.154432,0,2,3,0
8751,995.9,India,Debit Card,1363,2025-10-13 06:36:02.154432,0,1,2,0
8752,621.85,UK,Crypto,3518,2025-09-19 00:07:02.154432,0,5,1,0
8753,871.78,Germany,Debit Card,9691,2025-09-11 12:13:02.154432,0,0,2,0
8754,516.08,UK,Debit Card,4053,2025-10-06 03:46:02.154432,0,5,2,0
8755,87.43,India,Debit Card,3470,2025-09-16 23:52:02.154432,0,1,2,0
8756,1079.23,USA,Wire,1578,2025-09-27 21:46:02.154432,0,6,4,0
8757,1128.57,UK,UPI,9027,2025-10-02 04:07:02.154432,0,5,3,0
8758,374.23,Russia,Credit Card,9990,2025-09-12 15:06:02.154432,1,4,0,0
8759,276.58,USA,Credit Card,2257,2025-09-19 20:28:02.154432,0,6,0,0
8760,923.7,USA,Wire,7635,2025-10-08 06:56:02.154432,0,6,4,0
8761,614.03,Japan,Wire,3972,2025-09-12 08:20:02.154432,0,2,4,0
8762,432.45,Japan,Credit Card,6041,2025-09-25 20:09:02.154432,0,2,0,0
8763,702.33,UK,Crypto,7674,2025-10-08 10:21:02.154432,0,5,1,0
8764,373.21,Germany,Credit Card,4985,2025-09-27 09:15:02.154432,0,0,0,0
8765,1117.24,Japan,Credit Card,3988,2025-10-17 04:21:02.154432,0,2,0,0
8766,398.28,India,UPI,2524,2025-09-10 14:12:02.154432,0,1,3,0
8767,923.72,India,Credit Card,7487,2025-10-14 19:17:02.154432,0,1,0,0
8768,515.38,USA,Credit Card,6839,2025-09-22 16:53:02.154432,0,6,0,0
8769,644.89,USA,Debit Card,9443,2025-10-01 05:52:02.154432,0,6,2,0
8770,1586.72,USA,Wire,6672,2025-09-26 03:17:02.154432,0,6,4,0
8771,334.99,India,Credit Card,1381,2025-09-18 02:39:02.154432,0,1,0,0
8772,880.95,Russia,Credit Card,9998,2025-10-16 05:04:02.154432,1,4,0,0
8773,1346.5,Japan,Crypto,2987,2025-10-12 23:10:02.154432,0,2,1,0
8774,858.27,UK,Credit Card,6218,2025-09-07 03:43:02.154432,0,5,0,0
8775,1161.4,Germany,UPI,3642,2025-09-07 07:38:02.154432,0,0,3,0
8776,556.99,India,Crypto,1023,2025-10-16 19:05:02.154432,0,1,1,0
8777,824.95,USA,Credit Card,1352,2025-09-24 12:25:02.154432,0,6,0,0
8778,992.48,Germany,UPI,7216,2025-10-18 10:40:02.154432,0,0,3,0
8779,506.95,USA,Wire,5088,2025-09-17 01:29:02.154432,0,6,4,0
8780,245.94,Germany,Credit Card,1770,2025-09-18 22:43:02.154432,0,0,0,0
8781,209.49,Germany,Wire,5753,2025-10-12 20:28:02.154432,0,0,4,0
8782,1468.74,Japan,Credit Card,6569,2025-10-03 14:44:02.154432,0,2,0,0
8783,1310.04,UK,Crypto,2747,2025-09-13 00:19:02.154432,0,5,1,0
8784,282.22,UK,Crypto,6475,2025-10-15 20:31:02.154432,0,5,1,0
8785,1161.03,USA,UPI,1621,2025-09-07 11:02:02.154432,0,6,3,0
8786,707.26,India,Debit Card,1018,2025-10-09 08:23:02.154432,0,1,2,0
8787,520.3,UK,UPI,9985,2025-09-28 17:24:02.154432,0,5,3,0
8788,274.2,India,Credit Card,4341,2025-09-18 04:42:02.154432,0,1,0,0
8789,464.38,USA,Wire,8726,2025-09-10 03:15:02.154432,0,6,4,0
8790,229.43,India,Wire,2902,2025-10-14 13:32:02.154432,0,1,4,0
8791,404.96,Germany,Credit Card,5637,2025-10-03 09:57:02.154432,0,0,0,0
8792,224.23,Germany,Debit Card,2940,2025-09-19 01:47:02.154432,0,0,2,0
8793,143.79,USA,Debit Card,2206,2025-09-26 10:37:02.154432,0,6,2,0
8794,1181.05,India,Debit Card,8837,2025-10-06 10:40:02.154432,0,1,2,0
8795,442.01,India,Credit Card,5080,2025-10-14 17:28:02.154432,0,1,0,0
8796,661.68,USA,Crypto,1164,2025-09-07 08:34:02.154432,0,6,1,0
8797,320.76,UK,Crypto,7952,2025-10-06 23:58:02.154432,0,5,1,0
8798,425.71,Japan,Credit Card,2211,2025-10-15 00:13:02.154432,0,2,0,0
8799,217.81,UK,Crypto,4159,2025-10-06 19:33:02.154432,0,5,1,0
8800,1477.75,Japan,Debit Card,2495,2025-09-09 13:05:02.154432,0,2,2,0
8801,950.02,India,Crypto,3419,2025-09-07 14:56:02.154432,0,1,1,0
8802,315.66,Japan,Credit Card,8970,2025-09-29 16:00:02.154432,0,2,0,0
8803,216.93,Japan,Crypto,8684,2025-09-11 16:02:02.154432,0,2,1,0
8804,132.02,India,Crypto,9556,2025-10-01 10:05:02.154432,0,1,1,0
8805,555.98,Germany,Crypto,8204,2025-10-16 15:08:02.154432,0,0,1,0
8806,868.4,Japan,Crypto,5214,2025-10-18 09:09:02.154432,0,2,1,0
8807,806.48,USA,Credit Card,1408,2025-09-30 12:34:02.154432,0,6,0,0
8808,354.05,UK,UPI,1362,2025-10-15 17:32:02.154432,0,5,3,0
8809,422.88,India,Crypto,4440,2025-09-22 12:51:02.154432,0,1,1,0
8810,211.15,India,UPI,6272,2025-10-03 14:52:02.154432,0,1,3,0
8811,245.73,Japan,Credit Card,5418,2025-09-24 18:46:02.154432,0,2,0,0
8812,1178.5,Germany,Wire,1757,2025-10-14 12:19:02.154432,0,0,4,0
8813,88.38,Germany,UPI,8891,2025-09-30 22:42:02.154432,0,0,3,0
8814,75.87,UK,Credit Card,8645,2025-09-15 12:22:02.154432,0,5,0,0
8815,282.45,UK,Wire,9639,2025-09-11 19:37:02.154432,0,5,4,0
8816,1465.84,Germany,Crypto,3751,2025-09-19 04:36:02.154432,0,0,1,0
8817,512.04,Germany,Credit Card,2791,2025-09-23 18:46:02.154432,0,0,0,0
8818,2203.62,Germany,Debit Card,8122,2025-10-10 08:33:02.154432,0,0,2,0
8819,385.13,Japan,Wire,3389,2025-09-14 10:46:02.154432,0,2,4,0
8820,826.79,USA,Debit Card,6386,2025-10-07 20:51:02.154432,0,6,2,0
8821,1070.61,UK,Crypto,9054,2025-10-05 01:02:02.154432,0,5,1,0
8822,1947.96,India,Crypto,8505,2025-09-28 02:40:02.154432,0,1,1,0
8823,304.41,Germany,UPI,8582,2025-09-12 12:24:02.154432,0,0,3,0
8824,507.5,Germany,Crypto,1290,2025-09-22 03:25:02.154432,0,0,1,0
8825,434.65,USA,UPI,9363,2025-10-06 07:52:02.154432,0,6,3,0
8826,876.52,Germany,Wire,1300,2025-09-10 17:40:02.154432,0,0,4,0
8827,1360.21,UK,Debit Card,9115,2025-09-24 09:22:02.154432,0,5,2,0
8828,1357.52,Germany,Wire,8432,2025-09-29 14:21:02.154432,0,0,4,0
8829,298.5,USA,Debit Card,4166,2025-10-04 00:03:02.154432,0,6,2,0
8830,246.75,Japan,Credit Card,2746,2025-09-21 18:42:02.154432,0,2,0,0
8831,810.62,UK,Wire,9706,2025-10-16 23:42:02.154432,0,5,4,0
8832,187.29,Japan,Credit Card,9870,2025-09-11 13:01:02.154432,0,2,0,0
8833,891.59,India,Debit Card,6007,2025-09-29 03:19:02.154432,0,1,2,0
8834,506.7,USA,UPI,1343,2025-10-10 10:52:02.154432,0,6,3,0
8835,1214.79,India,Wire,1028,2025-10-10 07:15:02.154432,0,1,4,0
8836,1085.18,India,Wire,8236,2025-10-01 23:04:02.154432,0,1,4,0
8837,557.72,India,UPI,1106,2025-09-30 12:24:02.154432,0,1,3,0
8838,172.09,India,UPI,6811,2025-09-13 21:47:02.154432,0,1,3,0
8839,186.78,USA,Crypto,6783,2025-10-01 20:48:02.154432,0,6,1,0
8840,527.13,Japan,Crypto,4360,2025-09-16 02:45:02.154432,0,2,1,0
8841,716.13,Germany,Debit Card,1489,2025-09-18 17:56:02.154432,0,0,2,0
8842,391.24,India,Wire,4760,2025-09-07 13:11:02.154432,0,1,4,0
8843,226.5,Germany,UPI,9148,2025-10-11 05:42:02.154432,0,0,3,0
8844,402.29,Germany,UPI,9469,2025-09-08 16:20:02.154432,0,0,3,0
8845,1221.2,India,Credit Card,5076,2025-09-19 19:19:02.154432,0,1,0,0
8846,402.38,UK,Crypto,6959,2025-10-14 10:10:02.154432,0,5,1,0
8847,307.52,Germany,Credit Card,9819,2025-10-16 19:56:02.154432,0,0,0,0
8848,181.32,UK,UPI,3695,2025-09-13 22:38:02.154432,0,5,3,0
8849,479.92,Japan,Wire,1677,2025-09-25 16:35:02.154432,0,2,4,0
8850,1092.9,Germany,Wire,6811,2025-10-09 22:04:02.154432,0,0,4,0
8851,1129.25,USA,Credit Card,4401,2025-09-11 22:07:02.154432,0,6,0,0
8852,256.14,Japan,Crypto,3442,2025-10-14 09:30:02.154432,0,2,1,0
8853,561.15,Japan,Debit Card,1554,2025-10-14 13:33:02.154432,0,2,2,0
8854,278.58,UK,Wire,9994,2025-10-07 01:49:02.154432,0,5,4,0
8855,375.63,India,Debit Card,2162,2025-10-04 17:00:02.154432,0,1,2,0
8856,473.18,USA,Crypto,1423,2025-09-11 03:14:02.154432,0,6,1,0
8857,336.57,USA,Credit Card,9607,2025-10-14 01:36:02.154432,0,6,0,0
8858,1480.75,UK,Crypto,3005,2025-09-09 22:49:02.154432,0,5,1,0
8859,305.81,UK,UPI,3863,2025-09-13 18:22:02.154432,0,5,3,0
8860,285.35,Japan,Crypto,3012,2025-09-14 00:42:02.154432,0,2,1,0
8861,254.8,UK,Credit Card,5309,2025-10-12 06:05:02.154432,0,5,0,0
8862,121.33,India,Credit Card,7581,2025-09-12 03:01:02.154432,0,1,0,0
8863,1510.64,Japan,Crypto,8647,2025-09-11 17:08:02.154432,0,2,1,0
8864,498.65,Japan,Credit Card,8015,2025-10-13 08:40:02.154432,0,2,0,0
8865,722.62,Japan,UPI,4871,2025-09-29 06:27:02.154432,0,2,3,0
8866,655.64,USA,Debit Card,7749,2025-10-15 17:09:02.154432,0,6,2,0
8867,328.31,USA,Crypto,7011,2025-09-24 07:27:02.154432,0,6,1,0
8868,497.42,Japan,Credit Card,2617,2025-10-18 03:27:02.154432,0,2,0,0
8869,842.42,India,Debit Card,2643,2025-09-25 22:13:02.154432,0,1,2,0
8870,136.94,Germany,UPI,6698,2025-10-01 17:40:02.154432,0,0,3,0
8871,370.04,Japan,Crypto,1953,2025-09-12 12:40:02.154432,0,2,1,0
8872,423.61,UK,Credit Card,6425,2025-10-11 00:34:02.154432,0,5,0,0
8873,319.71,Germany,Debit Card,5247,2025-10-10 20:52:02.154432,0,0,2,0
8874,314.65,USA,UPI,8037,2025-10-13 07:59:02.154432,0,6,3,0
8875,572.26,USA,Wire,1908,2025-09-16 00:49:02.154432,0,6,4,0
8876,1262.39,Germany,Credit Card,7139,2025-09-24 13:06:02.154432,0,0,0,0
8877,698.2,UK,UPI,7599,2025-09-08 21:13:02.154432,0,5,3,0
8878,248.89,USA,Debit Card,5429,2025-09-15 02:17:02.154432,0,6,2,0
8879,2503.97,USA,Crypto,9654,2025-10-12 18:40:02.154432,0,6,1,1
8880,1270.54,Japan,Debit Card,6966,2025-10-06 03:21:02.154432,0,2,2,0
8881,339.44,India,Crypto,5534,2025-10-17 01:10:02.154432,0,1,1,0
8882,1283.52,UK,UPI,7240,2025-10-08 09:34:02.154432,0,5,3,0
8883,581.98,Japan,UPI,5489,2025-09-26 09:10:02.154432,0,2,3,0
8884,177.12,Russia,Debit Card,9998,2025-10-10 23:40:02.154432,1,4,2,0
8885,1174.73,USA,Debit Card,9458,2025-10-02 00:17:02.154432,0,6,2,0
8886,248.92,India,Crypto,7018,2025-10-14 01:44:02.154432,0,1,1,0
8887,721.52,USA,Credit Card,6317,2025-09-25 02:51:02.154432,0,6,0,0
8888,558.8,Japan,Debit Card,8208,2025-09-08 00:19:02.154432,0,2,2,0
8889,765.75,USA,Credit Card,7568,2025-09-26 12:27:02.154432,0,6,0,0
8890,1588.04,India,Credit Card,8422,2025-09-30 22:07:02.154432,0,1,0,0
8891,491.77,Japan,Credit Card,4539,2025-10-14 20:34:02.154432,0,2,0,0
8892,174.87,India,UPI,3866,2025-10-06 18:01:02.154432,0,1,3,0
8893,280.51,India,UPI,5278,2025-09-16 11:50:02.154432,0,1,3,0
8894,162.86,Germany,Credit Card,3546,2025-09-11 14:22:02.154432,0,0,0,0
8895,116.49,USA,Credit Card,3117,2025-09-22 22:41:02.154432,0,6,0,0
8896,1076.82,USA,UPI,2799,2025-09-29 18:49:02.154432,0,6,3,0
8897,544.19,India,Crypto,9314,2025-09-15 08:39:02.154432,0,1,1,0
8898,448.23,USA,Wire,1391,2025-10-12 23:21:02.154432,0,6,4,0
8899,345.98,UK,Debit Card,4298,2025-09-30 00:36:02.154432,0,5,2,0
8900,907.9,USA,Credit Card,5553,2025-09-09 13:46:02.154432,0,6,0,0
8901,1383.24,Japan,UPI,4143,2025-10-04 13:40:02.154432,0,2,3,0
8902,242.46,USA,Credit Card,3559,2025-10-02 13:29:02.154432,0,6,0,0
8903,701.25,Nigeria,Credit Card,9997,2025-09-16 13:00:02.154432,1,3,0,0
8904,1024.92,India,Credit Card,2095,2025-10-14 04:29:02.154432,0,1,0,0
8905,602.02,USA,Credit Card,6894,2025-10-01 19:01:02.154432,0,6,0,0
8906,856.68,Japan,Crypto,5141,2025-10-13 10:16:02.154432,0,2,1,0
8907,172.72,UK,Debit Card,5688,2025-09-19 19:20:02.154432,0,5,2,0
8908,1409.13,Germany,Debit Card,9964,2025-09-09 02:56:02.154432,0,0,2,0
8909,910.96,India,UPI,5577,2025-10-13 15:19:02.154432,0,1,3,0
8910,752.9,India,Crypto,6528,2025-10-04 06:40:02.154432,0,1,1,0
8911,975.74,India,Crypto,2198,2025-09-21 23:26:02.154432,0,1,1,0
8912,393.68,UK,Debit Card,5750,2025-09-08 20:43:02.154432,0,5,2,0
8913,204.7,USA,UPI,8871,2025-10-06 13:46:02.154432,0,6,3,0
8914,164.09,USA,Crypto,6790,2025-09-07 06:51:02.154432,0,6,1,0
8915,140.42,USA,UPI,4038,2025-09-07 10:49:02.154432,0,6,3,0
8916,694.06,USA,Debit Card,7830,2025-09-27 05:49:02.154432,0,6,2,0
8917,358.55,India,Credit Card,9255,2025-09-24 20:48:02.154432,0,1,0,0
8918,1350.41,Germany,Crypto,1049,2025-10-06 06:59:02.154432,0,0,1,0
8919,1165.17,India,UPI,7179,2025-10-17 23:49:02.154432,0,1,3,0
8920,5335.073579230846,Germany,Credit Card,9997,2025-09-18 06:02:02.154432,1,0,0,1
8921,771.24,Germany,Debit Card,9696,2025-10-11 20:44:02.154432,0,0,2,0
8922,279.5,USA,Wire,2591,2025-09-24 04:24:02.154432,0,6,4,0
8923,325.37,Japan,Crypto,5344,2025-10-01 06:35:02.154432,0,2,1,0
8924,278.36,UK,Crypto,1733,2025-09-21 07:48:02.154432,0,5,1,0
8925,198.6,Japan,UPI,6956,2025-09-08 10:34:02.154432,0,2,3,0
8926,459.11,Germany,Debit Card,3852,2025-10-15 01:11:02.154432,0,0,2,0
8927,1015.49,Japan,Debit Card,1467,2025-09-21 06:36:02.154432,0,2,2,0
8928,436.29,Germany,Crypto,3808,2025-09-07 22:58:02.154432,0,0,1,0
8929,266.11,India,Crypto,9701,2025-10-03 04:42:02.154432,0,1,1,0
8930,436.59,India,UPI,8561,2025-09-27 07:54:02.154432,0,1,3,0
8931,569.07,USA,UPI,6559,2025-09-29 14:43:02.154432,0,6,3,0
8932,334.23,UK,Wire,3773,2025-09-21 17:04:02.154432,0,5,4,0
8933,462.04,India,Credit Card,3857,2025-10-10 06:50:02.154432,0,1,0,0
8934,2476.04,UK,UPI,4229,2025-10-10 13:32:02.154432,0,5,3,1
8935,136.03,USA,Credit Card,4165,2025-10-04 23:26:02.154432,0,6,0,0
8936,56.82,UK,Crypto,6909,2025-09-12 21:12:02.154432,0,5,1,0
8937,538.85,India,Wire,2509,2025-09-23 04:38:02.154432,0,1,4,0
8938,671.26,India,Wire,4510,2025-10-18 14:50:02.154432,0,1,4,0
8939,444.19,Japan,Wire,1165,2025-10-03 13:55:02.154432,0,2,4,0
8940,215.03,Japan,Debit Card,4526,2025-10-13 03:18:02.154432,0,2,2,0
8941,1334.26,Japan,Crypto,5003,2025-09-08 23:55:02.154432,0,2,1,0
8942,514.85,UK,Debit Card,6514,2025-09-09 20:59:02.154432,0,5,2,0
8943,557.89,India,Debit Card,2414,2025-10-02 04:59:02.154432,0,1,2,0
8944,896.26,USA,Wire,4153,2025-09-16 03:27:02.154432,0,6,4,0
8945,429.79,Germany,Debit Card,7689,2025-09-15 10:16:02.154432,0,0,2,0
8946,398.92,India,Crypto,9254,2025-10-08 18:25:02.154432,0,1,1,0
8947,1334.22,Japan,Crypto,3749,2025-09-25 02:46:02.154432,0,2,1,0
8948,97.22,Japan,Debit Card,4974,2025-10-13 05:21:02.154432,0,2,2,0
8949,645.41,UK,Crypto,4857,2025-10-09 14:49:02.154432,0,5,1,0
8950,604.03,Japan,Credit Card,5403,2025-09-16 07:14:02.154432,0,2,0,0
8951,355.36,UK,Debit Card,8672,2025-10-05 04:15:02.154432,0,5,2,0
8952,444.77,USA,Wire,2828,2025-10-08 20:45:02.154432,0,6,4,0
8953,1256.09,Japan,Wire,9289,2025-10-13 15:02:02.154432,0,2,4,0
8954,248.21,UK,Crypto,9038,2025-09-28 03:58:02.154432,0,5,1,0
8955,855.2,Japan,Crypto,4455,2025-09-30 04:27:02.154432,0,2,1,0
8956,502.78,UK,Wire,8503,2025-10-04 12:47:02.154432,0,5,4,0
8957,791.94,India,Credit Card,3637,2025-09-11 08:25:02.154432,0,1,0,0
8958,679.55,UK,Wire,3024,2025-09-17 15:12:02.154432,0,5,4,0
8959,52.7,Germany,Debit Card,6151,2025-09-19 00:47:02.154432,0,0,2,0
8960,242.96,USA,Wire,3981,2025-09-14 10:49:02.154432,0,6,4,0
8961,277.14,India,UPI,9870,2025-09-27 02:46:02.154432,0,1,3,0
8962,213.08,USA,Credit Card,2305,2025-09-20 09:58:02.154432,0,6,0,0
8963,308.71,India,Credit Card,4101,2025-10-12 00:50:02.154432,0,1,0,0
8964,556.92,Japan,Wire,8014,2025-09-20 08:10:02.154432,0,2,4,0
8965,956.41,UK,UPI,7839,2025-09-30 14:27:02.154432,0,5,3,0
8966,155.02,Japan,Debit Card,6684,2025-09-20 02:27:02.154432,0,2,2,0
8967,508.41,USA,Wire,4974,2025-10-14 02:49:02.154432,0,6,4,0
8968,620.63,USA,Debit Card,8115,2025-10-03 18:06:02.154432,0,6,2,0
8969,1085.42,India,UPI,3966,2025-10-18 05:14:02.154432,0,1,3,0
8970,1437.86,USA,Wire,6043,2025-09-28 07:54:02.154432,0,6,4,0
8971,427.58,UK,Wire,4220,2025-09-27 19:44:02.154432,0,5,4,0
8972,217.56,USA,Debit Card,2099,2025-09-08 09:31:02.154432,0,6,2,0
8973,651.48,Japan,Wire,6077,2025-10-04 19:20:02.154432,0,2,4,0
8974,227.08,UK,UPI,4652,2025-10-15 17:24:02.154432,0,5,3,0
8975,612.49,USA,Wire,5644,2025-09-18 10:29:02.154432,0,6,4,0
8976,265.67,Germany,Crypto,7204,2025-10-15 18:20:02.154432,0,0,1,0
8977,728.53,Germany,UPI,4202,2025-10-04 05:54:02.154432,0,0,3,0
8978,282.02,Japan,Credit Card,9704,2025-09-11 10:13:02.154432,0,2,0,0
8979,1349.22,India,Debit Card,5997,2025-09-19 12:25:02.154432,0,1,2,0
8980,504.34,India,UPI,7523,2025-10-16 11:35:02.154432,0,1,3,0
8981,108.78,USA,Credit Card,2862,2025-09-21 08:17:02.154432,0,6,0,0
8982,976.07,UK,Credit Card,7490,2025-09-29 08:32:02.154432,0,5,0,0
8983,432.79,India,UPI,8609,2025-10-08 17:43:02.154432,0,1,3,0
8984,768.72,Germany,Credit Card,4958,2025-10-16 14:16:02.154432,0,0,0,0
8985,988.89,India,Credit Card,5008,2025-09-22 11:00:02.154432,0,1,0,0
8986,525.13,Germany,Crypto,2976,2025-10-13 16:47:02.154432,0,0,1,0
8987,145.2,India,Wire,7470,2025-09-08 11:38:02.154432,0,1,4,0
8988,562.74,Japan,Crypto,1653,2025-10-15 09:47:02.154432,0,2,1,0
8989,1229.02,UK,Wire,6493,2025-10-08 11:06:02.154432,0,5,4,0
8990,464.05,USA,Credit Card,7286,2025-09-20 18:44:02.154432,0,6,0,0
8991,680.63,Germany,Wire,4793,2025-09-20 09:18:02.154432,0,0,4,0
8992,250.12,India,Crypto,7537,2025-09-22 16:37:02.154432,0,1,1,0
8993,121.34,USA,Debit Card,9674,2025-09-10 16:07:02.154432,0,6,2,0
8994,440.05,Germany,Debit Card,8130,2025-10-09 19:03:02.154432,0,0,2,0
8995,513.59,Germany,Wire,2660,2025-09-07 20:29:02.154432,0,0,4,0
8996,1070.37,Japan,Debit Card,1950,2025-09-14 23:44:02.154432,0,2,2,0
8997,538.96,India,UPI,9603,2025-10-10 23:03:02.154432,0,1,3,0
8998,1013.7,USA,Debit Card,1353,2025-10-04 19:58:02.154432,0,6,2,0
8999,350.73,India,Wire,3479,2025-09-21 19:12:02.154432,0,1,4,0
9000,141.16,India,Credit Card,5098,2025-10-10 20:36:02.154432,0,1,0,0
9001,708.83,UK,Crypto,8099,2025-09-28 00:01:02.154432,0,5,1,0
9002,1317.87,Germany,Debit Card,5080,2025-10-01 17:09:02.154432,0,0,2,0
9003,311.56,Germany,Wire,5226,2025-10-07 02:25:02.154432,0,0,4,0
9004,785.39,UK,Crypto,2098,2025-09-26 23:37:02.154432,0,5,1,0
9005,806.2,UK,UPI,2347,2025-09-21 20:30:02.154432,0,5,3,0
9006,425.12,India,Credit Card,2973,2025-09-11 23:09:02.154432,0,1,0,0
9007,831.69,Germany,Crypto,2023,2025-09-30 23:56:02.154432,0,0,1,0
9008,649.87,USA,Crypto,5255,2025-09-08 23:26:02.154432,0,6,1,0
9009,832.13,Japan,Wire,7160,2025-09-09 03:30:02.154432,0,2,4,0
9010,736.68,UK,UPI,5451,2025-09-09 06:13:02.154432,0,5,3,0
9011,468.69,USA,Debit Card,2055,2025-09-18 20:29:02.154432,0,6,2,0
9012,512.54,USA,UPI,3530,2025-10-10 16:04:02.154432,0,6,3,0
9013,1050.59,Ukraine,Credit Card,9997,2025-10-12 21:44:02.154432,1,7,0,1
9014,561.99,UK,Debit Card,3820,2025-10-01 08:22:02.154432,0,5,2,0
9015,277.23,USA,UPI,8825,2025-09-14 18:57:02.154432,0,6,3,0
9016,430.52,Japan,Credit Card,8682,2025-09-28 19:21:02.154432,0,2,0,0
9017,678.88,USA,Crypto,5891,2025-10-17 15:18:02.154432,0,6,1,0
9018,1005.66,Japan,Crypto,4009,2025-09-07 03:00:02.154432,0,2,1,0
9019,119.87,Japan,Crypto,1801,2025-09-27 15:39:02.154432,0,2,1,0
9020,412.62,Japan,Crypto,1341,2025-10-15 05:39:02.154432,0,2,1,0
9021,954.2,UK,Debit Card,5501,2025-09-19 22:33:02.154432,0,5,2,0
9022,247.38,Japan,Crypto,2309,2025-10-13 19:55:02.154432,0,2,1,0
9023,248.44,UK,Debit Card,7703,2025-09-27 23:27:02.154432,0,5,2,0
9024,507.89,USA,Debit Card,1576,2025-09-10 09:08:02.154432,0,6,2,0
9025,110.38,Japan,UPI,5316,2025-09-28 13:58:02.154432,0,2,3,0
9026,1558.6,Germany,Crypto,5028,2025-09-18 17:48:02.154432,0,0,1,0
9027,672.75,USA,Wire,3194,2025-10-04 10:45:02.154432,0,6,4,0
9028,783.34,Germany,Crypto,5050,2025-09-18 08:41:02.154432,0,0,1,0
9029,1100.19,Germany,Wire,6629,2025-10-03 18:58:02.154432,0,0,4,0
9030,2150.42,India,Crypto,6416,2025-09-23 14:56:02.154432,0,1,1,0
9031,469.98,UK,Debit Card,9682,2025-10-08 04:14:02.154432,0,5,2,0
9032,118.22,India,Crypto,7496,2025-10-15 20:07:02.154432,0,1,1,0
9033,630.15,UK,Crypto,6106,2025-10-13 15:03:02.154432,0,5,1,0
9034,261.11,India,Crypto,5965,2025-09-20 08:29:02.154432,0,1,1,0
9035,180.18,USA,Crypto,3481,2025-09-20 14:26:02.154432,0,6,1,0
9036,337.37,Germany,UPI,1739,2025-10-07 03:58:02.154432,0,0,3,0
9037,463.07,USA,UPI,1509,2025-10-08 11:17:02.154432,0,6,3,0
9038,1113.68,UK,Debit Card,1593,2025-09-19 23:09:02.154432,0,5,2,0
9039,1585.76,Germany,Debit Card,9946,2025-09-15 06:17:02.154432,0,0,2,0
9040,203.17,Germany,Wire,6293,2025-09-12 09:10:02.154432,0,0,4,0
9041,357.77,UK,Debit Card,4002,2025-09-08 12:07:02.154432,0,5,2,0
9042,758.52,USA,UPI,9006,2025-09-26 14:23:02.154432,0,6,3,0
9043,834.17,Germany,Debit Card,1104,2025-09-15 12:26:02.154432,0,0,2,0
9044,225.11,USA,Wire,5883,2025-09-14 02:06:02.154432,0,6,4,0
9045,955.29,USA,Wire,4822,2025-09-22 06:14:02.154432,0,6,4,0
9046,276.07,USA,UPI,8754,2025-10-10 02:31:02.154432,0,6,3,0
9047,216.94,Germany,Debit Card,6413,2025-10-18 12:48:02.154432,0,0,2,0
9048,735.7,Japan,Wire,3842,2025-09-10 11:25:02.154432,0,2,4,0
9049,1134.21,India,Debit Card,1392,2025-10-08 03:27:02.154432,0,1,2,0
9050,630.0,UK,Debit Card,7565,2025-09-24 05:12:02.154432,0,5,2,0
9051,554.72,USA,UPI,5976,2025-10-05 07:01:02.154432,0,6,3,0
9052,470.09,Germany,UPI,5313,2025-10-06 22:44:02.154432,0,0,3,0
9053,531.57,UK,Debit Card,3200,2025-09-23 19:05:02.154432,0,5,2,0
9054,421.1,Japan,Crypto,9881,2025-10-04 07:53:02.154432,0,2,1,0
9055,751.27,Japan,Crypto,7090,2025-10-15 00:20:02.154432,0,2,1,0
9056,531.92,Germany,Credit Card,2660,2025-09-23 14:29:02.154432,0,0,0,0
9057,2064.83,USA,Credit Card,4962,2025-09-13 09:46:02.154432,0,6,0,1
9058,649.1,Japan,Credit Card,8521,2025-09-29 14:45:02.154432,0,2,0,0
9059,421.73,Japan,UPI,7393,2025-09-11 10:55:02.154432,0,2,3,0
9060,205.92,Japan,Debit Card,6037,2025-10-05 08:10:02.154432,0,2,2,0
9061,230.84,Germany,Wire,7883,2025-09-19 04:42:02.154432,0,0,4,0
9062,669.03,UK,Debit Card,8312,2025-09-09 05:20:02.154432,0,5,2,0
9063,322.65,India,Debit Card,9025,2025-10-07 17:12:02.154432,0,1,2,0
9064,575.95,Ukraine,Credit Card,9990,2025-10-17 22:08:02.154432,1,7,0,0
9065,1178.99,USA,Debit Card,4330,2025-10-06 19:57:02.154432,0,6,2,0
9066,168.87,Germany,Credit Card,7627,2025-09-16 03:57:02.154432,0,0,0,0
9067,443.92,Germany,Debit Card,7977,2025-09-14 14:24:02.154432,0,0,2,0
9068,123.48,India,Wire,8379,2025-10-09 19:40:02.154432,0,1,4,0
9069,592.67,India,Crypto,4825,2025-09-09 07:51:02.154432,0,1,1,0
9070,137.97,India,Crypto,9742,2025-10-03 13:57:02.154432,0,1,1,0
9071,164.89,UK,UPI,2944,2025-09-27 15:49:02.154432,0,5,3,0
9072,1468.14,Germany,Wire,6469,2025-09-22 10:55:02.154432,0,0,4,0
9073,295.95,USA,Debit Card,9494,2025-10-06 15:50:02.154432,0,6,2,0
9074,216.49,India,Wire,9609,2025-09-27 15:46:02.154432,0,1,4,0
9075,1173.56,India,Debit Card,3115,2025-10-15 11:14:02.154432,0,1,2,0
9076,214.93,Germany,Wire,3104,2025-09-22 07:15:02.154432,0,0,4,0
9077,641.35,USA,Wire,6589,2025-09-27 12:38:02.154432,0,6,4,0
9078,654.92,India,Crypto,3646,2025-09-24 01:09:02.154432,0,1,1,0
9079,912.33,Germany,Wire,1829,2025-10-12 17:07:02.154432,0,0,4,0
9080,184.19,Japan,UPI,4110,2025-09-08 10:37:02.154432,0,2,3,0
9081,246.36,UK,Debit Card,6367,2025-09-25 15:56:02.154432,0,5,2,0
9082,299.03,Germany,Credit Card,2137,2025-10-08 12:14:02.154432,0,0,0,0
9083,256.48,India,Wire,6045,2025-09-12 09:47:02.154432,0,1,4,0
9084,870.54,USA,Credit Card,6242,2025-10-18 10:41:02.154432,0,6,0,0
9085,655.72,Japan,Crypto,3642,2025-10-10 16:09:02.154432,0,2,1,0
9086,729.98,USA,Credit Card,7356,2025-09-24 05:06:02.154432,0,6,0,0
9087,116.72,USA,UPI,1786,2025-09-16 20:26:02.154432,0,6,3,0
9088,581.57,USA,UPI,3549,2025-10-18 01:31:02.154432,0,6,3,0
9089,1302.1,Germany,Crypto,4246,2025-09-10 13:16:02.154432,0,0,1,0
9090,1893.6,Germany,UPI,6394,2025-10-13 05:21:02.154432,0,0,3,0
9091,342.32,UK,Debit Card,6355,2025-10-13 15:10:02.154432,0,5,2,0
9092,925.83,Japan,UPI,6665,2025-09-23 19:35:02.154432,0,2,3,0
9093,252.03,USA,Wire,6772,2025-09-29 16:23:02.154432,0,6,4,0
9094,121.6,India,UPI,4608,2025-10-16 22:12:02.154432,0,1,3,0
9095,129.7,USA,Debit Card,6216,2025-10-07 22:33:02.154432,0,6,2,0
9096,1185.68,Japan,Crypto,3068,2025-10-12 15:37:02.154432,0,2,1,0
9097,363.57,USA,UPI,3337,2025-10-12 22:23:02.154432,0,6,3,0
9098,307.28,Germany,Debit Card,2816,2025-10-04 15:03:02.154432,0,0,2,0
9099,849.25,Germany,Wire,6201,2025-10-07 07:42:02.154432,0,0,4,0
9100,159.12,Japan,Credit Card,2802,2025-09-11 17:52:02.154432,0,2,0,0
9101,706.64,UK,Credit Card,2810,2025-10-16 12:03:02.154432,0,5,0,0
9102,420.65,USA,Crypto,7049,2025-10-13 00:22:02.154432,0,6,1,0
9103,1775.75,Japan,Crypto,2921,2025-09-12 09:45:02.154432,0,2,1,0
9104,355.29,India,Credit Card,7429,2025-10-10 14:06:02.154432,0,1,0,0
9105,446.45,India,Credit Card,5716,2025-09-15 02:33:02.154432,0,1,0,0
9106,127.78,UK,Crypto,1727,2025-10-13 02:03:02.154432,0,5,1,0
9107,1957.85,Germany,Credit Card,9412,2025-09-09 04:46:02.154432,0,0,0,1
9108,375.53,Japan,UPI,5877,2025-09-16 04:02:02.154432,0,2,3,0
9109,1513.97,USA,Debit Card,9049,2025-09-11 01:15:02.154432,0,6,2,0
9110,90.8,Japan,Crypto,5172,2025-09-23 01:04:02.154432,0,2,1,0
9111,614.69,UK,Debit Card,8894,2025-10-18 01:04:02.154432,0,5,2,0
9112,1822.33,Japan,Wire,3652,2025-10-18 09:43:02.154432,0,2,4,0
9113,296.7,UK,Wire,9523,2025-10-15 22:43:02.154432,0,5,4,0
9114,584.48,UK,UPI,8461,2025-09-26 10:34:02.154432,0,5,3,0
9115,1212.81,Russia,Wire,9996,2025-09-19 15:04:02.154432,1,4,4,0
9116,379.75,Japan,Crypto,2404,2025-09-09 03:26:02.154432,0,2,1,0
9117,123.38,Vietnam,UPI,9998,2025-10-14 07:53:02.154432,1,8,3,1
9118,335.35,USA,UPI,6209,2025-10-12 11:16:02.154432,0,6,3,0
9119,620.85,UK,Crypto,1528,2025-09-19 17:47:02.154432,0,5,1,0
9120,615.62,Germany,Credit Card,2936,2025-10-03 13:50:02.154432,0,0,0,0
9121,816.75,UK,Debit Card,1740,2025-09-23 08:49:02.154432,0,5,2,0
9122,242.3,Japan,Crypto,4416,2025-09-08 08:47:02.154432,0,2,1,0
9123,1728.6,UK,Credit Card,2757,2025-10-16 20:22:02.154432,0,5,0,1
9124,249.66,Germany,Credit Card,2256,2025-09-29 18:00:02.154432,0,0,0,0
9125,531.54,India,Wire,2375,2025-10-10 21:03:02.154432,0,1,4,0
9126,637.57,Japan,UPI,9907,2025-09-15 21:34:02.154432,0,2,3,0
9127,593.31,Japan,UPI,9624,2025-10-03 19:34:02.154432,0,2,3,0
9128,185.43,Japan,Wire,9448,2025-09-13 10:21:02.154432,0,2,4,0
9129,1232.59,Germany,Wire,7540,2025-09-11 03:39:02.154432,0,0,4,0
9130,322.02,Japan,UPI,9116,2025-10-01 04:02:02.154432,0,2,3,0
9131,679.29,India,Crypto,3836,2025-10-10 14:24:02.154432,0,1,1,0
9132,580.4,USA,Crypto,3304,2025-10-07 06:27:02.154432,0,6,1,0
9133,578.56,USA,Crypto,8116,2025-10-14 07:38:02.154432,0,6,1,0
9134,112.41,UK,Crypto,7972,2025-09-24 07:03:02.154432,0,5,1,0
9135,299.43,USA,Wire,4842,2025-09-08 00:12:02.154432,0,6,4,0
9136,674.56,Germany,Debit Card,8580,2025-10-05 07:36:02.154432,0,0,2,0
9137,119.24,USA,Debit Card,5783,2025-09-12 10:20:02.154432,0,6,2,0
9138,419.26,Germany,UPI,2048,2025-10-04 13:56:02.154432,0,0,3,0
9139,542.41,Germany,Debit Card,6915,2025-10-16 11:41:02.154432,0,0,2,0
9140,788.44,UK,Crypto,8283,2025-10-15 23:04:02.154432,0,5,1,0
9141,533.84,USA,Wire,8773,2025-10-09 16:43:02.154432,0,6,4,0
9142,430.29,UK,Crypto,3984,2025-10-16 12:47:02.154432,0,5,1,0
9143,600.92,Japan,Credit Card,9927,2025-09-29 10:58:02.154432,0,2,0,0
9144,409.59,India,Wire,9116,2025-10-13 15:56:02.154432,0,1,4,0
9145,234.57,USA,Credit Card,9824,2025-10-17 00:41:02.154432,0,6,0,0
9146,332.31,Japan,Credit Card,9478,2025-10-02 16:43:02.154432,0,2,0,0
9147,668.35,Japan,UPI,2348,2025-09-13 05:30:02.154432,0,2,3,0
9148,433.28,UK,Credit Card,7343,2025-10-03 23:30:02.154432,0,5,0,0
9149,2331.47,UK,Debit Card,7094,2025-10-07 06:48:02.154432,0,5,2,0
9150,177.66,India,Debit Card,6932,2025-09-12 12:43:02.154432,0,1,2,0
9151,653.19,India,Credit Card,1178,2025-10-14 10:33:02.154432,0,1,0,0
9152,730.08,India,UPI,2911,2025-09-07 21:03:02.154432,0,1,3,0
9153,524.14,India,Credit Card,2499,2025-10-02 15:50:02.154432,0,1,0,0
9154,388.59,UK,Wire,5512,2025-10-09 19:43:02.154432,0,5,4,0
9155,491.45,Germany,Wire,3675,2025-09-13 09:04:02.154432,0,0,4,0
9156,494.0,UK,Wire,3170,2025-09-29 18:09:02.154432,0,5,4,0
9157,1398.54,Germany,Wire,3332,2025-10-10 11:48:02.154432,0,0,4,0
9158,81.63,UK,Credit Card,4989,2025-10-07 17:14:02.154432,0,5,0,0
9159,229.45,UK,Crypto,3754,2025-10-08 07:23:02.154432,0,5,1,0
9160,603.91,India,Crypto,3050,2025-09-23 19:37:02.154432,0,1,1,0
9161,1027.58,Germany,Wire,9453,2025-10-12 10:53:02.154432,0,0,4,0
9162,242.71,Japan,UPI,1331,2025-10-01 10:54:02.154432,0,2,3,0
9163,189.33,Japan,UPI,5356,2025-09-23 16:30:02.154432,0,2,3,0
9164,446.89,Japan,Credit Card,3819,2025-10-05 13:55:02.154432,0,2,0,0
9165,230.95,India,Crypto,5542,2025-09-14 13:06:02.154432,0,1,1,0
9166,449.5,Japan,Credit Card,5868,2025-09-18 00:02:02.154432,0,2,0,0
9167,235.08,UK,Debit Card,9124,2025-10-06 00:38:02.154432,0,5,2,0
9168,797.5,India,Wire,7622,2025-09-09 22:18:02.154432,0,1,4,0
9169,241.09,Japan,Debit Card,7583,2025-09-11 06:02:02.154432,0,2,2,0
9170,99.72,India,Debit Card,8077,2025-10-02 12:26:02.154432,0,1,2,0
9171,799.51,UK,UPI,7422,2025-10-02 04:22:02.154432,0,5,3,0
9172,499.39,India,Crypto,2158,2025-10-16 01:06:02.154432,0,1,1,0
9173,355.35,Japan,Wire,1293,2025-09-27 21:16:02.154432,0,2,4,0
9174,363.73,India,Credit Card,7348,2025-09-15 02:14:02.154432,0,1,0,0
9175,543.33,USA,Wire,6816,2025-09-27 01:34:02.154432,0,6,4,0
9176,189.85,Japan,Credit Card,9484,2025-10-14 19:41:02.154432,0,2,0,0
9177,138.05,UK,Credit Card,2161,2025-09-27 01:10:02.154432,0,5,0,0
9178,240.5,Germany,Crypto,9602,2025-09-28 11:36:02.154432,0,0,1,0
9179,389.7,India,Debit Card,1508,2025-09-23 01:57:02.154432,0,1,2,0
9180,223.56,India,Credit Card,6176,2025-09-23 10:06:02.154432,0,1,0,0
9181,1393.1,Japan,Crypto,5879,2025-09-08 00:00:02.154432,0,2,1,0
9182,240.61,Japan,Debit Card,2393,2025-09-07 20:52:02.154432,0,2,2,0
9183,514.18,USA,Debit Card,6531,2025-10-03 11:59:02.154432,0,6,2,0
9184,699.0,UK,Wire,1706,2025-09-24 10:47:02.154432,0,5,4,0
9185,1117.48,India,Wire,2298,2025-09-22 08:36:02.154432,0,1,4,0
9186,1539.56,India,Wire,8613,2025-10-13 18:12:02.154432,0,1,4,0
9187,1938.51,Germany,UPI,4858,2025-10-11 20:38:02.154432,0,0,3,0
9188,1080.94,India,Debit Card,4107,2025-09-30 15:04:02.154432,0,1,2,0
9189,969.5,India,UPI,5719,2025-09-13 23:02:02.154432,0,1,3,0
9190,201.75,USA,Wire,1740,2025-09-15 07:50:02.154432,0,6,4,0
9191,728.51,Germany,Crypto,4899,2025-10-16 02:42:02.154432,0,0,1,0
9192,407.01,India,Wire,6605,2025-10-01 23:51:02.154432,0,1,4,0
9193,410.4,India,Credit Card,2434,2025-10-10 11:27:02.154432,0,1,0,0
9194,357.14,UK,Crypto,6542,2025-09-11 02:42:02.154432,0,5,1,0
9195,197.6,India,Crypto,2321,2025-10-13 22:45:02.154432,0,1,1,0
9196,3109.0514003088174,USA,Debit Card,9997,2025-10-10 14:17:02.154432,1,6,2,1
9197,229.38,India,UPI,1175,2025-09-25 12:36:02.154432,0,1,3,0
9198,81.68,India,Credit Card,8070,2025-09-09 04:47:02.154432,0,1,0,0
9199,1234.42,Japan,Crypto,3471,2025-09-16 20:44:02.154432,0,2,1,0
9200,506.3,India,UPI,2439,2025-09-10 10:29:02.154432,0,1,3,0
9201,522.08,Germany,UPI,6938,2025-09-09 13:13:02.154432,0,0,3,0
9202,471.59,Japan,Credit Card,6147,2025-10-15 02:46:02.154432,0,2,0,0
9203,1023.46,Germany,Credit Card,1208,2025-10-01 09:49:02.154432,0,0,0,0
9204,558.7,Germany,Wire,1247,2025-10-13 15:12:02.154432,0,0,4,0
9205,1261.19,USA,Wire,3894,2025-09-19 22:17:02.154432,0,6,4,0
9206,2567.8659963382665,India,Crypto,9994,2025-09-07 07:48:02.154432,1,1,1,1
9207,267.86,Germany,Crypto,5080,2025-10-08 21:49:02.154432,0,0,1,0
9208,1135.33,India,Crypto,2746,2025-10-07 13:05:02.154432,0,1,1,0
9209,634.36,India,Wire,3561,2025-10-02 22:38:02.154432,0,1,4,0
9210,463.3,USA,Crypto,2117,2025-09-12 11:24:02.154432,0,6,1,0
9211,943.55,USA,Crypto,3969,2025-09-09 16:28:02.154432,0,6,1,0
9212,510.53,Germany,Wire,3854,2025-09-30 04:18:02.154432,0,0,4,0
9213,829.04,Germany,Wire,6786,2025-09-15 09:09:02.154432,0,0,4,0
9214,169.77,Japan,Crypto,7320,2025-10-13 15:13:02.154432,0,2,1,0
9215,519.16,India,Crypto,4202,2025-09-24 08:56:02.154432,0,1,1,0
9216,283.7,India,UPI,1297,2025-09-26 15:06:02.154432,0,1,3,0
9217,1894.46,USA,Debit Card,3663,2025-10-05 14:40:02.154432,0,6,2,0
9218,1203.43,USA,Wire,3315,2025-10-15 17:13:02.154432,0,6,4,0
9219,583.85,Germany,Debit Card,5595,2025-09-29 18:44:02.154432,0,0,2,0
9220,1129.68,Japan,Wire,8959,2025-10-01 14:34:02.154432,0,2,4,0
9221,288.12,Japan,UPI,8707,2025-10-11 08:27:02.154432,0,2,3,0
9222,344.6,USA,Debit Card,4558,2025-09-30 20:12:02.154432,0,6,2,0
9223,64.01,USA,UPI,4428,2025-09-16 14:42:02.154432,0,6,3,0
9224,799.49,Japan,Credit Card,5741,2025-09-30 01:31:02.154432,0,2,0,0
9225,55.67,Japan,Debit Card,2004,2025-09-19 18:43:02.154432,0,2,2,0
9226,316.07,Germany,Debit Card,3593,2025-10-02 04:36:02.154432,0,0,2,0
9227,164.67,Japan,Debit Card,3770,2025-09-10 18:53:02.154432,0,2,2,0
9228,1006.46,India,Credit Card,6817,2025-10-02 06:20:02.154432,0,1,0,0
9229,1774.58,Japan,Credit Card,6063,2025-09-27 06:12:02.154432,0,2,0,0
9230,890.46,UK,UPI,4402,2025-10-01 02:35:02.154432,0,5,3,0
9231,784.48,Japan,Credit Card,3740,2025-09-29 01:40:02.154432,0,2,0,0
9232,588.75,USA,Wire,9094,2025-09-23 22:48:02.154432,0,6,4,0
9233,551.27,USA,Crypto,7170,2025-09-21 05:20:02.154432,0,6,1,0
9234,245.67,UK,Debit Card,4183,2025-09-23 01:04:02.154432,0,5,2,0
9235,114.66,India,UPI,8984,2025-10-06 20:35:02.154432,0,1,3,0
9236,542.67,Japan,UPI,8304,2025-10-02 21:18:02.154432,0,2,3,0
9237,640.38,Japan,UPI,5742,2025-10-10 10:35:02.154432,0,2,3,0
9238,637.44,UK,UPI,4852,2025-09-28 09:20:02.154432,0,5,3,0
9239,705.48,Germany,Debit Card,7665,2025-10-03 15:25:02.154432,0,0,2,0
9240,842.08,Germany,UPI,2502,2025-10-05 06:51:02.154432,0,0,3,0
9241,525.22,India,Debit Card,2636,2025-10-11 00:52:02.154432,0,1,2,0
9242,224.63,Japan,UPI,2809,2025-09-27 15:02:02.154432,0,2,3,0
9243,688.56,Japan,UPI,9458,2025-10-07 07:25:02.154432,0,2,3,0
9244,805.57,Japan,Crypto,5873,2025-10-07 03:55:02.154432,0,2,1,0
9245,395.05,USA,Wire,1667,2025-09-07 22:46:02.154432,0,6,4,0
9246,807.5,Germany,Credit Card,8380,2025-09-24 07:43:02.154432,0,0,0,0
9247,547.04,UK,Credit Card,8476,2025-09-20 08:52:02.154432,0,5,0,0
9248,195.7,USA,Credit Card,9245,2025-09-25 01:44:02.154432,0,6,0,0
9249,2174.48,USA,Wire,3821,2025-10-16 19:49:02.154432,0,6,4,1
9250,379.31,Germany,Debit Card,4945,2025-09-11 13:48:02.154432,0,0,2,0
9251,209.69,Japan,Credit Card,5490,2025-09-23 06:10:02.154432,0,2,0,0
9252,281.14,India,Credit Card,5607,2025-10-18 06:37:02.154432,0,1,0,0
9253,38.16,UK,Credit Card,9992,2025-09-10 12:38:02.154432,0,5,0,0
9254,404.62,Germany,Debit Card,5420,2025-09-26 22:48:02.154432,0,0,2,0
9255,1245.05,India,Wire,3026,2025-09-09 14:17:02.154432,0,1,4,0
9256,581.99,Germany,Wire,9365,2025-09-14 08:07:02.154432,0,0,4,0
9257,258.27,Germany,Debit Card,7348,2025-09-29 21:12:02.154432,0,0,2,0
9258,483.32,Germany,Crypto,1054,2025-10-15 07:27:02.154432,0,0,1,0
9259,486.64,Germany,UPI,6866,2025-09-25 20:36:02.154432,0,0,3,0
9260,387.47,Japan,Debit Card,9901,2025-09-20 16:54:02.154432,0,2,2,0
9261,963.49,USA,UPI,8474,2025-10-12 08:21:02.154432,0,6,3,0
9262,645.91,Germany,Wire,8448,2025-09-12 04:50:02.154432,0,0,4,0
9263,218.93,India,UPI,2814,2025-09-27 13:19:02.154432,0,1,3,0
9264,945.01,India,Credit Card,8147,2025-10-01 02:45:02.154432,0,1,0,0
9265,1166.73,India,UPI,5236,2025-09-08 08:15:02.154432,0,1,3,0
9266,660.98,USA,UPI,8112,2025-10-09 02:10:02.154432,0,6,3,0
9267,419.87,USA,Wire,5253,2025-09-15 20:14:02.154432,0,6,4,0
9268,324.61,India,Crypto,1104,2025-09-20 05:47:02.154432,0,1,1,0
9269,1435.74,Japan,UPI,5384,2025-10-07 16:35:02.154432,0,2,3,0
9270,623.76,USA,Wire,8861,2025-09-10 06:01:02.154432,0,6,4,0
9271,537.6,USA,Credit Card,2208,2025-09-09 12:12:02.154432,0,6,0,0
9272,177.29,Japan,UPI,3995,2025-09-12 13:09:02.154432,0,2,3,0
9273,238.93,Germany,UPI,8642,2025-10-12 19:59:02.154432,0,0,3,0
9274,133.26,USA,Credit Card,5320,2025-09-14 07:41:02.154432,0,6,0,0
9275,415.22,India,Debit Card,2906,2025-09-20 17:53:02.154432,0,1,2,0
9276,318.74,India,Crypto,2710,2025-09-15 12:44:02.154432,0,1,1,0
9277,557.21,Japan,Credit Card,5179,2025-09-11 20:00:02.154432,0,2,0,0
9278,1067.6,India,Credit Card,3139,2025-10-09 15:45:02.154432,0,1,0,0
9279,810.72,UK,Credit Card,1007,2025-09-29 19:49:02.154432,0,5,0,0
9280,924.72,India,Debit Card,4645,2025-10-08 21:20:02.154432,0,1,2,0
9281,1049.52,Japan,Credit Card,8221,2025-10-13 13:30:02.154432,0,2,0,0
9282,256.58,Japan,Debit Card,8330,2025-09-14 03:21:02.154432,0,2,2,0
9283,363.28,Japan,Crypto,9670,2025-09-23 12:04:02.154432,0,2,1,0
9284,323.37,UK,Debit Card,6390,2025-09-18 12:57:02.154432,0,5,2,0
9285,840.28,USA,Crypto,3014,2025-10-11 13:59:02.154432,0,6,1,0
9286,171.8,Germany,Crypto,8428,2025-10-09 07:21:02.154432,0,0,1,0
9287,1284.76,India,Crypto,8125,2025-10-12 14:44:02.154432,0,1,1,0
9288,352.19,USA,Wire,2627,2025-10-08 00:51:02.154432,0,6,4,0
9289,183.51,Japan,Crypto,5724,2025-10-11 21:06:02.154432,0,2,1,0
9290,364.37,USA,Debit Card,8525,2025-10-02 17:02:02.154432,0,6,2,0
9291,384.36,USA,Wire,2242,2025-09-08 04:44:02.154432,0,6,4,0
9292,429.23,UK,Credit Card,6584,2025-09-29 14:11:02.154432,0,5,0,0
9293,444.62,Japan,Credit Card,8588,2025-09-21 00:25:02.154432,0,2,0,0
9294,1042.98,Japan,UPI,6476,2025-10-06 00:20:02.154432,0,2,3,0
9295,631.87,India,Crypto,8218,2025-09-18 02:50:02.154432,0,1,1,0
9296,181.31,India,UPI,9128,2025-09-12 13:07:02.154432,0,1,3,0
9297,378.14,India,Crypto,6789,2025-10-17 10:09:02.154432,0,1,1,0
9298,315.37,India,Crypto,4184,2025-09-29 10:32:02.154432,0,1,1,0
9299,520.78,USA,Debit Card,9618,2025-09-30 08:18:02.154432,0,6,2,0
9300,466.63,USA,Debit Card,3545,2025-10-06 07:23:02.154432,0,6,2,0
9301,1552.83,India,Credit Card,2315,2025-10-01 18:53:02.154432,0,1,0,0
9302,921.92,India,Wire,7489,2025-09-21 00:43:02.154432,0,1,4,0
9303,756.93,India,Credit Card,9702,2025-09-18 10:42:02.154432,0,1,0,0
9304,57.78,Germany,Crypto,9632,2025-10-11 00:11:02.154432,0,0,1,0
9305,896.79,India,Wire,6865,2025-09-12 13:48:02.154432,0,1,4,0
9306,86.64,Germany,UPI,7122,2025-10-05 07:33:02.154432,0,0,3,0
9307,340.11,India,Crypto,3769,2025-10-07 01:36:02.154432,0,1,1,0
9308,376.69,Japan,Debit Card,7371,2025-09-30 23:57:02.154432,0,2,2,0
9309,1016.0,UK,Credit Card,4044,2025-09-08 05:06:02.154432,0,5,0,0
9310,211.5,USA,Credit Card,6209,2025-10-15 00:51:02.154432,0,6,0,0
9311,430.14,Japan,UPI,9587,2025-10-18 03:52:02.154432,0,2,3,0
9312,144.61,UK,Credit Card,1827,2025-10-08 10:43:02.154432,0,5,0,0
9313,715.72,Germany,Credit Card,8828,2025-09-20 19:12:02.154432,0,0,0,0
9314,342.97,USA,Wire,8503,2025-09-26 14:52:02.154432,0,6,4,0
9315,562.75,Germany,Crypto,8331,2025-10-02 01:25:02.154432,0,0,1,0
9316,20.93,Germany,Wire,4004,2025-09-13 09:36:02.154432,0,0,4,0
9317,189.72,USA,Wire,5660,2025-10-07 18:17:02.154432,0,6,4,0
9318,4811.414723659183,UK,Credit Card,9996,2025-10-01 17:30:02.154432,1,5,0,1
9319,789.08,USA,Crypto,1502,2025-09-27 17:32:02.154432,0,6,1,0
9320,1295.88,India,Credit Card,5429,2025-09-30 12:32:02.154432,0,1,0,0
9321,1172.1,Germany,Credit Card,5586,2025-09-26 01:55:02.154432,0,0,0,0
9322,303.03,India,Wire,6726,2025-10-06 06:08:02.154432,0,1,4,0
9323,555.73,USA,Debit Card,3048,2025-09-08 09:30:02.154432,0,6,2,0
9324,851.06,USA,Debit Card,6479,2025-09-16 18:58:02.154432,0,6,2,0
9325,623.15,UK,Wire,3674,2025-10-11 17:31:02.154432,0,5,4,0
9326,379.6,Germany,Wire,8720,2025-10-12 12:52:02.154432,0,0,4,0
9327,573.91,Japan,Credit Card,4502,2025-09-08 18:12:02.154432,0,2,0,0
9328,1233.17,USA,Crypto,4610,2025-10-04 03:18:02.154432,0,6,1,0
9329,482.88,Japan,Credit Card,3170,2025-09-28 11:04:02.154432,0,2,0,0
9330,726.19,Germany,Credit Card,2242,2025-10-05 21:42:02.154432,0,0,0,0
9331,602.02,India,UPI,2439,2025-09-11 14:21:02.154432,0,1,3,0
9332,289.24,Germany,Credit Card,9106,2025-09-12 17:53:02.154432,0,0,0,0
9333,1011.94,UK,Crypto,4276,2025-10-11 03:19:02.154432,0,5,1,0
9334,493.57,Japan,Credit Card,4873,2025-10-14 19:06:02.154432,0,2,0,0
9335,376.02,Japan,Wire,9581,2025-10-07 07:33:02.154432,0,2,4,0
9336,597.03,India,Crypto,7447,2025-10-07 15:50:02.154432,0,1,1,0
9337,1091.72,India,Wire,9174,2025-10-08 13:57:02.154432,0,1,4,0
9338,569.68,USA,UPI,2702,2025-09-16 21:29:02.154432,0,6,3,0
9339,561.95,Germany,UPI,2535,2025-09-24 06:52:02.154432,0,0,3,0
9340,710.01,UK,Crypto,8942,2025-09-10 11:09:02.154432,0,5,1,0
9341,831.66,USA,Debit Card,6067,2025-10-03 04:50:02.154432,0,6,2,0
9342,409.02,Germany,Debit Card,5321,2025-10-16 04:03:02.154432,0,0,2,0
9343,450.35,India,Crypto,3560,2025-09-07 06:10:02.154432,0,1,1,0
9344,385.35,UK,Crypto,8153,2025-10-01 03:50:02.154432,0,5,1,0
9345,705.54,India,Wire,1028,2025-09-28 03:42:02.154432,0,1,4,0
9346,493.25,India,UPI,4583,2025-10-08 13:44:02.154432,0,1,3,0
9347,512.25,Japan,Crypto,6108,2025-10-15 19:38:02.154432,0,2,1,0
9348,525.01,Germany,Credit Card,8521,2025-09-18 20:05:02.154432,0,0,0,0
9349,165.21,USA,Wire,5820,2025-09-18 10:04:02.154432,0,6,4,0
9350,783.02,Japan,UPI,7615,2025-09-18 03:01:02.154432,0,2,3,0
9351,398.72,Germany,Wire,7458,2025-09-14 04:47:02.154432,0,0,4,0
9352,497.66,Germany,UPI,6407,2025-09-09 18:59:02.154432,0,0,3,0
9353,345.4,Vietnam,Credit Card,9992,2025-09-13 17:12:02.154432,1,8,0,1
9354,210.97,UK,UPI,5426,2025-10-14 02:43:02.154432,0,5,3,0
9355,1748.9920304320308,Japan,Wire,9997,2025-09-26 21:13:02.154432,1,2,4,0
9356,6483.981059769409,USA,UPI,9990,2025-10-08 10:58:02.154432,1,6,3,1
9357,2151.11,Japan,Wire,9576,2025-09-20 23:51:02.154432,0,2,4,1
9358,322.18,India,Crypto,6697,2025-09-28 10:57:02.154432,0,1,1,0
9359,872.57,Germany,Credit Card,4582,2025-09-27 09:53:02.154432,0,0,0,0
9360,392.43,India,Wire,8197,2025-10-13 07:01:02.154432,0,1,4,0
9361,925.12,Japan,Debit Card,7551,2025-10-13 22:53:02.154432,0,2,2,0
9362,752.94,USA,Debit Card,6085,2025-09-23 17:11:02.154432,0,6,2,0
9363,326.06,India,UPI,6162,2025-09-24 22:07:02.154432,0,1,3,0
9364,195.24,India,Crypto,6638,2025-09-18 04:43:02.154432,0,1,1,0
9365,143.0,UK,Crypto,4115,2025-10-15 18:55:02.154432,0,5,1,0
9366,987.66,Japan,Debit Card,6657,2025-10-14 05:10:02.154432,0,2,2,0
9367,244.2,India,UPI,2386,2025-10-16 13:51:02.154432,0,1,3,0
9368,973.16,Japan,Crypto,6240,2025-09-19 04:38:02.154432,0,2,1,0
9369,516.46,USA,Crypto,2598,2025-09-27 00:47:02.154432,0,6,1,0
9370,413.77,India,UPI,2982,2025-10-04 13:19:02.154432,0,1,3,0
9371,830.26,USA,Wire,8478,2025-09-10 22:43:02.154432,0,6,4,0
9372,394.16,India,Debit Card,1312,2025-09-21 05:22:02.154432,0,1,2,0
9373,777.78,Germany,Crypto,6236,2025-10-16 20:36:02.154432,0,0,1,0
9374,326.33,UK,Wire,4859,2025-09-29 22:47:02.154432,0,5,4,0
9375,1221.18,UK,Wire,7037,2025-09-23 02:56:02.154432,0,5,4,0
9376,286.95,UK,Wire,6297,2025-09-18 17:11:02.154432,0,5,4,0
9377,785.57,USA,Wire,3164,2025-10-04 06:47:02.154432,0,6,4,0
9378,1076.85,Japan,Credit Card,2699,2025-09-13 13:50:02.154432,0,2,0,0
9379,11.93,UK,Credit Card,2778,2025-09-25 18:31:02.154432,0,5,0,0
9380,733.17,India,UPI,5269,2025-09-10 04:57:02.154432,0,1,3,0
9381,291.49,India,Debit Card,1748,2025-10-17 19:14:02.154432,0,1,2,0
9382,826.83,Germany,UPI,7298,2025-09-16 23:24:02.154432,0,0,3,0
9383,603.09,USA,Credit Card,6778,2025-10-07 00:07:02.154432,0,6,0,0
9384,716.4,India,UPI,2807,2025-10-17 00:30:02.154432,0,1,3,0
9385,488.89,India,UPI,7453,2025-09-30 01:29:02.154432,0,1,3,0
9386,1124.16,Germany,Wire,4796,2025-09-07 21:51:02.154432,0,0,4,0
9387,149.19,Germany,Crypto,9178,2025-10-12 11:09:02.154432,0,0,1,0
9388,1045.04,Japan,Credit Card,8904,2025-10-03 18:21:02.154432,0,2,0,0
9389,330.57,Japan,Credit Card,4422,2025-09-19 06:27:02.154432,0,2,0,0
9390,81.12,Japan,UPI,3209,2025-10-15 11:19:02.154432,0,2,3,0
9391,531.5,India,Crypto,3738,2025-10-17 05:32:02.154432,0,1,1,0
9392,300.42,Germany,UPI,9483,2025-10-17 18:10:02.154432,0,0,3,0
9393,697.58,USA,Debit Card,3740,2025-09-08 05:27:02.154432,0,6,2,0
9394,3656.9193292928358,Japan,Credit Card,9992,2025-10-11 09:08:02.154432,1,2,0,1
9395,455.37,UK,Wire,3435,2025-10-03 15:30:02.154432,0,5,4,0
9396,720.3,India,Wire,3827,2025-10-02 00:07:02.154432,0,1,4,0
9397,629.54,USA,Wire,9372,2025-09-25 06:49:02.154432,0,6,4,0
9398,524.46,India,Credit Card,6180,2025-09-27 16:34:02.154432,0,1,0,0
9399,444.37,Japan,Credit Card,3743,2025-09-29 21:56:02.154432,0,2,0,0
9400,348.26,India,Wire,6896,2025-10-08 19:58:02.154432,0,1,4,0
9401,1562.57,Japan,Credit Card,2135,2025-10-14 00:10:02.154432,0,2,0,1
9402,506.58,India,Wire,2710,2025-09-29 10:17:02.154432,0,1,4,0
9403,650.37,Japan,Debit Card,3344,2025-09-09 13:17:02.154432,0,2,2,0
9404,801.03,Germany,Debit Card,5786,2025-10-14 14:21:02.154432,0,0,2,0
9405,416.49,Germany,Debit Card,8284,2025-09-29 06:18:02.154432,0,0,2,0
9406,683.29,Germany,UPI,4974,2025-10-09 05:26:02.154432,0,0,3,0
9407,1471.05,Germany,UPI,8194,2025-09-22 02:23:02.154432,0,0,3,0
9408,286.33,Germany,Crypto,4503,2025-09-27 21:59:02.154432,0,0,1,0
9409,1470.68,UK,Crypto,3358,2025-09-12 23:55:02.154432,0,5,1,0
9410,840.72,India,Crypto,8870,2025-09-10 06:10:02.154432,0,1,1,0
9411,327.12,Germany,Debit Card,8018,2025-10-14 08:37:02.154432,0,0,2,0
9412,272.28,UK,Debit Card,9581,2025-10-13 23:10:02.154432,0,5,2,0
9413,1465.27,UK,Debit Card,9095,2025-09-22 10:36:02.154432,0,5,2,0
9414,996.72,India,Credit Card,8629,2025-09-11 09:48:02.154432,0,1,0,0
9415,466.05,India,Credit Card,7149,2025-09-12 07:05:02.154432,0,1,0,0
9416,359.7,Japan,Debit Card,7846,2025-09-12 21:20:02.154432,0,2,2,0
9417,328.21,Japan,Wire,4058,2025-09-30 22:35:02.154432,0,2,4,0
9418,449.23,Germany,Crypto,5625,2025-09-29 08:44:02.154432,0,0,1,0
9419,481.45,USA,UPI,1158,2025-10-10 11:30:02.154432,0,6,3,0
9420,581.26,Japan,Crypto,9421,2025-10-10 08:34:02.154432,0,2,1,0
9421,238.79,USA,Wire,6625,2025-09-18 22:45:02.154432,0,6,4,0
9422,317.02,Japan,Credit Card,5787,2025-09-24 13:41:02.154432,0,2,0,0
9423,432.39,UK,Debit Card,2680,2025-09-22 02:20:02.154432,0,5,2,0
9424,1831.39,UK,Credit Card,7302,2025-10-01 14:49:02.154432,0,5,0,1
9425,626.6,UK,Credit Card,2295,2025-09-07 05:27:02.154432,0,5,0,0
9426,168.4,USA,Wire,7824,2025-10-09 07:51:02.154432,0,6,4,0
9427,249.01,Germany,Credit Card,4876,2025-09-09 02:54:02.154432,0,0,0,0
9428,1453.51,Japan,Credit Card,3984,2025-09-12 20:31:02.154432,0,2,0,0
9429,1130.33,Japan,Crypto,5916,2025-09-08 12:25:02.154432,0,2,1,0
9430,390.48,USA,Crypto,2823,2025-09-21 15:30:02.154432,0,6,1,0
9431,730.15,UK,Wire,3328,2025-10-12 09:20:02.154432,0,5,4,0
9432,673.38,Germany,Debit Card,9550,2025-10-01 20:47:02.154432,0,0,2,0
9433,518.31,Japan,Crypto,8781,2025-09-16 14:49:02.154432,0,2,1,0
9434,275.05,Germany,Credit Card,8973,2025-09-24 21:14:02.154432,0,0,0,0
9435,108.98,Germany,UPI,6211,2025-10-14 21:17:02.154432,0,0,3,0
9436,927.36,India,Crypto,3894,2025-10-03 17:51:02.154432,0,1,1,0
9437,684.18,Vietnam,UPI,9991,2025-09-27 22:31:02.154432,1,8,3,1
9438,278.73,India,Debit Card,5096,2025-10-10 13:58:02.154432,0,1,2,0
9439,1098.05,USA,Credit Card,5041,2025-09-12 15:55:02.154432,0,6,0,0
9440,1417.19,UK,Crypto,6410,2025-09-29 13:22:02.154432,0,5,1,0
9441,611.93,India,Debit Card,2269,2025-10-11 09:21:02.154432,0,1,2,0
9442,504.5,Germany,Wire,2263,2025-09-25 15:55:02.154432,0,0,4,0
9443,140.73,UK,Debit Card,7624,2025-09-09 04:30:02.154432,0,5,2,0
9444,453.47,Germany,Wire,7797,2025-09-26 13:35:02.154432,0,0,4,0
9445,220.92,Germany,Wire,6636,2025-09-27 16:22:02.154432,0,0,4,0
9446,472.47,India,Crypto,1847,2025-10-09 20:03:02.154432,0,1,1,0
9447,1021.32,USA,UPI,5884,2025-09-27 23:57:02.154432,0,6,3,0
9448,797.95,Germany,Wire,3361,2025-10-11 00:54:02.154432,0,0,4,0
9449,1118.64,India,Credit Card,3186,2025-10-12 17:37:02.154432,0,1,0,0
9450,425.62,Germany,Crypto,1497,2025-10-13 15:47:02.154432,0,0,1,0
9451,178.11,UK,Wire,3168,2025-09-10 09:16:02.154432,0,5,4,0
9452,412.33,USA,Crypto,7608,2025-10-12 19:51:02.154432,0,6,1,0
9453,613.78,Germany,Credit Card,8133,2025-09-07 18:30:02.154432,0,0,0,0
9454,1151.05,USA,Crypto,8053,2025-09-26 15:12:02.154432,0,6,1,0
9455,904.64,USA,Crypto,3411,2025-10-03 07:55:02.154432,0,6,1,0
9456,120.45,UK,Wire,1663,2025-09-25 08:39:02.154432,0,5,4,0
9457,600.41,UK,Debit Card,1966,2025-09-09 23:28:02.154432,0,5,2,0
9458,1015.06,Japan,Crypto,9741,2025-10-10 14:50:02.154432,0,2,1,0
9459,1204.3,USA,Wire,5842,2025-10-09 21:17:02.154432,0,6,4,0
9460,1067.5,Germany,Credit Card,1892,2025-10-05 15:32:02.154432,0,0,0,0
9461,304.08,UK,Credit Card,3433,2025-09-23 14:41:02.154432,0,5,0,0
9462,316.6,Germany,Debit Card,2190,2025-09-08 13:17:02.154432,0,0,2,0
9463,1562.86,USA,Credit Card,2737,2025-10-09 14:10:02.154432,0,6,0,1
9464,370.19,UK,Wire,9845,2025-09-07 17:17:02.154432,0,5,4,0
9465,1403.85,Japan,Debit Card,7027,2025-09-29 05:19:02.154432,0,2,2,0
9466,251.2,Russia,Wire,9998,2025-09-10 17:10:02.154432,1,4,4,0
9467,472.08,Germany,Debit Card,1434,2025-09-22 12:00:02.154432,0,0,2,0
9468,75.75,Japan,Debit Card,2271,2025-10-13 17:40:02.154432,0,2,2,0
9469,447.89,USA,Wire,5582,2025-10-06 03:52:02.154432,0,6,4,0
9470,270.47,UK,Debit Card,7843,2025-10-07 10:31:02.154432,0,5,2,0
9471,801.79,USA,Wire,6189,2025-10-05 17:53:02.154432,0,6,4,0
9472,797.33,India,Credit Card,2767,2025-09-16 20:30:02.154432,0,1,0,0
9473,701.57,Germany,Credit Card,1804,2025-10-08 04:04:02.154432,0,0,0,0
9474,281.48,UK,Crypto,8865,2025-09-29 15:09:02.154432,0,5,1,0
9475,1121.97,Russia,UPI,9998,2025-09-14 09:12:02.154432,1,4,3,0
9476,534.33,Ukraine,UPI,9994,2025-10-09 10:53:02.154432,1,7,3,0
9477,8163.262320568057,Japan,Credit Card,9997,2025-10-05 21:27:02.154432,1,2,0,1
9478,1071.39,UK,Crypto,9720,2025-09-29 04:37:02.154432,0,5,1,0
9479,578.4,Japan,UPI,3385,2025-09-18 20:57:02.154432,0,2,3,0
9480,162.66,Japan,Wire,8142,2025-10-08 23:47:02.154432,0,2,4,0
9481,626.66,Japan,Wire,2644,2025-09-27 02:47:02.154432,0,2,4,0
9482,452.05,USA,Debit Card,2592,2025-10-11 10:06:02.154432,0,6,2,0
9483,259.27,India,UPI,1077,2025-10-07 21:46:02.154432,0,1,3,0
9484,1304.53,Germany,Wire,6658,2025-10-03 21:05:02.154432,0,0,4,0
9485,415.62,India,UPI,6550,2025-09-16 21:11:02.154432,0,1,3,0
9486,765.44,UK,Debit Card,3693,2025-10-14 23:35:02.154432,0,5,2,0
9487,891.9,India,Credit Card,7952,2025-10-01 02:10:02.154432,0,1,0,0
9488,626.84,Germany,Crypto,2338,2025-09-10 13:40:02.154432,0,0,1,0
9489,381.46,USA,Debit Card,4294,2025-09-08 04:55:02.154432,0,6,2,0
9490,146.82,UK,Debit Card,6308,2025-09-30 04:12:02.154432,0,5,2,0
9491,696.14,USA,Debit Card,7448,2025-10-09 15:03:02.154432,0,6,2,0
9492,418.37,UK,Crypto,5971,2025-09-30 17:14:02.154432,0,5,1,0
9493,1536.55,Germany,Wire,5874,2025-09-08 09:40:02.154432,0,0,4,0
9494,310.02,USA,UPI,4925,2025-09-12 12:49:02.154432,0,6,3,0
9495,78.11,Germany,Credit Card,8914,2025-09-07 09:14:02.154432,0,0,0,0
9496,202.28,Germany,Credit Card,3087,2025-09-20 18:50:02.154432,0,0,0,0
9497,1066.26,India,Crypto,9870,2025-09-15 04:18:02.154432,0,1,1,0
9498,910.72,UK,Credit Card,8789,2025-09-16 19:39:02.154432,0,5,0,0
9499,1297.55,Japan,Crypto,9421,2025-10-04 12:22:02.154432,0,2,1,0
9500,457.44,Japan,Crypto,3828,2025-10-04 00:42:02.154432,0,2,1,0
9501,834.54,USA,UPI,3312,2025-10-14 15:32:02.154432,0,6,3,0
9502,605.99,Germany,UPI,7458,2025-09-14 12:42:02.154432,0,0,3,0
9503,328.63,India,Crypto,7771,2025-09-24 18:18:02.154432,0,1,1,0
9504,531.69,UK,UPI,8682,2025-10-01 21:59:02.154432,0,5,3,0
9505,396.54,USA,Wire,6642,2025-10-12 07:29:02.154432,0,6,4,0
9506,1249.71,Germany,Debit Card,9098,2025-10-15 02:30:02.154432,0,0,2,0
9507,326.8,Japan,Credit Card,4735,2025-09-08 12:47:02.154432,0,2,0,0
9508,1369.66,Japan,Credit Card,3024,2025-10-11 00:30:02.154432,0,2,0,0
9509,310.55,UK,Credit Card,8877,2025-10-13 20:49:02.154432,0,5,0,0
9510,396.76,UK,Credit Card,2660,2025-09-24 23:31:02.154432,0,5,0,0
9511,550.15,UK,Wire,1229,2025-09-11 13:16:02.154432,0,5,4,0
9512,299.51,USA,Wire,7441,2025-10-16 04:09:02.154432,0,6,4,0
9513,546.71,UK,Debit Card,2578,2025-10-13 05:39:02.154432,0,5,2,0
9514,600.5,USA,Crypto,7029,2025-10-09 15:41:02.154432,0,6,1,0
9515,1206.94,India,UPI,4787,2025-09-16 09:11:02.154432,0,1,3,0
9516,76.74,Germany,Debit Card,1280,2025-09-10 19:19:02.154432,0,0,2,0
9517,312.8,Japan,Credit Card,3515,2025-09-21 06:53:02.154432,0,2,0,0
9518,1485.03,USA,UPI,3455,2025-10-10 04:08:02.154432,0,6,3,0
9519,390.35,Germany,Debit Card,6993,2025-10-05 16:44:02.154432,0,0,2,0
9520,390.28,UK,Credit Card,1768,2025-09-20 12:58:02.154432,0,5,0,0
9521,297.0,Japan,Debit Card,4086,2025-10-01 21:04:02.154432,0,2,2,0
9522,822.29,USA,Credit Card,1545,2025-09-15 19:22:02.154432,0,6,0,0
9523,136.59,UK,Credit Card,7051,2025-09-10 13:45:02.154432,0,5,0,0
9524,672.97,Germany,Wire,5246,2025-09-16 08:35:02.154432,0,0,4,0
9525,1627.86,India,Credit Card,6933,2025-10-10 02:19:02.154432,0,1,0,0
9526,105.96,Germany,Debit Card,7761,2025-09-08 12:52:02.154432,0,0,2,0
9527,828.7,USA,UPI,1013,2025-10-01 20:33:02.154432,0,6,3,0
9528,192.42,India,Wire,3254,2025-09-08 09:26:02.154432,0,1,4,0
9529,701.39,India,UPI,6506,2025-09-21 12:40:02.154432,0,1,3,0
9530,660.71,UK,Crypto,2098,2025-09-20 12:55:02.154432,0,5,1,0
9531,867.82,Germany,UPI,9116,2025-09-08 10:30:02.154432,0,0,3,0
9532,352.74,USA,Crypto,4204,2025-09-14 02:57:02.154432,0,6,1,0
9533,367.11,India,Crypto,9622,2025-09-17 10:07:02.154432,0,1,1,0
9534,883.77,UK,Wire,1794,2025-09-14 04:20:02.154432,0,5,4,0
9535,350.26,India,UPI,4966,2025-09-30 20:31:02.154432,0,1,3,0
9536,954.12,Germany,Credit Card,9399,2025-10-07 18:07:02.154432,0,0,0,0
9537,55.09,Nigeria,Wire,9996,2025-09-11 04:57:02.154432,1,3,4,0
9538,632.42,USA,Wire,9015,2025-10-11 22:18:02.154432,0,6,4,0
9539,913.7,Japan,Credit Card,1579,2025-10-12 01:56:02.154432,0,2,0,0
9540,458.04,Germany,UPI,8135,2025-10-17 07:35:02.154432,0,0,3,0
9541,1239.79,Japan,Wire,3830,2025-09-14 09:16:02.154432,0,2,4,0
9542,362.35,Germany,Crypto,7169,2025-09-17 13:05:02.154432,0,0,1,0
9543,615.35,Germany,Credit Card,8931,2025-09-09 16:35:02.154432,0,0,0,0
9544,1019.05,UK,Debit Card,5094,2025-09-25 23:37:02.154432,0,5,2,0
9545,211.56,Japan,Wire,4481,2025-10-02 19:40:02.154432,0,2,4,0
9546,1077.86,India,Crypto,1095,2025-10-01 21:33:02.154432,0,1,1,0
9547,667.37,Germany,UPI,4510,2025-10-05 23:44:02.154432,0,0,3,0
9548,286.91,Japan,UPI,5875,2025-09-13 20:31:02.154432,0,2,3,0
9549,514.5,India,Credit Card,6807,2025-09-15 02:51:02.154432,0,1,0,0
9550,267.3,USA,Crypto,1614,2025-10-09 04:31:02.154432,0,6,1,0
9551,785.18,India,Credit Card,8204,2025-10-10 15:17:02.154432,0,1,0,0
9552,430.81,Japan,Wire,8377,2025-09-10 14:40:02.154432,0,2,4,0
9553,391.66,Japan,Credit Card,8023,2025-10-01 09:11:02.154432,0,2,0,0
9554,801.91,India,Debit Card,8934,2025-10-09 19:55:02.154432,0,1,2,0
9555,450.45,India,Credit Card,9004,2025-09-24 08:17:02.154432,0,1,0,0
9556,4749.0894147049075,Germany,Credit Card,9996,2025-09-07 22:24:02.154432,1,0,0,1
9557,506.5,Japan,Wire,6634,2025-09-12 14:42:02.154432,0,2,4,0
9558,73.69,Germany,Crypto,6339,2025-09-14 08:11:02.154432,0,0,1,0
9559,160.54,Germany,Debit Card,8098,2025-10-13 07:33:02.154432,0,0,2,0
9560,316.13,USA,Credit Card,8048,2025-10-02 02:05:02.154432,0,6,0,0
9561,334.26,Japan,Wire,6657,2025-10-05 07:27:02.154432,0,2,4,0
9562,65.99,Germany,Wire,9713,2025-09-30 19:55:02.154432,0,0,4,0
9563,532.96,USA,Wire,1922,2025-10-16 15:12:02.154432,0,6,4,0
9564,476.79,Germany,Crypto,5204,2025-09-09 18:02:02.154432,0,0,1,0
9565,577.39,Germany,Credit Card,5925,2025-09-19 13:48:02.154432,0,0,0,0
9566,411.22,Japan,UPI,7485,2025-09-13 18:37:02.154432,0,2,3,0
9567,1341.22,India,Debit Card,8824,2025-10-10 18:58:02.154432,0,1,2,0
9568,6641.643767160818,India,UPI,9998,2025-10-07 12:30:02.154432,1,1,3,1
9569,1453.61,Japan,Crypto,9520,2025-09-22 15:46:02.154432,0,2,1,0
9570,210.68,India,Credit Card,7699,2025-10-15 16:02:02.154432,0,1,0,0
9571,402.45,UK,UPI,6355,2025-10-02 15:42:02.154432,0,5,3,0
9572,339.01,India,UPI,2464,2025-09-19 15:11:02.154432,0,1,3,0
9573,128.17,Russia,UPI,9990,2025-09-24 19:57:02.154432,1,4,3,0
9574,459.05,Germany,Debit Card,4590,2025-09-11 23:31:02.154432,0,0,2,0
9575,61.19,USA,Credit Card,7839,2025-09-17 17:29:02.154432,0,6,0,0
9576,779.38,Japan,Wire,9694,2025-10-17 22:05:02.154432,0,2,4,0
9577,1138.54,USA,Credit Card,7507,2025-09-15 23:55:02.154432,0,6,0,0
9578,439.35,Germany,UPI,9680,2025-09-24 07:03:02.154432,0,0,3,0
9579,573.39,Germany,Credit Card,8367,2025-10-04 19:39:02.154432,0,0,0,0
9580,1145.73,USA,Wire,4837,2025-10-03 11:27:02.154432,0,6,4,0
9581,246.34,UK,Debit Card,2426,2025-09-24 23:11:02.154432,0,5,2,0
9582,126.77,India,Credit Card,2599,2025-10-08 22:29:02.154432,0,1,0,0
9583,59.24,UK,Credit Card,2834,2025-09-18 10:48:02.154432,0,5,0,0
9584,269.18,UK,Debit Card,1038,2025-10-15 13:39:02.154432,0,5,2,0
9585,307.71,UK,Debit Card,3914,2025-09-11 09:50:02.154432,0,5,2,0
9586,819.55,UK,UPI,7438,2025-09-14 23:14:02.154432,0,5,3,0
9587,167.99,India,UPI,9230,2025-10-05 01:56:02.154432,0,1,3,0
9588,121.63,Japan,Debit Card,1186,2025-09-09 20:15:02.154432,0,2,2,0
9589,918.41,USA,Wire,9941,2025-09-14 03:42:02.154432,0,6,4,0
9590,324.49,UK,UPI,6057,2025-10-13 16:55:02.154432,0,5,3,0
9591,576.59,UK,Wire,3831,2025-09-29 10:19:02.154432,0,5,4,0
9592,853.72,USA,Debit Card,5557,2025-10-12 06:26:02.154432,0,6,2,0
9593,2320.5,USA,Credit Card,1668,2025-09-07 22:22:02.154432,0,6,0,1
9594,677.28,Japan,Debit Card,6350,2025-10-10 00:06:02.154432,0,2,2,0
9595,297.33,Germany,Debit Card,3753,2025-09-13 15:50:02.154432,0,0,2,0
9596,906.46,Japan,Crypto,6369,2025-09-18 15:15:02.154432,0,2,1,0
9597,233.83,Germany,Debit Card,5873,2025-09-22 22:43:02.154432,0,0,2,0
9598,1136.59,India,UPI,4546,2025-09-20 16:20:02.154432,0,1,3,0
9599,281.13,Japan,Credit Card,5748,2025-09-11 02:48:02.154432,0,2,0,0
9600,198.18,India,Wire,1181,2025-09-19 07:18:02.154432,0,1,4,0
9601,527.1,USA,Crypto,7145,2025-10-12 23:51:02.154432,0,6,1,0
9602,663.08,Japan,UPI,4241,2025-09-09 07:08:02.154432,0,2,3,0
9603,206.08,USA,Credit Card,3923,2025-10-15 02:07:02.154432,0,6,0,0
9604,317.35,UK,Wire,2445,2025-10-06 13:23:02.154432,0,5,4,0
9605,716.32,USA,Credit Card,8139,2025-10-13 16:50:02.154432,0,6,0,0
9606,588.26,UK,UPI,2308,2025-10-10 09:44:02.154432,0,5,3,0
9607,688.43,Germany,Credit Card,9571,2025-09-16 09:04:02.154432,0,0,0,0
9608,1151.07,UK,Debit Card,2855,2025-10-12 11:28:02.154432,0,5,2,0
9609,634.38,Germany,Credit Card,9747,2025-10-03 22:23:02.154432,0,0,0,0
9610,1364.16,UK,Debit Card,5667,2025-09-10 20:44:02.154432,0,5,2,0
9611,942.48,UK,UPI,1108,2025-09-19 08:44:02.154432,0,5,3,0
9612,323.43,India,Crypto,9256,2025-09-13 03:15:02.154432,0,1,1,0
9613,1186.67,India,Debit Card,7034,2025-10-04 13:11:02.154432,0,1,2,0
9614,615.75,USA,Credit Card,8852,2025-09-28 12:31:02.154432,0,6,0,0
9615,5727.526122712024,India,Credit Card,9993,2025-10-03 05:33:02.154432,1,1,0,1
9616,697.76,Germany,Credit Card,4927,2025-09-11 20:27:02.154432,0,0,0,0
9617,1590.01,India,UPI,3497,2025-10-17 08:09:02.154432,0,1,3,0
9618,198.59,USA,Wire,3976,2025-09-10 15:00:02.154432,0,6,4,0
9619,433.57,Japan,Credit Card,1740,2025-10-01 22:36:02.154432,0,2,0,0
9620,789.69,Germany,Credit Card,1470,2025-10-15 01:01:02.154432,0,0,0,0
9621,568.58,Japan,Debit Card,2665,2025-09-21 11:44:02.154432,0,2,2,0
9622,235.74,Germany,Crypto,4990,2025-10-02 06:24:02.154432,0,0,1,0
9623,1486.1,USA,Credit Card,9301,2025-09-19 01:25:02.154432,0,6,0,1
9624,482.7,India,UPI,5389,2025-09-14 17:07:02.154432,0,1,3,0
9625,997.49,Japan,Wire,3262,2025-09-20 20:02:02.154432,0,2,4,0
9626,746.85,Japan,Wire,1959,2025-09-10 20:54:02.154432,0,2,4,0
9627,883.36,India,Wire,2559,2025-09-23 13:25:02.154432,0,1,4,0
9628,186.62,USA,UPI,1680,2025-10-05 04:08:02.154432,0,6,3,0
9629,497.94,India,Wire,4773,2025-09-13 00:00:02.154432,0,1,4,0
9630,898.68,UK,Wire,5991,2025-09-12 19:59:02.154432,0,5,4,0
9631,992.85,UK,Debit Card,2950,2025-10-04 10:45:02.154432,0,5,2,0
9632,933.91,UK,Wire,5694,2025-09-09 11:57:02.154432,0,5,4,0
9633,282.98,Japan,Debit Card,8057,2025-10-11 06:43:02.154432,0,2,2,0
9634,109.34,Japan,Debit Card,5762,2025-10-11 11:39:02.154432,0,2,2,0
9635,165.35,USA,Debit Card,3067,2025-09-24 13:25:02.154432,0,6,2,0
9636,517.09,Germany,UPI,9148,2025-09-08 09:06:02.154432,0,0,3,0
9637,556.13,India,Credit Card,8356,2025-09-15 14:02:02.154432,0,1,0,0
9638,515.44,Germany,Crypto,7508,2025-09-29 13:44:02.154432,0,0,1,0
9639,191.69,Japan,Wire,2992,2025-10-03 06:40:02.154432,0,2,4,0
9640,332.44,India,Crypto,4231,2025-09-28 20:17:02.154432,0,1,1,0
9641,1476.88,Japan,Credit Card,3513,2025-09-24 03:40:02.154432,0,2,0,0
9642,668.13,USA,Debit Card,2861,2025-09-30 01:04:02.154432,0,6,2,0
9643,490.7,India,Debit Card,6945,2025-10-11 19:59:02.154432,0,1,2,0
9644,1454.94,Japan,Debit Card,6328,2025-09-20 00:48:02.154432,0,2,2,0
9645,1677.37,UK,Debit Card,3313,2025-09-24 04:22:02.154432,0,5,2,0
9646,360.83,UK,Wire,1769,2025-10-05 06:07:02.154432,0,5,4,0
9647,671.67,Japan,Credit Card,8136,2025-09-26 01:56:02.154432,0,2,0,0
9648,133.1,Germany,Credit Card,4562,2025-10-10 10:04:02.154432,0,0,0,0
9649,99.51,USA,Credit Card,2359,2025-09-17 07:38:02.154432,0,6,0,0
9650,431.46,USA,Crypto,2256,2025-09-21 01:34:02.154432,0,6,1,0
9651,180.99,Japan,Debit Card,8883,2025-09-14 21:36:02.154432,0,2,2,0
9652,332.85,USA,UPI,9264,2025-09-25 23:32:02.154432,0,6,3,0
9653,625.21,India,Credit Card,6120,2025-10-01 20:43:02.154432,0,1,0,0
9654,1263.42,USA,Crypto,6628,2025-09-11 03:55:02.154432,0,6,1,0
9655,684.88,UK,Wire,9674,2025-10-10 10:01:02.154432,0,5,4,0
9656,363.92,Japan,Debit Card,3242,2025-09-11 22:24:02.154432,0,2,2,0
9657,1740.03,India,Crypto,9594,2025-09-12 02:40:02.154432,0,1,1,0
9658,545.89,USA,UPI,7147,2025-09-29 12:58:02.154432,0,6,3,0
9659,1001.29,UK,UPI,1764,2025-09-20 05:58:02.154432,0,5,3,0
9660,1060.51,Germany,Wire,8963,2025-09-25 17:15:02.154432,0,0,4,0
9661,487.7,USA,Credit Card,2835,2025-09-28 00:25:02.154432,0,6,0,0
9662,35.31,UK,Credit Card,9995,2025-10-02 04:42:02.154432,0,5,0,0
9663,300.36,UK,Crypto,7068,2025-09-10 02:47:02.154432,0,5,1,0
9664,312.51,UK,Crypto,4002,2025-09-27 20:39:02.154432,0,5,1,0
9665,500.82,UK,Credit Card,8126,2025-10-13 13:57:02.154432,0,5,0,0
9666,421.37,Germany,Credit Card,3819,2025-10-05 18:55:02.154432,0,0,0,0
9667,439.51,Japan,Crypto,4124,2025-10-16 12:15:02.154432,0,2,1,0
9668,524.87,UK,Debit Card,4195,2025-10-16 20:21:02.154432,0,5,2,0
9669,599.67,Japan,UPI,9501,2025-10-15 01:07:02.154432,0,2,3,0
9670,105.93,Germany,UPI,7995,2025-09-20 14:44:02.154432,0,0,3,0
9671,592.22,Germany,Wire,7841,2025-09-21 17:51:02.154432,0,0,4,0
9672,832.78,India,UPI,7156,2025-09-29 12:31:02.154432,0,1,3,0
9673,1756.05,India,Crypto,3256,2025-09-09 18:55:02.154432,0,1,1,0
9674,576.69,Ukraine,Debit Card,9990,2025-09-07 23:07:02.154432,1,7,2,0
9675,958.99,Japan,Crypto,9078,2025-09-24 21:58:02.154432,0,2,1,0
9676,781.14,Russia,Credit Card,9993,2025-10-09 09:02:02.154432,1,4,0,0
9677,270.97,USA,Credit Card,1849,2025-09-24 10:20:02.154432,0,6,0,0
9678,604.19,India,UPI,9298,2025-09-10 12:49:02.154432,0,1,3,0
9679,1371.79,India,Debit Card,3671,2025-10-03 17:43:02.154432,0,1,2,0
9680,1324.7,USA,Wire,9311,2025-10-14 07:32:02.154432,0,6,4,0
9681,1323.49,Japan,Crypto,7210,2025-09-20 21:10:02.154432,0,2,1,0
9682,10583.823004836036,Japan,Wire,9991,2025-09-29 13:15:02.154432,1,2,4,1
9683,825.11,Japan,Wire,6816,2025-09-18 07:00:02.154432,0,2,4,0
9684,370.63,UK,Wire,6788,2025-09-30 00:35:02.154432,0,5,4,0
9685,838.68,UK,Wire,3161,2025-10-10 11:52:02.154432,0,5,4,0
9686,238.22,USA,Crypto,4716,2025-09-08 01:10:02.154432,0,6,1,0
9687,741.57,Germany,Credit Card,9951,2025-09-23 10:00:02.154432,0,0,0,0
9688,226.24,USA,Crypto,2646,2025-09-17 14:22:02.154432,0,6,1,0
9689,297.85,Germany,Credit Card,9423,2025-10-17 02:07:02.154432,0,0,0,0
9690,94.17,USA,Credit Card,1561,2025-10-06 14:22:02.154432,0,6,0,0
9691,703.22,UK,Crypto,7459,2025-09-28 03:57:02.154432,0,5,1,0
9692,1277.88,Japan,Crypto,2806,2025-09-28 15:50:02.154432,0,2,1,0
9693,578.93,India,Crypto,1875,2025-10-18 05:31:02.154432,0,1,1,0
9694,524.88,USA,Credit Card,7514,2025-09-29 12:17:02.154432,0,6,0,0
9695,317.4,USA,Crypto,4735,2025-09-12 15:01:02.154432,0,6,1,0
9696,1025.53,India,Debit Card,5353,2025-09-21 07:00:02.154432,0,1,2,0
9697,1144.01,USA,UPI,3476,2025-09-07 06:41:02.154432,0,6,3,0
9698,140.15,Japan,UPI,8761,2025-10-06 03:35:02.154432,0,2,3,0
9699,617.93,India,Debit Card,1676,2025-10-06 02:27:02.154432,0,1,2,0
9700,999.97,India,UPI,7806,2025-10-15 01:36:02.154432,0,1,3,0
9701,367.81,Japan,Credit Card,4756,2025-09-10 02:48:02.154432,0,2,0,0
9702,118.69,Japan,Crypto,9616,2025-10-17 15:07:02.154432,0,2,1,0
9703,215.94,India,Crypto,2600,2025-10-16 08:31:02.154432,0,1,1,0
9704,1418.74,Japan,Crypto,6881,2025-09-09 22:09:02.154432,0,2,1,0
9705,1116.52,Japan,Debit Card,2340,2025-09-27 20:06:02.154432,0,2,2,0
9706,1214.65,Japan,Debit Card,9821,2025-09-27 15:06:02.154432,0,2,2,0
9707,165.53,India,Credit Card,4008,2025-09-20 01:40:02.154432,0,1,0,0
9708,993.32,USA,Debit Card,3065,2025-09-13 01:45:02.154432,0,6,2,0
9709,1480.34,Germany,Crypto,8934,2025-09-17 12:52:02.154432,0,0,1,0
9710,300.12,India,Credit Card,1167,2025-10-02 01:50:02.154432,0,1,0,0
9711,452.72,Germany,Credit Card,9208,2025-10-09 22:30:02.154432,0,0,0,0
9712,637.49,Japan,Crypto,8052,2025-09-22 14:12:02.154432,0,2,1,0
9713,716.25,Japan,Wire,2545,2025-09-12 20:45:02.154432,0,2,4,0
9714,384.26,USA,Crypto,2530,2025-09-25 18:45:02.154432,0,6,1,0
9715,1073.09,Japan,Credit Card,4813,2025-09-09 18:13:02.154432,0,2,0,0
9716,802.28,Germany,Wire,2497,2025-09-17 11:16:02.154432,0,0,4,0
9717,250.93,India,Crypto,1542,2025-09-28 08:41:02.154432,0,1,1,0
9718,1025.11,India,Crypto,9918,2025-09-20 17:24:02.154432,0,1,1,0
9719,478.59,USA,Wire,1378,2025-10-13 06:14:02.154432,0,6,4,0
9720,826.9,Germany,Wire,5435,2025-09-11 04:33:02.154432,0,0,4,0
9721,270.42,Japan,UPI,5302,2025-10-16 22:12:02.154432,0,2,3,0
9722,284.15,UK,Wire,7282,2025-09-17 06:20:02.154432,0,5,4,0
9723,108.89,USA,Debit Card,4852,2025-09-18 15:44:02.154432,0,6,2,0
9724,1169.67,USA,Wire,5821,2025-09-18 17:09:02.154432,0,6,4,0
9725,957.66,UK,Credit Card,1673,2025-09-21 23:27:02.154432,0,5,0,0
9726,640.2,India,Wire,4520,2025-10-01 03:23:02.154432,0,1,4,0
9727,159.09,India,Crypto,7346,2025-09-29 10:16:02.154432,0,1,1,0
9728,1303.52,India,Debit Card,3057,2025-10-12 13:28:02.154432,0,1,2,0
9729,815.68,UK,Wire,6195,2025-09-22 07:54:02.154432,0,5,4,0
9730,383.93,Japan,Debit Card,6865,2025-10-05 12:43:02.154432,0,2,2,0
9731,685.4,Japan,UPI,1737,2025-09-13 04:07:02.154432,0,2,3,0
9732,468.74,Germany,Debit Card,7147,2025-09-20 10:42:02.154432,0,0,2,0
9733,816.14,Germany,Crypto,3653,2025-10-03 06:56:02.154432,0,0,1,0
9734,230.95,India,UPI,8256,2025-09-17 23:08:02.154432,0,1,3,0
9735,64.25,UK,Wire,7749,2025-09-14 23:26:02.154432,0,5,4,0
9736,763.26,USA,Debit Card,6106,2025-10-14 04:59:02.154432,0,6,2,0
9737,850.96,Japan,UPI,3147,2025-09-17 18:28:02.154432,0,2,3,0
9738,108.6,UK,Wire,8426,2025-09-29 10:32:02.154432,0,5,4,0
9739,36.16,Germany,Wire,2302,2025-09-26 09:10:02.154432,0,0,4,0
9740,645.48,Russia,Debit Card,9992,2025-09-13 17:52:02.154432,1,4,2,0
9741,782.49,Japan,Debit Card,7733,2025-09-14 02:11:02.154432,0,2,2,0
9742,453.98,UK,UPI,5805,2025-09-12 07:35:02.154432,0,5,3,0
9743,245.27,Germany,Debit Card,2700,2025-09-23 04:09:02.154432,0,0,2,0
9744,1763.31,UK,Wire,8686,2025-10-01 23:39:02.154432,0,5,4,0
9745,732.91,USA,Crypto,2024,2025-09-08 20:30:02.154432,0,6,1,0
9746,1159.26,Japan,UPI,9791,2025-09-11 13:03:02.154432,0,2,3,0
9747,196.22,UK,Crypto,2441,2025-10-12 02:45:02.154432,0,5,1,0
9748,1278.13,UK,Crypto,8347,2025-10-16 16:37:02.154432,0,5,1,0
9749,713.27,USA,Wire,1645,2025-10-06 17:53:02.154432,0,6,4,0
9750,1647.94,UK,Crypto,8619,2025-10-11 19:35:02.154432,0,5,1,0
9751,826.88,Japan,Credit Card,2991,2025-09-22 15:26:02.154432,0,2,0,0
9752,571.86,India,UPI,6838,2025-10-06 22:59:02.154432,0,1,3,0
9753,499.59,India,Wire,4372,2025-10-09 17:05:02.154432,0,1,4,0
9754,309.03,Germany,Debit Card,5747,2025-09-07 03:22:02.154432,0,0,2,0
9755,503.61,USA,Wire,2646,2025-10-10 01:56:02.154432,0,6,4,0
9756,837.14,Germany,Debit Card,4141,2025-09-29 23:21:02.154432,0,0,2,0
9757,941.08,India,Wire,8028,2025-09-21 18:03:02.154432,0,1,4,0
9758,269.4,USA,Credit Card,5319,2025-10-02 17:00:02.154432,0,6,0,0
9759,141.18,UK,UPI,2754,2025-09-22 00:58:02.154432,0,5,3,0
9760,670.64,UK,Crypto,1750,2025-09-18 11:47:02.154432,0,5,1,0
9761,101.85,Japan,Wire,1842,2025-09-28 09:59:02.154432,0,2,4,0
9762,511.81,India,UPI,4414,2025-09-13 04:22:02.154432,0,1,3,0
9763,161.85,UK,UPI,8958,2025-09-24 01:08:02.154432,0,5,3,0
9764,914.6,USA,UPI,4510,2025-09-12 10:15:02.154432,0,6,3,0
9765,382.4,UK,UPI,3303,2025-10-07 03:55:02.154432,0,5,3,0
9766,422.22,Germany,UPI,2505,2025-09-19 14:05:02.154432,0,0,3,0
9767,1296.8530748132066,Germany,Crypto,9993,2025-10-13 12:01:02.154432,1,0,1,0
9768,1083.39,Germany,Crypto,4854,2025-09-20 19:14:02.154432,0,0,1,0
9769,618.83,Germany,Wire,5071,2025-09-20 17:53:02.154432,0,0,4,0
9770,635.38,Germany,Debit Card,3374,2025-09-15 15:25:02.154432,0,0,2,0
9771,169.25,Japan,Wire,6609,2025-09-28 10:35:02.154432,0,2,4,0
9772,91.29,Germany,UPI,4805,2025-10-16 19:15:02.154432,0,0,3,0
9773,267.74,Japan,Debit Card,4935,2025-09-19 23:04:02.154432,0,2,2,0
9774,374.75,Japan,Wire,2383,2025-10-09 10:06:02.154432,0,2,4,0
9775,260.88,UK,Debit Card,4276,2025-09-29 13:55:02.154432,0,5,2,0
9776,1652.98,USA,Crypto,1279,2025-10-07 10:59:02.154432,0,6,1,1
9777,1103.01,Germany,UPI,6174,2025-10-13 01:03:02.154432,0,0,3,0
9778,521.7,USA,Debit Card,4978,2025-10-03 14:38:02.154432,0,6,2,0
9779,285.97,India,Credit Card,3270,2025-10-16 21:26:02.154432,0,1,0,0
9780,200.39,Japan,UPI,7861,2025-09-10 18:18:02.154432,0,2,3,0
9781,504.15,India,Crypto,1683,2025-09-21 20:17:02.154432,0,1,1,0
9782,650.2,Japan,Crypto,1601,2025-10-02 19:53:02.154432,0,2,1,0
9783,358.75,Germany,Wire,3043,2025-10-06 09:55:02.154432,0,0,4,0
9784,719.44,India,Credit Card,2532,2025-10-13 08:11:02.154432,0,1,0,0
9785,336.35,UK,Debit Card,1960,2025-10-11 14:47:02.154432,0,5,2,0
9786,198.17,India,Wire,4077,2025-10-01 15:13:02.154432,0,1,4,0
9787,720.71,Japan,Crypto,1506,2025-09-18 07:30:02.154432,0,2,1,0
9788,87.47,Japan,Debit Card,3315,2025-09-15 10:45:02.154432,0,2,2,0
9789,140.47,USA,Crypto,3803,2025-10-16 14:11:02.154432,0,6,1,0
9790,231.42,India,Crypto,6299,2025-10-16 23:00:02.154432,0,1,1,0
9791,314.68,UK,Credit Card,6149,2025-10-18 11:14:02.154432,0,5,0,0
9792,839.02,Germany,UPI,4190,2025-10-12 21:21:02.154432,0,0,3,0
9793,132.65,USA,Debit Card,4788,2025-09-14 01:48:02.154432,0,6,2,0
9794,423.72,India,Credit Card,1733,2025-10-04 00:01:02.154432,0,1,0,0
9795,656.05,USA,Crypto,5555,2025-10-14 08:29:02.154432,0,6,1,0
9796,616.39,India,Crypto,2661,2025-09-23 19:46:02.154432,0,1,1,0
9797,839.28,Germany,Credit Card,5553,2025-09-26 12:05:02.154432,0,0,0,0
9798,433.71,Germany,Debit Card,5662,2025-10-09 02:48:02.154432,0,0,2,0
9799,306.07,UK,Crypto,5134,2025-10-07 20:17:02.154432,0,5,1,0
9800,1218.02,USA,Debit Card,1969,2025-09-10 09:39:02.154432,0,6,2,0
9801,296.12,UK,Credit Card,1261,2025-09-09 01:39:02.154432,0,5,0,0
9802,262.14,India,Crypto,5279,2025-09-28 13:57:02.154432,0,1,1,0
9803,245.87,Germany,Wire,5615,2025-09-12 13:16:02.154432,0,0,4,0
9804,237.96,Germany,Wire,4599,2025-10-11 17:58:02.154432,0,0,4,0
9805,1411.8,Japan,Crypto,4959,2025-10-05 04:23:02.154432,0,2,1,0
9806,1568.85,Japan,UPI,1385,2025-09-16 18:08:02.154432,0,2,3,0
9807,8144.2202859944855,UK,Crypto,9997,2025-09-11 12:44:02.154432,1,5,1,1
9808,741.16,USA,Crypto,2539,2025-09-10 09:41:02.154432,0,6,1,0
9809,262.58,India,Crypto,2806,2025-09-21 15:23:02.154432,0,1,1,0
9810,354.26,UK,Credit Card,3056,2025-10-12 08:24:02.154432,0,5,0,0
9811,114.6,Germany,Crypto,2600,2025-09-10 16:09:02.154432,0,0,1,0
9812,426.42,Germany,Crypto,4687,2025-10-13 10:13:02.154432,0,0,1,0
9813,155.57,Germany,Credit Card,5790,2025-09-22 02:20:02.154432,0,0,0,0
9814,584.45,India,Crypto,1800,2025-09-16 17:35:02.154432,0,1,1,0
9815,280.32,UK,Wire,3069,2025-09-22 10:31:02.154432,0,5,4,0
9816,621.2,India,Wire,8209,2025-10-15 14:48:02.154432,0,1,4,0
9817,241.51,Germany,Crypto,2485,2025-09-17 11:01:02.154432,0,0,1,0
9818,94.5,Japan,Credit Card,5173,2025-10-04 21:32:02.154432,0,2,0,0
9819,207.94,UK,Crypto,7247,2025-09-11 15:23:02.154432,0,5,1,0
9820,660.97,Japan,Crypto,7122,2025-09-15 12:18:02.154432,0,2,1,0
9821,692.27,UK,Debit Card,5814,2025-10-15 05:19:02.154432,0,5,2,0
9822,642.94,Germany,UPI,9530,2025-10-11 20:38:02.154432,0,0,3,0
9823,578.82,Japan,Credit Card,8966,2025-10-10 00:21:02.154432,0,2,0,0
9824,521.9,Japan,UPI,9465,2025-10-15 00:42:02.154432,0,2,3,0
9825,804.18,UK,Debit Card,8051,2025-10-08 19:05:02.154432,0,5,2,0
9826,37.52,Japan,UPI,8847,2025-10-17 18:18:02.154432,0,2,3,0
9827,1368.31,Japan,Crypto,4961,2025-10-08 10:22:02.154432,0,2,1,0
9828,417.22,Germany,Wire,4756,2025-10-08 21:40:02.154432,0,0,4,0
9829,808.36,UK,Credit Card,5528,2025-10-10 14:37:02.154432,0,5,0,0
9830,489.19,UK,Credit Card,9064,2025-09-09 02:57:02.154432,0,5,0,0
9831,275.63,USA,Crypto,7753,2025-09-27 05:14:02.154432,0,6,1,0
9832,392.3,UK,UPI,7008,2025-09-08 06:23:02.154432,0,5,3,0
9833,197.39,Germany,Credit Card,2283,2025-10-04 19:53:02.154432,0,0,0,0
9834,228.62,Japan,Debit Card,5091,2025-10-11 07:19:02.154432,0,2,2,0
9835,715.58,USA,Debit Card,3221,2025-10-01 09:03:02.154432,0,6,2,0
9836,587.55,Japan,UPI,8121,2025-09-30 05:03:02.154432,0,2,3,0
9837,83.32,UK,Debit Card,4512,2025-10-05 09:33:02.154432,0,5,2,0
9838,236.75,India,Wire,7415,2025-10-17 04:18:02.154432,0,1,4,0
9839,415.64,Japan,Crypto,6768,2025-09-08 22:17:02.154432,0,2,1,0
9840,491.27,UK,Credit Card,3642,2025-09-27 16:35:02.154432,0,5,0,0
9841,1725.65,Germany,Crypto,9069,2025-10-01 21:48:02.154432,0,0,1,0
9842,575.62,UK,UPI,1555,2025-10-17 20:44:02.154432,0,5,3,0
9843,69.59,USA,Crypto,3254,2025-09-10 00:59:02.154432,0,6,1,0
9844,511.11,India,Credit Card,2140,2025-09-30 20:02:02.154432,0,1,0,0
9845,159.52,India,Credit Card,7148,2025-09-19 13:54:02.154432,0,1,0,0
9846,431.43,India,UPI,8962,2025-09-20 17:46:02.154432,0,1,3,0
9847,1830.5,Germany,Credit Card,6745,2025-09-24 22:42:02.154432,0,0,0,1
9848,336.57,India,Debit Card,2785,2025-09-19 19:35:02.154432,0,1,2,0
9849,940.47,Japan,Crypto,8592,2025-09-17 19:37:02.154432,0,2,1,0
9850,506.77,Germany,Wire,7131,2025-09-13 09:32:02.154432,0,0,4,0
9851,1325.84,UK,Wire,4099,2025-10-01 20:41:02.154432,0,5,4,0
9852,750.63,USA,Wire,4615,2025-09-12 23:02:02.154432,0,6,4,0
9853,1025.44,Germany,UPI,2240,2025-09-28 17:31:02.154432,0,0,3,0
9854,655.18,USA,Wire,9262,2025-09-22 09:55:02.154432,0,6,4,0
9855,332.8,Germany,Crypto,8931,2025-10-04 16:55:02.154432,0,0,1,0
9856,1223.8,UK,Credit Card,3868,2025-10-06 22:56:02.154432,0,5,0,0
9857,603.09,USA,Debit Card,2544,2025-10-03 15:15:02.154432,0,6,2,0
9858,350.98,Germany,Wire,6089,2025-09-17 22:31:02.154432,0,0,4,0
9859,275.71,USA,Wire,3370,2025-10-17 04:56:02.154432,0,6,4,0
9860,618.63,India,Wire,9100,2025-09-27 12:56:02.154432,0,1,4,0
9861,1084.86,India,Debit Card,7357,2025-09-13 15:56:02.154432,0,1,2,0
9862,696.12,India,Crypto,2106,2025-10-04 07:13:02.154432,0,1,1,0
9863,373.14,Japan,Wire,5708,2025-09-18 14:17:02.154432,0,2,4,0
9864,677.2,India,Credit Card,8177,2025-10-17 03:45:02.154432,0,1,0,0
9865,876.7,India,UPI,6967,2025-10-11 07:54:02.154432,0,1,3,0
9866,109.42,UK,Debit Card,1280,2025-10-01 12:08:02.154432,0,5,2,0
9867,161.13,USA,Crypto,5404,2025-10-08 03:49:02.154432,0,6,1,0
9868,820.51,USA,Credit Card,4021,2025-09-24 02:10:02.154432,0,6,0,0
9869,154.78,India,Debit Card,4070,2025-09-16 05:06:02.154432,0,1,2,0
9870,430.85,USA,Debit Card,2130,2025-10-12 01:32:02.154432,0,6,2,0
9871,546.13,Germany,UPI,7298,2025-09-26 19:50:02.154432,0,0,3,0
9872,211.46,India,UPI,9023,2025-10-04 17:11:02.154432,0,1,3,0
9873,444.64,India,Crypto,8616,2025-09-07 07:02:02.154432,0,1,1,0
9874,552.12,Japan,Wire,7739,2025-09-08 16:46:02.154432,0,2,4,0
9875,1117.82,Germany,UPI,8243,2025-10-03 03:11:02.154432,0,0,3,0
9876,1039.98,India,Crypto,7084,2025-09-09 13:12:02.154432,0,1,1,0
9877,616.73,India,Debit Card,8504,2025-09-20 10:29:02.154432,0,1,2,0
9878,306.51,USA,Wire,2929,2025-09-24 06:48:02.154432,0,6,4,0
9879,5467.864088545473,India,Credit Card,9991,2025-10-12 06:10:02.154432,1,1,0,1
9880,1079.59,India,Debit Card,9884,2025-09-25 05:59:02.154432,0,1,2,0
9881,270.75,India,Crypto,1713,2025-10-04 04:46:02.154432,0,1,1,0
9882,577.84,India,Credit Card,5725,2025-10-16 19:26:02.154432,0,1,0,0
9883,351.37,Japan,Debit Card,7544,2025-09-20 13:26:02.154432,0,2,2,0
9884,632.36,Germany,UPI,2827,2025-09-30 21:46:02.154432,0,0,3,0
9885,253.85,Japan,Crypto,8783,2025-09-29 11:28:02.154432,0,2,1,0
9886,869.96,USA,Credit Card,7317,2025-10-09 07:10:02.154432,0,6,0,0
9887,635.29,UK,UPI,9492,2025-10-16 02:37:02.154432,0,5,3,0
9888,254.33,India,Credit Card,5092,2025-09-16 10:32:02.154432,0,1,0,0
9889,818.4,USA,Wire,7246,2025-10-02 03:29:02.154432,0,6,4,0
9890,304.44,UK,Wire,8331,2025-09-16 23:14:02.154432,0,5,4,0
9891,85.77,India,Crypto,2028,2025-10-14 22:15:02.154432,0,1,1,0
9892,207.87,India,Credit Card,4918,2025-09-23 14:32:02.154432,0,1,0,0
9893,936.52,UK,Wire,6720,2025-09-15 13:25:02.154432,0,5,4,0
9894,9497.265873239308,Japan,Debit Card,9997,2025-09-16 22:51:02.154432,1,2,2,1
9895,1452.82,UK,Debit Card,8328,2025-10-10 22:25:02.154432,0,5,2,0
9896,320.17,UK,Wire,5192,2025-09-21 08:36:02.154432,0,5,4,0
9897,430.49,Germany,Wire,7821,2025-09-25 04:09:02.154432,0,0,4,0
9898,357.03,India,Crypto,1387,2025-10-06 06:08:02.154432,0,1,1,0
9899,494.31,India,Crypto,2903,2025-10-05 11:03:02.154432,0,1,1,0
9900,149.08,Japan,Debit Card,5259,2025-09-23 21:48:02.154432,0,2,2,0
9901,327.54,Japan,UPI,5776,2025-10-11 21:31:02.154432,0,2,3,0
9902,579.29,Germany,Credit Card,2001,2025-10-10 05:10:02.154432,0,0,0,0
9903,939.76,Germany,UPI,2159,2025-09-21 02:41:02.154432,0,0,3,0
9904,616.6,Germany,Crypto,5253,2025-10-06 08:26:02.154432,0,0,1,0
9905,415.46,Japan,UPI,7541,2025-09-12 12:31:02.154432,0,2,3,0
9906,212.74,UK,Crypto,6421,2025-10-08 09:26:02.154432,0,5,1,0
9907,978.28,India,UPI,3396,2025-09-21 06:35:02.154432,0,1,3,0
9908,129.58,India,Debit Card,2347,2025-10-12 14:27:02.154432,0,1,2,0
9909,158.56,USA,Crypto,2537,2025-10-02 09:54:02.154432,0,6,1,0
9910,759.59,Japan,Debit Card,2486,2025-10-11 22:09:02.154432,0,2,2,0
9911,834.24,Japan,UPI,2782,2025-09-30 14:07:02.154432,0,2,3,0
9912,34.46,Germany,Wire,3548,2025-10-17 12:35:02.154432,0,0,4,0
9913,418.28,USA,Wire,2750,2025-09-26 13:09:02.154432,0,6,4,0
9914,69.97,USA,Credit Card,7885,2025-09-30 02:16:02.154432,0,6,0,0
9915,438.44,Japan,Wire,6873,2025-10-08 10:34:02.154432,0,2,4,0
9916,369.72,Germany,Credit Card,3235,2025-09-20 03:21:02.154432,0,0,0,0
9917,1233.15,India,UPI,7272,2025-10-14 16:08:02.154432,0,1,3,0
9918,683.11,Germany,Credit Card,4564,2025-09-28 09:51:02.154432,0,0,0,0
9919,699.03,India,Credit Card,7240,2025-09-09 01:44:02.154432,0,1,0,0
9920,1100.64,Japan,Credit Card,6014,2025-10-07 03:39:02.154432,0,2,0,0
9921,1128.27,Germany,Debit Card,3224,2025-09-16 15:21:02.154432,0,0,2,0
9922,554.48,USA,Credit Card,8151,2025-10-04 19:28:02.154432,0,6,0,0
9923,297.12,UK,Crypto,5724,2025-09-19 19:00:02.154432,0,5,1,0
9924,904.85,USA,UPI,1969,2025-10-05 18:18:02.154432,0,6,3,0
9925,874.28,India,Debit Card,9127,2025-10-01 08:14:02.154432,0,1,2,0
9926,754.35,Japan,Crypto,9464,2025-10-17 19:30:02.154432,0,2,1,0
9927,552.69,Germany,UPI,7542,2025-09-16 00:50:02.154432,0,0,3,0
9928,435.11,Japan,Debit Card,3824,2025-10-14 20:32:02.154432,0,2,2,0
9929,1130.5,Japan,UPI,4518,2025-10-05 11:47:02.154432,0,2,3,0
9930,368.78,India,Wire,5020,2025-10-18 06:40:02.154432,0,1,4,0
9931,285.66,Japan,UPI,5956,2025-09-30 22:24:02.154432,0,2,3,0
9932,414.0,Germany,Wire,8977,2025-09-19 08:27:02.154432,0,0,4,0
9933,248.8,USA,Wire,9820,2025-09-11 15:31:02.154432,0,6,4,0
9934,877.03,Japan,UPI,5345,2025-10-13 21:00:02.154432,0,2,3,0
9935,553.1,Germany,Wire,5607,2025-09-07 06:03:02.154432,0,0,4,0
9936,75.48,Germany,Debit Card,1344,2025-09-13 05:36:02.154432,0,0,2,0
9937,685.1,India,Wire,5642,2025-10-08 09:50:02.154432,0,1,4,0
9938,424.97,Japan,Credit Card,9747,2025-09-09 12:18:02.154432,0,2,0,0
9939,505.31,India,Debit Card,6082,2025-09-10 12:31:02.154432,0,1,2,0
9940,603.94,USA,Debit Card,5010,2025-10-04 18:59:02.154432,0,6,2,0
9941,334.16,USA,Debit Card,3919,2025-09-14 10:23:02.154432,0,6,2,0
9942,283.1,Germany,Credit Card,1459,2025-10-11 08:21:02.154432,0,0,0,0
9943,756.23,Japan,Credit Card,6226,2025-09-14 17:57:02.154432,0,2,0,0
9944,177.41,Germany,Credit Card,3788,2025-10-18 08:45:02.154432,0,0,0,0
9945,224.68,Japan,Credit Card,3811,2025-09-20 14:33:02.154432,0,2,0,0
9946,268.4,Nigeria,Credit Card,9992,2025-09-19 10:33:02.154432,1,3,0,0
9947,968.37,USA,Crypto,9101,2025-09-15 17:25:02.154432,0,6,1,0
9948,1160.79,USA,Crypto,6544,2025-09-14 13:15:02.154432,0,6,1,0
9949,266.33,India,Credit Card,9251,2025-10-16 23:48:02.154432,0,1,0,0
9950,228.46,UK,Debit Card,5444,2025-10-04 12:01:02.154432,0,5,2,0
9951,548.36,UK,Wire,7541,2025-09-16 23:07:02.154432,0,5,4,0
9952,424.51,UK,Wire,2964,2025-09-21 04:04:02.154432,0,5,4,0
9953,888.14,Japan,Crypto,5769,2025-09-21 11:22:02.154432,0,2,1,0
9954,714.43,India,Credit Card,3596,2025-09-18 13:47:02.154432,0,1,0,0
9955,1507.91,Japan,UPI,5233,2025-10-14 12:12:02.154432,0,2,3,0
9956,237.81,Japan,Wire,3665,2025-09-26 20:43:02.154432,0,2,4,0
9957,878.88,India,Wire,8280,2025-09-18 00:58:02.154432,0,1,4,0
9958,369.58,Japan,Debit Card,3456,2025-09-21 06:23:02.154432,0,2,2,0
9959,216.38,India,Wire,3412,2025-09-27 04:24:02.154432,0,1,4,0
9960,364.58,UK,Crypto,8862,2025-09-11 00:28:02.154432,0,5,1,0
9961,395.76,UK,Credit Card,6391,2025-10-04 09:01:02.154432,0,5,0,0
9962,1090.82,Japan,Credit Card,9023,2025-10-13 15:08:02.154432,0,2,0,0
9963,452.7738977151854,USA,Wire,9993,2025-09-25 00:21:02.154432,1,6,4,0
9964,273.07,India,UPI,8266,2025-10-16 15:41:02.154432,0,1,3,0
9965,529.49,Germany,Crypto,7714,2025-09-11 13:35:02.154432,0,0,1,0
9966,203.85,Germany,Wire,7767,2025-09-22 03:19:02.154432,0,0,4,0
9967,1411.24,Japan,Crypto,8455,2025-09-17 11:56:02.154432,0,2,1,0
9968,1558.01,USA,UPI,8096,2025-10-18 07:39:02.154432,0,6,3,0
9969,498.35,India,Crypto,9402,2025-09-27 06:52:02.154432,0,1,1,0
9970,758.0,UK,Crypto,1533,2025-09-15 01:32:02.154432,0,5,1,0
9971,1261.76,Japan,Crypto,1011,2025-10-02 17:00:02.154432,0,2,1,0
9972,447.3,India,Credit Card,1516,2025-09-13 09:58:02.154432,0,1,0,0
9973,726.73,India,UPI,2724,2025-09-08 23:54:02.154432,0,1,3,0
9974,181.67,India,Credit Card,3183,2025-09-19 22:34:02.154432,0,1,0,0
9975,78.81,Ukraine,Debit Card,9991,2025-10-02 17:36:02.154432,1,7,2,0
9976,951.1,India,Wire,8605,2025-10-15 19:33:02.154432,0,1,4,0
9977,468.94,USA,Credit Card,9364,2025-09-19 07:58:02.154432,0,6,0,0
9978,1527.69,USA,Crypto,7655,2025-10-06 07:56:02.154432,0,6,1,0
9979,310.4,India,Debit Card,2675,2025-09-29 10:07:02.154432,0,1,2,0
9980,167.86,UK,UPI,9195,2025-10-18 13:45:02.154432,0,5,3,0
9981,887.65,India,UPI,2610,2025-10-14 14:50:02.154432,0,1,3,0
9982,1447.03,UK,Credit Card,3793,2025-09-13 13:07:02.154432,0,5,0,0
9983,183.5,Japan,Crypto,7247,2025-09-11 05:51:02.154432,0,2,1,0
9984,235.24,Ukraine,Crypto,9991,2025-09-14 14:59:02.154432,1,7,1,0
9985,1229.25,Japan,UPI,5377,2025-10-03 06:57:02.154432,0,2,3,0
9986,1844.75,USA,Crypto,2500,2025-10-03 23:30:02.154432,0,6,1,1
9987,731.02,Japan,Wire,5330,2025-10-14 03:38:02.154432,0,2,4,0
9988,288.02,Germany,Credit Card,2725,2025-09-14 07:45:02.154432,0,0,0,0
9989,1157.06,Germany,Credit Card,4928,2025-09-22 17:42:02.154432,0,0,0,0
9990,401.88,UK,Crypto,6341,2025-09-18 02:13:02.154432,0,5,1,0
9991,295.7,Japan,UPI,1455,2025-10-10 11:44:02.154432,0,2,3,0
9992,332.86,USA,Wire,2382,2025-09-10 08:03:02.154432,0,6,4,0
9993,809.37,USA,Wire,6724,2025-10-14 15:15:02.154432,0,6,4,0
9994,519.09,UK,Wire,1557,2025-09-21 04:01:02.154432,0,5,4,0
9995,701.83,UK,Debit Card,7114,2025-09-24 03:59:02.154432,0,5,2,0
9996,905.08,Japan,Crypto,4990,2025-09-20 04:46:02.154432,0,2,1,0
9997,418.72,UK,Wire,2168,2025-09-27 19:55:02.154432,0,5,4,0
9998,985.63,Germany,Crypto,2367,2025-09-28 08:29:02.154432,0,0,1,0
9999,504.81,USA,UPI,9348,2025-10-14 04:45:02.154432,0,6,3,0
10000,336.96,Germany,UPI,5989,2025-10-17 01:35:02.154432,0,0,3,0
